grupo,cartao_numero,acao,coluna,pessoa_id,ocorrido_em
G01,1,add,DOCUMENTATION,G01-A13,2026-04-22T17:39:47.412Z
G01,1,add,SIZE G,G01-A13,2026-04-22T17:39:47.412Z
G01,1,add,Backlog,G01-A13,2026-04-22T17:40:46.797Z
G01,1,add,NEGÓCIOS,G01-A13,2026-04-22T17:49:21.492Z
G01,1,remove,Backlog,G01-A13,2026-04-22T17:49:52.195Z
G01,1,add,BUG,G01-A13,2026-04-23T17:50:23.417Z
G01,1,add,ART.01,G01-A16,2026-04-23T17:50:41.653Z
G01,1,remove,SIZE G,G01-A15,2026-05-02T03:01:35.256Z
G01,1,add,P,G01-A15,2026-05-02T03:01:41.360Z
G01,2,add,DOCUMENTATION,G01-A14,2026-04-22T17:39:50.859Z
G01,2,add,PP,G01-A14,2026-04-22T17:42:10.048Z
G01,2,add,P,G01-A14,2026-04-22T17:42:10.048Z
G01,2,add,M,G01-A14,2026-04-22T17:42:10.048Z
G01,2,add,G,G01-A14,2026-04-22T17:42:10.048Z
G01,2,remove,PP,G01-A14,2026-04-22T17:42:12.539Z
G01,2,remove,P,G01-A14,2026-04-22T17:42:13.705Z
G01,2,remove,M,G01-A14,2026-04-22T17:42:14.788Z
G01,2,remove,G,G01-A14,2026-04-22T17:42:16.119Z
G01,2,remove,DOCUMENTATION,G01-A14,2026-04-22T17:43:20.522Z
G01,2,add,DOCUMENTATION,G01-A14,2026-04-22T17:43:40.666Z
G01,2,add,Backlog,[externo],2026-04-22T17:53:03.363Z
G01,2,add,M,[externo],2026-04-22T17:53:15.071Z
G01,2,add,ART.01,G01-A16,2026-04-23T17:54:59.295Z
G01,2,add,Doing,[externo],2026-04-27T17:04:44.691Z
G01,2,remove,Backlog,[externo],2026-04-27T17:04:44.691Z
G01,2,add,Waiting Review,[externo],2026-04-27T17:13:51.068Z
G01,2,remove,Doing,[externo],2026-04-27T17:13:51.068Z
G01,2,add,Review,G01-A15,2026-04-27T17:30:16.167Z
G01,2,remove,Waiting Review,G01-A15,2026-04-27T17:30:16.167Z
G01,2,remove,Review,G01-A15,2026-04-27T18:37:54.128Z
G01,3,add,NEGÓCIOS,G01-A14,2026-04-22T17:46:17.460Z
G01,3,add,Backlog,G01-A13,2026-04-22T18:21:37.469Z
G01,3,add,Doing,G01-A13,2026-04-23T17:24:10.264Z
G01,3,remove,Backlog,G01-A13,2026-04-23T17:24:10.264Z
G01,3,add,ART.01,G01-A16,2026-04-23T17:50:22.973Z
G01,3,add,Waiting Review,G01-A13,2026-04-23T18:31:10.920Z
G01,3,remove,Doing,G01-A13,2026-04-23T18:31:10.920Z
G01,3,add,Review,G01-A15,2026-04-23T19:36:32.472Z
G01,3,remove,Waiting Review,G01-A15,2026-04-23T19:36:32.472Z
G01,3,remove,Review,G01-A15,2026-04-24T11:59:31.516Z
G01,3,add,M,G01-A15,2026-04-24T11:59:48.289Z
G01,4,add,NEGÓCIOS,G01-A14,2026-04-22T17:47:47.819Z
G01,4,add,ART.01,G01-A16,2026-04-23T17:35:50.940Z
G01,4,add,Backlog,G01-A23,2026-04-28T13:01:06.964Z
G01,4,add,Doing,G01-A23,2026-04-28T13:01:15.512Z
G01,4,remove,Backlog,G01-A23,2026-04-28T13:01:15.512Z
G01,4,add,Waiting Review,G01-A23,2026-04-28T13:01:17.715Z
G01,4,remove,Doing,G01-A23,2026-04-28T13:01:17.715Z
G01,4,add,Review,G01-A15,2026-04-30T01:39:00.392Z
G01,4,remove,Waiting Review,G01-A15,2026-04-30T01:39:00.392Z
G01,4,remove,Review,G01-A15,2026-05-02T01:50:21.392Z
G01,4,add,M,G01-A15,2026-05-02T03:02:24.363Z
G01,5,add,DOCUMENTATION,G01-A14,2026-04-22T17:49:00.486Z
G01,5,add,M,G01-A15,2026-05-02T14:24:21.733Z
G01,5,add,Doing,G01-A15,2026-05-02T14:24:24.375Z
G01,5,add,Waiting Review,G01-A15,2026-05-04T14:25:12.301Z
G01,5,remove,Doing,G01-A15,2026-05-04T14:25:12.301Z
G01,5,add,Review,G01-A15,2026-05-04T14:25:15.348Z
G01,5,remove,Waiting Review,G01-A15,2026-05-04T14:25:15.348Z
G01,5,remove,Review,G01-A15,2026-05-04T14:25:19.756Z
G01,6,add,NEGÓCIOS,G01-A14,2026-04-22T17:51:06.838Z
G01,6,add,ART.01,G01-A16,2026-04-23T17:36:04.205Z
G01,6,add,Backlog,G01-A17,2026-04-27T17:44:22.458Z
G01,6,add,Doing,G01-A17,2026-04-27T17:44:31.994Z
G01,6,remove,Backlog,G01-A17,2026-04-27T17:44:31.994Z
G01,6,add,M,G01-A17,2026-04-27T17:44:41.953Z
G01,6,add,DOCUMENTATION,G01-A17,2026-04-27T17:44:58.614Z
G01,6,add,Waiting Review,G01-A17,2026-04-27T19:36:16.269Z
G01,6,remove,Doing,G01-A17,2026-04-27T19:36:16.269Z
G01,6,add,Review,G01-A15,2026-04-30T01:38:58.870Z
G01,6,remove,Waiting Review,G01-A15,2026-04-30T01:38:58.870Z
G01,6,remove,Review,G01-A15,2026-05-02T01:50:15.721Z
G01,7,add,NEGÓCIOS,G01-A14,2026-04-22T17:52:04.925Z
G01,7,add,ART.01,G01-A16,2026-04-23T17:53:55.192Z
G01,7,add,Doing,G01-A14,2026-04-27T17:51:40.599Z
G01,7,add,M,G01-A14,2026-04-27T18:45:14.349Z
G01,7,add,Waiting Review,G01-A14,2026-04-27T20:54:04.922Z
G01,7,remove,Doing,G01-A14,2026-04-27T20:54:04.922Z
G01,7,add,Review,G01-A15,2026-04-30T01:38:51.568Z
G01,7,remove,Waiting Review,G01-A15,2026-04-30T01:38:51.568Z
G01,7,remove,Review,G01-A15,2026-05-02T02:56:10.900Z
G01,8,add,DESIGN,G01-A14,2026-04-23T17:30:30.881Z
G01,8,add,ART.02,G01-A16,2026-04-23T17:55:50.793Z
G01,8,add,Backlog,[externo],2026-04-28T12:26:11.423Z
G01,8,remove,Backlog,[externo],2026-04-28T12:26:29.195Z
G01,8,add,Backlog,[externo],2026-04-28T13:01:32.920Z
G01,8,add,M,[externo],2026-04-28T13:01:51.242Z
G01,8,add,Doing,[externo],2026-04-28T13:01:54.257Z
G01,8,remove,Backlog,[externo],2026-04-28T13:01:54.257Z
G01,8,add,Waiting Review,[externo],2026-04-28T13:47:32.495Z
G01,8,remove,Doing,[externo],2026-04-28T13:47:32.495Z
G01,8,add,Review,G01-A15,2026-04-30T01:39:04.719Z
G01,8,remove,Waiting Review,G01-A15,2026-04-30T01:39:04.719Z
G01,8,remove,Review,G01-A12,2026-05-01T23:43:53.038Z
G01,9,add,DESIGN,G01-A14,2026-04-23T17:30:20.910Z
G01,9,add,ART.02,G01-A16,2026-04-23T17:56:09.934Z
G01,9,add,Backlog,[externo],2026-04-28T13:04:05.069Z
G01,9,add,Doing,[externo],2026-04-28T17:21:32.393Z
G01,9,remove,Backlog,[externo],2026-04-28T17:21:32.393Z
G01,9,add,G,[externo],2026-04-28T17:51:04.969Z
G01,9,add,Waiting Review,[externo],2026-04-28T18:03:38.964Z
G01,9,remove,Doing,[externo],2026-04-28T18:03:38.964Z
G01,9,add,Review,G01-A15,2026-04-30T01:39:12.364Z
G01,9,remove,Waiting Review,G01-A15,2026-04-30T01:39:12.364Z
G01,9,remove,Review,G01-A12,2026-05-01T23:43:50.726Z
G01,10,add,DESIGN,G01-A14,2026-04-23T17:30:09.863Z
G01,10,add,ART.02,G01-A16,2026-04-23T17:56:20.575Z
G01,10,add,Backlog,G01-A15,2026-04-28T13:06:39.057Z
G01,10,add,Doing,G01-A12,2026-05-01T23:43:41.401Z
G01,10,remove,Backlog,G01-A12,2026-05-01T23:43:41.401Z
G01,10,add,Waiting Review,G01-A12,2026-05-01T23:43:43.866Z
G01,10,remove,Doing,G01-A12,2026-05-01T23:43:43.866Z
G01,10,add,Review,G01-A12,2026-05-01T23:43:47.111Z
G01,10,remove,Waiting Review,G01-A12,2026-05-01T23:43:47.111Z
G01,10,remove,Review,G01-A12,2026-05-01T23:43:49.448Z
G01,10,add,M,G01-A14,2026-05-02T03:02:08.944Z
G01,11,add,DESIGN,G01-A14,2026-04-23T17:29:13.243Z
G01,11,remove,DESIGN,G01-A14,2026-04-23T17:29:23.824Z
G01,11,add,CODE,G01-A14,2026-04-23T17:29:38.839Z
G01,11,add,ART.03,G01-A16,2026-04-23T17:56:48.766Z
G01,11,add,Backlog,G01-A16,2026-04-28T13:04:07.997Z
G01,11,add,Doing,G01-A15,2026-04-28T17:01:54.634Z
G01,11,remove,Backlog,G01-A15,2026-04-28T17:01:54.634Z
G01,11,add,Waiting Review,G01-A15,2026-04-29T18:12:22.617Z
G01,11,remove,Doing,G01-A15,2026-04-29T18:12:22.617Z
G01,11,add,Review,G01-A12,2026-05-01T19:42:07.615Z
G01,11,remove,Waiting Review,G01-A12,2026-05-01T19:42:07.615Z
G01,11,remove,Review,G01-A12,2026-05-01T23:43:03.393Z
G01,11,add,M,G01-A15,2026-05-02T03:00:41.806Z
G01,12,add,CODE,G01-A14,2026-04-23T17:29:03.168Z
G01,12,add,ART.03,G01-A16,2026-04-23T17:56:58.215Z
G01,12,add,Backlog,G01-A17,2026-04-28T13:06:42.386Z
G01,12,add,Doing,G01-A17,2026-04-28T17:01:28.566Z
G01,12,remove,Backlog,G01-A17,2026-04-28T17:01:28.566Z
G01,12,add,M,G01-A17,2026-04-28T17:01:37.398Z
G01,12,add,Waiting Review,G01-A17,2026-04-28T18:49:51.599Z
G01,12,remove,Doing,G01-A17,2026-04-28T18:49:51.599Z
G01,12,add,Review,G01-A15,2026-04-30T01:40:14.603Z
G01,12,remove,Waiting Review,G01-A15,2026-04-30T01:40:14.603Z
G01,12,remove,Review,G01-A15,2026-05-02T01:50:20.729Z
G01,13,add,CODE,G01-A14,2026-04-23T17:31:31.306Z
G01,13,add,ART.03,G01-A16,2026-04-23T17:57:10.089Z
G01,13,add,Backlog,G01-A16,2026-04-28T13:04:45.277Z
G01,13,add,Doing,G01-A16,2026-04-28T18:22:01.867Z
G01,13,remove,Backlog,G01-A16,2026-04-28T18:22:01.867Z
G01,13,add,Waiting Review,G01-A16,2026-04-28T18:56:26.922Z
G01,13,remove,Doing,G01-A16,2026-04-28T18:56:26.922Z
G01,13,add,Review,G01-A15,2026-04-30T01:39:13.976Z
G01,13,remove,Waiting Review,G01-A15,2026-04-30T01:39:13.976Z
G01,13,remove,Review,G01-A12,2026-05-01T23:43:05.271Z
G01,13,add,M,G01-A14,2026-05-02T03:01:56.208Z
G01,14,add,CODE,G01-A14,2026-04-23T17:33:09.185Z
G01,14,add,ART.03,G01-A16,2026-04-23T17:57:20.768Z
G01,14,add,Backlog,G01-A13,2026-04-28T13:07:19.576Z
G01,14,add,Doing,G01-A13,2026-04-28T17:45:43.931Z
G01,14,remove,Backlog,G01-A13,2026-04-28T17:45:43.931Z
G01,14,add,Waiting Review,G01-A13,2026-04-30T11:14:42.858Z
G01,14,remove,Doing,G01-A13,2026-04-30T11:14:42.858Z
G01,14,add,Review,G01-A12,2026-05-01T19:42:25.822Z
G01,14,remove,Waiting Review,G01-A12,2026-05-01T19:42:25.822Z
G01,14,remove,Review,G01-A12,2026-05-01T23:42:50.782Z
G01,14,add,M,G01-A14,2026-05-02T03:01:37.705Z
G01,15,add,Doing,G01-A23,2026-04-23T17:34:00.489Z
G01,15,add,P,G01-A23,2026-04-23T17:34:38.798Z
G01,15,add,NEGÓCIOS,G01-A23,2026-04-23T17:34:38.798Z
G01,15,add,ART.01,G01-A16,2026-04-23T17:35:29.872Z
G01,15,remove,NEGÓCIOS,G01-A16,2026-04-23T17:35:29.872Z
G01,15,remove,P,G01-A16,2026-04-23T17:35:29.872Z
G01,15,add,Waiting Review,G01-A23,2026-04-23T17:36:58.279Z
G01,15,remove,Doing,G01-A23,2026-04-23T17:36:58.279Z
G01,15,add,P,G01-A23,2026-04-23T18:40:45.818Z
G01,15,add,NEGÓCIOS,G01-A23,2026-04-23T18:40:45.818Z
G01,15,add,Review,G01-A15,2026-04-23T18:41:49.907Z
G01,15,remove,Waiting Review,G01-A15,2026-04-23T18:41:49.907Z
G01,15,remove,Review,G01-A15,2026-04-23T19:36:35.217Z
G01,16,add,CODE,G01-A14,2026-04-23T17:34:44.623Z
G01,16,add,ART.03,G01-A16,2026-04-23T17:57:30.324Z
G01,16,add,Backlog,G01-A14,2026-04-28T13:04:45.196Z
G01,16,add,Doing,G01-A14,2026-04-28T16:57:58.152Z
G01,16,remove,Backlog,G01-A14,2026-04-28T16:57:58.152Z
G01,16,add,M,G01-A14,2026-04-28T17:04:25.033Z
G01,16,add,Waiting Review,G01-A14,2026-04-29T11:37:13.104Z
G01,16,remove,Doing,G01-A14,2026-04-29T11:37:13.104Z
G01,16,add,Review,G01-A15,2026-04-30T01:39:08.669Z
G01,16,remove,Waiting Review,G01-A15,2026-04-30T01:39:08.669Z
G01,16,remove,Review,G01-A12,2026-05-01T23:43:51.825Z
G01,17,add,DOCUMENTATION,G01-A15,2026-04-23T18:36:03.027Z
G01,17,add,M,G01-A15,2026-04-23T18:36:19.755Z
G01,17,add,Doing,G01-A15,2026-04-23T18:37:49.171Z
G01,17,remove,DOCUMENTATION,G01-A15,2026-04-23T18:38:31.125Z
G01,17,add,DESIGN,G01-A15,2026-04-23T18:38:49.797Z
G01,17,add,Waiting Review,G01-A15,2026-04-23T19:36:23.642Z
G01,17,remove,Doing,G01-A15,2026-04-23T19:36:23.642Z
G01,17,add,ART.01,G01-A16,2026-04-24T12:01:44.854Z
G01,17,add,Review,G01-A12,2026-04-27T17:49:57.045Z
G01,17,remove,Waiting Review,G01-A12,2026-04-27T17:49:57.045Z
G01,17,remove,Review,G01-A14,2026-04-28T00:54:37.553Z
G01,18,add,NEGÓCIOS,G01-A14,2026-04-24T02:43:31.825Z
G01,18,add,ART.01,G01-A14,2026-04-24T02:43:31.825Z
G01,18,add,Doing,G01-A14,2026-04-28T01:21:15.232Z
G01,18,add,Waiting Review,G01-A14,2026-04-28T17:45:09.022Z
G01,18,remove,Doing,G01-A14,2026-04-28T17:45:09.022Z
G01,18,add,M,G01-A14,2026-04-28T17:45:21.526Z
G01,18,add,Review,G01-A15,2026-04-30T01:39:02.156Z
G01,18,remove,Waiting Review,G01-A15,2026-04-30T01:39:02.156Z
G01,18,remove,Review,G01-A15,2026-05-02T01:50:19.431Z
G01,19,add,DESIGN,G01-A14,2026-04-27T17:10:38.304Z
G01,19,add,CODE,G01-A14,2026-04-27T17:10:38.304Z
G01,19,add,Doing,G01-A14,2026-04-27T17:11:20.704Z
G01,19,add,Waiting Review,G01-A14,2026-04-27T17:41:36.994Z
G01,19,remove,Doing,G01-A14,2026-04-27T17:41:36.994Z
G01,19,add,P,G01-A14,2026-04-27T17:44:11.683Z
G01,19,add,Review,G01-A15,2026-04-30T01:39:03.329Z
G01,19,remove,Waiting Review,G01-A15,2026-04-30T01:39:03.329Z
G01,19,remove,Review,G01-A15,2026-05-02T01:50:16.562Z
G01,20,add,DOCUMENTATION,G01-A15,2026-04-27T17:18:29.989Z
G01,20,add,M,G01-A15,2026-04-27T17:18:29.989Z
G01,20,add,Doing,G01-A15,2026-04-27T17:18:45.301Z
G01,20,add,Waiting Review,G01-A15,2026-04-27T18:37:46.748Z
G01,20,remove,Doing,G01-A15,2026-04-27T18:37:46.748Z
G01,20,add,Review,G01-A14,2026-04-28T16:52:47.112Z
G01,20,remove,Waiting Review,G01-A14,2026-04-28T16:52:47.112Z
G01,20,remove,Review,G01-A14,2026-04-29T11:37:28.172Z
G01,20,add,ART.01,G01-A15,2026-04-30T01:39:57.938Z
G01,21,add,DOCUMENTATION,G01-A12,2026-04-27T17:19:28.699Z
G01,21,add,DESIGN,G01-A12,2026-04-27T17:19:28.699Z
G01,21,add,NEGÓCIOS,G01-A12,2026-04-27T17:19:28.699Z
G01,21,add,ART.01,G01-A12,2026-04-27T17:19:28.699Z
G01,21,add,M,G01-A12,2026-04-27T17:19:46.315Z
G01,21,add,Backlog,G01-A12,2026-04-27T17:20:12.133Z
G01,21,add,Doing,G01-A12,2026-04-27T17:20:14.638Z
G01,21,remove,Backlog,G01-A12,2026-04-27T17:20:14.638Z
G01,21,add,Waiting Review,G01-A12,2026-04-27T18:40:26.736Z
G01,21,remove,Doing,G01-A12,2026-04-27T18:40:26.736Z
G01,21,add,Review,G01-A15,2026-04-30T01:38:46.727Z
G01,21,remove,Waiting Review,G01-A15,2026-04-30T01:38:46.727Z
G01,21,remove,Review,G01-A14,2026-05-02T01:51:32.245Z
G01,22,add,DOCUMENTATION,G01-A12,2026-04-27T17:22:46.817Z
G01,22,add,M,G01-A12,2026-04-27T17:22:46.817Z
G01,22,add,NEGÓCIOS,G01-A12,2026-04-27T17:22:46.817Z
G01,22,add,ART.01,G01-A12,2026-04-27T17:22:46.817Z
G01,22,add,Backlog,G01-A12,2026-04-27T17:23:01.734Z
G01,22,add,Doing,G01-A12,2026-04-27T17:23:03.915Z
G01,22,remove,Backlog,G01-A12,2026-04-27T17:23:03.915Z
G01,22,add,Waiting Review,G01-A12,2026-04-27T18:40:24.401Z
G01,22,remove,Doing,G01-A12,2026-04-27T18:40:24.401Z
G01,22,add,Review,G01-A15,2026-04-30T01:38:48.466Z
G01,22,remove,Waiting Review,G01-A15,2026-04-30T01:38:48.466Z
G01,22,remove,Review,G01-A14,2026-05-02T01:51:29.285Z
G01,23,add,DOCUMENTATION,G01-A14,2026-04-27T17:45:30.972Z
G01,23,add,NEGÓCIOS,G01-A14,2026-04-27T17:45:30.972Z
G01,23,add,ART.01,G01-A14,2026-04-27T17:45:30.972Z
G01,23,add,DESIGN,G01-A16,2026-04-27T17:48:36.109Z
G01,23,remove,DOCUMENTATION,G01-A16,2026-04-27T17:48:36.109Z
G01,23,remove,NEGÓCIOS,G01-A16,2026-04-27T17:48:38.784Z
G01,23,add,Doing,G01-A16,2026-04-27T17:49:30.222Z
G01,23,add,Waiting Review,G01-A16,2026-04-28T00:21:57.722Z
G01,23,remove,Doing,G01-A16,2026-04-28T00:21:57.722Z
G01,23,add,Review,G01-A14,2026-04-28T00:54:47.523Z
G01,23,remove,Waiting Review,G01-A14,2026-04-28T00:54:47.523Z
G01,23,remove,Review,G01-A14,2026-04-28T16:52:33.455Z
G01,23,add,M,G01-A14,2026-05-02T03:01:27.196Z
G01,24,add,ART.01,G01-A16,2026-04-27T17:47:45.933Z
G01,24,add,DOCUMENTATION,G01-A16,2026-04-27T17:47:45.933Z
G01,24,add,NEGÓCIOS,G01-A16,2026-04-27T17:47:45.933Z
G01,24,add,Backlog,G01-A13,2026-04-27T17:51:38.917Z
G01,24,add,G,G01-A13,2026-04-27T17:52:26.471Z
G01,24,add,Doing,G01-A13,2026-04-27T17:52:59.379Z
G01,24,remove,Backlog,G01-A13,2026-04-27T17:52:59.379Z
G01,24,add,Waiting Review,G01-A13,2026-04-28T11:37:56.213Z
G01,24,remove,Doing,G01-A13,2026-04-28T11:37:56.213Z
G01,24,add,Review,G01-A15,2026-04-30T01:39:07.475Z
G01,24,remove,Waiting Review,G01-A15,2026-04-30T01:39:07.475Z
G01,24,remove,Review,G01-A15,2026-05-02T01:50:14.806Z
G01,25,add,DOCUMENTATION,G01-A12,2026-04-28T02:32:15.819Z
G01,25,add,M,G01-A12,2026-04-28T02:32:15.819Z
G01,25,add,NEGÓCIOS,G01-A12,2026-04-28T02:32:15.819Z
G01,25,add,ART.01,G01-A12,2026-04-28T02:32:15.819Z
G01,25,add,Backlog,G01-A12,2026-04-28T02:32:26.917Z
G01,25,add,Doing,G01-A12,2026-04-28T02:32:28.728Z
G01,25,remove,Backlog,G01-A12,2026-04-28T02:32:28.728Z
G01,25,remove,NEGÓCIOS,G01-A12,2026-04-28T02:33:33.977Z
G01,25,add,NEGÓCIOS,G01-A12,2026-04-28T02:33:45.600Z
G01,25,remove,NEGÓCIOS,G01-A12,2026-04-28T02:33:55.350Z
G01,25,add,DESIGN,G01-A12,2026-04-28T02:34:01.510Z
G01,25,add,Waiting Review,G01-A12,2026-04-29T13:04:14.100Z
G01,25,remove,Doing,G01-A12,2026-04-29T13:04:14.100Z
G01,25,add,Review,G01-A15,2026-05-02T01:50:27.166Z
G01,25,remove,Waiting Review,G01-A15,2026-05-02T01:50:27.166Z
G01,25,remove,Review,G01-A14,2026-05-02T01:51:41.895Z
G01,26,add,DOCUMENTATION,G01-A12,2026-04-28T02:33:15.292Z
G01,26,add,DESIGN,G01-A12,2026-04-28T02:33:15.292Z
G01,26,add,G,G01-A12,2026-04-28T02:33:15.292Z
G01,26,add,NEGÓCIOS,G01-A12,2026-04-28T02:33:15.292Z
G01,26,add,ART.01,G01-A12,2026-04-28T02:33:15.292Z
G01,26,remove,NEGÓCIOS,G01-A12,2026-04-28T02:33:24.851Z
G01,26,add,Backlog,G01-A12,2026-04-28T02:34:04.289Z
G01,26,add,Doing,G01-A12,2026-04-28T02:34:06.395Z
G01,26,remove,Backlog,G01-A12,2026-04-28T02:34:06.395Z
G01,26,add,Waiting Review,G01-A12,2026-04-29T13:04:11.829Z
G01,26,remove,Doing,G01-A12,2026-04-29T13:04:11.829Z
G01,26,add,Review,G01-A15,2026-04-30T01:40:23.553Z
G01,26,remove,Waiting Review,G01-A15,2026-04-30T01:40:23.553Z
G01,26,remove,Review,G01-A15,2026-05-02T01:50:17.938Z
G01,27,add,DOCUMENTATION,G01-A15,2026-04-28T17:01:21.178Z
G01,27,add,DESIGN,G01-A15,2026-04-28T17:01:21.178Z
G01,27,add,P,G01-A15,2026-04-28T17:01:21.178Z
G01,27,add,NEGÓCIOS,G01-A15,2026-04-28T17:01:21.178Z
G01,27,add,ART.01,G01-A15,2026-04-28T17:01:21.178Z
G01,27,add,Doing,G01-A15,2026-04-28T17:01:26.330Z
G01,27,add,Waiting Review,G01-A15,2026-04-28T18:00:37.082Z
G01,27,remove,Doing,G01-A15,2026-04-28T18:00:37.082Z
G01,27,add,Review,G01-A12,2026-05-01T19:42:10.654Z
G01,27,remove,Waiting Review,G01-A12,2026-05-01T19:42:10.654Z
G01,27,remove,Review,G01-A12,2026-05-01T23:43:01.165Z
G01,28,add,Backlog,G01-A12,2026-04-28T18:06:30.711Z
G01,28,add,DOCUMENTATION,G01-A12,2026-04-28T18:06:50.872Z
G01,28,add,DESIGN,G01-A12,2026-04-28T18:06:50.872Z
G01,28,add,ART.01,G01-A12,2026-04-28T18:06:50.872Z
G01,28,add,M,G01-A12,2026-04-28T18:07:08.911Z
G01,28,add,Doing,G01-A12,2026-04-28T18:07:16.474Z
G01,28,remove,Backlog,G01-A12,2026-04-28T18:07:16.474Z
G01,28,add,Waiting Review,G01-A12,2026-04-29T13:04:08.282Z
G01,28,remove,Doing,G01-A12,2026-04-29T13:04:08.282Z
G01,28,add,Review,G01-A15,2026-05-02T01:50:27.921Z
G01,28,remove,Waiting Review,G01-A15,2026-05-02T01:50:27.921Z
G01,28,remove,Review,G01-A14,2026-05-02T01:51:40.608Z
G01,29,add,DOCUMENTATION,G01-A17,2026-04-28T18:51:08.309Z
G01,29,add,CODE,G01-A17,2026-04-28T18:51:08.309Z
G01,29,add,ART.03,G01-A17,2026-04-28T18:51:29.481Z
G01,29,add,Doing,G01-A15,2026-05-02T02:56:24.333Z
G01,29,add,Waiting Review,G01-A15,2026-05-02T03:00:11.540Z
G01,29,remove,Doing,G01-A15,2026-05-02T03:00:11.540Z
G01,29,add,Review,G01-A14,2026-05-02T03:00:35.708Z
G01,29,remove,Waiting Review,G01-A14,2026-05-02T03:00:35.708Z
G01,29,add,M,G01-A15,2026-05-02T03:02:59.312Z
G01,29,remove,Review,G01-A14,2026-05-04T13:36:20.133Z
G01,30,add,DOCUMENTATION,G01-A14,2026-04-29T17:04:08.574Z
G01,30,add,CODE,G01-A14,2026-04-29T17:04:08.574Z
G01,30,add,ART.03,G01-A14,2026-04-29T17:04:08.574Z
G01,30,add,Doing,G01-A14,2026-04-29T17:04:26.302Z
G01,30,add,Waiting Review,G01-A14,2026-04-29T18:54:21.157Z
G01,30,remove,Doing,G01-A14,2026-04-29T18:54:21.157Z
G01,30,add,M,G01-A14,2026-04-30T02:44:31.833Z
G01,30,add,Review,G01-A12,2026-05-01T19:42:20.769Z
G01,30,remove,Waiting Review,G01-A12,2026-05-01T19:42:20.769Z
G01,30,remove,Review,G01-A12,2026-05-01T23:42:58.402Z
G01,31,add,DOCUMENTATION,[externo],2026-04-29T17:11:16.978Z
G01,31,add,DESIGN,[externo],2026-04-29T17:11:16.978Z
G01,31,add,M,[externo],2026-04-29T17:11:16.978Z
G01,31,add,ART.02,[externo],2026-04-29T17:11:16.978Z
G01,31,add,Backlog,[externo],2026-04-29T17:11:37.779Z
G01,31,add,Doing,[externo],2026-04-29T17:24:50.822Z
G01,31,remove,Backlog,[externo],2026-04-29T17:24:50.822Z
G01,31,add,Waiting Review,[externo],2026-04-29T20:58:20.409Z
G01,31,remove,Doing,[externo],2026-04-29T20:58:20.409Z
G01,31,add,Review,G01-A15,2026-04-30T01:40:20.597Z
G01,31,remove,Waiting Review,G01-A15,2026-04-30T01:40:20.597Z
G01,31,remove,Review,G01-A15,2026-05-02T01:50:18.693Z
G01,32,add,DOCUMENTATION,G01-A17,2026-04-29T17:12:39.551Z
G01,32,add,P,G01-A17,2026-04-29T17:12:46.679Z
G01,32,add,Backlog,G01-A17,2026-04-29T17:12:55.433Z
G01,32,add,Doing,G01-A17,2026-04-29T17:12:56.871Z
G01,32,remove,Backlog,G01-A17,2026-04-29T17:12:56.871Z
G01,32,add,Waiting Review,G01-A17,2026-04-29T17:52:41.999Z
G01,32,remove,Doing,G01-A17,2026-04-29T17:52:41.999Z
G01,32,add,Review,G01-A15,2026-04-30T01:40:22.141Z
G01,32,remove,Waiting Review,G01-A15,2026-04-30T01:40:22.141Z
G01,32,remove,Review,G01-A15,2026-05-02T01:50:17.193Z
G01,33,add,DOCUMENTATION,G01-A17,2026-04-29T17:41:02.402Z
G01,33,add,P,G01-A17,2026-04-29T17:41:02.402Z
G01,33,add,Backlog,G01-A17,2026-04-29T17:52:28.632Z
G01,33,add,Doing,G01-A17,2026-04-29T17:52:37.584Z
G01,33,remove,Backlog,G01-A17,2026-04-29T17:52:37.584Z
G01,33,add,Waiting Review,G01-A17,2026-04-29T18:16:28.603Z
G01,33,remove,Doing,G01-A17,2026-04-29T18:16:28.603Z
G01,33,add,Review,G01-A15,2026-04-30T01:40:18.883Z
G01,33,remove,Waiting Review,G01-A15,2026-04-30T01:40:18.883Z
G01,33,remove,Review,G01-A15,2026-05-02T01:50:20.054Z
G01,34,add,DOCUMENTATION,G01-A14,2026-04-30T01:31:51.658Z
G01,34,add,CODE,G01-A14,2026-04-30T01:31:51.658Z
G01,34,add,ART.03,G01-A14,2026-04-30T01:31:51.658Z
G01,34,add,Doing,G01-A14,2026-04-30T01:31:58.503Z
G01,34,add,Waiting Review,G01-A14,2026-04-30T02:44:13.206Z
G01,34,remove,Doing,G01-A14,2026-04-30T02:44:13.206Z
G01,34,add,M,G01-A14,2026-04-30T02:44:22.532Z
G01,34,add,Review,G01-A12,2026-05-01T19:42:22.350Z
G01,34,remove,Waiting Review,G01-A12,2026-05-01T19:42:22.350Z
G01,34,remove,Review,G01-A12,2026-05-01T23:42:57.001Z
G01,35,add,DOCUMENTATION,G01-A15,2026-04-30T01:38:23.847Z
G01,35,add,M,G01-A15,2026-04-30T01:38:23.847Z
G01,35,add,Doing,G01-A15,2026-04-30T01:38:32.545Z
G01,35,add,Waiting Review,G01-A12,2026-05-01T23:42:40.340Z
G01,35,remove,Doing,G01-A12,2026-05-01T23:42:40.340Z
G01,35,add,Review,G01-A12,2026-05-01T23:42:47.790Z
G01,35,remove,Waiting Review,G01-A12,2026-05-01T23:42:47.790Z
G01,35,remove,Review,G01-A12,2026-05-01T23:42:49.596Z
G01,36,add,ART.01,G01-A12,2026-04-30T05:41:20.877Z
G01,36,add,ART.02,G01-A12,2026-04-30T05:41:20.877Z
G01,36,add,ART.03,G01-A12,2026-04-30T05:41:20.877Z
G01,36,add,DOCUMENTATION,G01-A12,2026-04-30T05:41:42.965Z
G01,36,add,Backlog,G01-A12,2026-04-30T05:41:55.117Z
G01,36,add,Doing,G01-A12,2026-04-30T05:41:58.518Z
G01,36,remove,Backlog,G01-A12,2026-04-30T05:41:58.518Z
G01,36,add,Waiting Review,G01-A12,2026-05-01T23:43:11.417Z
G01,36,remove,Doing,G01-A12,2026-05-01T23:43:11.417Z
G01,36,add,Review,G01-A15,2026-05-02T01:50:25.596Z
G01,36,remove,Waiting Review,G01-A15,2026-05-02T01:50:25.596Z
G01,36,remove,Review,G01-A14,2026-05-02T01:51:36.423Z
G01,36,add,P,G01-A15,2026-05-02T03:02:36.013Z
G01,37,add,DOCUMENTATION,G01-A14,2026-04-30T05:43:42.569Z
G01,37,add,CODE,G01-A14,2026-04-30T05:43:42.569Z
G01,37,add,G,G01-A14,2026-04-30T05:43:42.569Z
G01,37,add,ART.03,G01-A14,2026-04-30T05:43:42.569Z
G01,37,add,Doing,G01-A14,2026-04-30T05:43:52.366Z
G01,37,add,Waiting Review,G01-A14,2026-04-30T10:11:35.597Z
G01,37,remove,Doing,G01-A14,2026-04-30T10:11:35.597Z
G01,37,add,Review,G01-A12,2026-05-01T19:42:16.054Z
G01,37,remove,Waiting Review,G01-A12,2026-05-01T19:42:16.054Z
G01,37,remove,Review,G01-A12,2026-05-01T23:43:00.248Z
G01,38,add,Backlog,G01-A14,2026-04-30T10:12:41.231Z
G01,38,add,DOCUMENTATION,G01-A14,2026-04-30T10:12:58.254Z
G01,38,add,CODE,G01-A14,2026-04-30T10:12:58.254Z
G01,38,add,ART.03,G01-A14,2026-04-30T10:12:58.254Z
G01,38,add,M,G01-A12,2026-04-30T10:20:16.506Z
G01,38,add,Doing,G01-A12,2026-04-30T10:20:28.698Z
G01,38,remove,Backlog,G01-A12,2026-04-30T10:20:28.698Z
G01,38,add,Waiting Review,G01-A12,2026-05-01T17:22:59.516Z
G01,38,remove,Doing,G01-A12,2026-05-01T17:22:59.516Z
G01,38,add,Review,G01-A15,2026-05-02T01:50:26.317Z
G01,38,remove,Waiting Review,G01-A15,2026-05-02T01:50:26.317Z
G01,38,remove,Review,G01-A14,2026-05-02T01:51:38.100Z
G01,39,add,DOCUMENTATION,G01-A14,2026-04-30T16:27:58.541Z
G01,39,add,CODE,G01-A14,2026-04-30T16:27:58.541Z
G01,39,add,ART.03,G01-A14,2026-04-30T16:27:58.541Z
G01,39,add,Doing,G01-A14,2026-04-30T16:28:05.335Z
G01,39,add,G,G01-A14,2026-04-30T16:28:23.945Z
G01,39,add,Waiting Review,G01-A14,2026-05-02T01:51:21.431Z
G01,39,remove,Doing,G01-A14,2026-05-02T01:51:21.431Z
G01,39,add,Review,G01-A15,2026-05-02T02:56:15.965Z
G01,39,remove,Waiting Review,G01-A15,2026-05-02T02:56:15.965Z
G01,39,remove,Review,G01-A15,2026-05-02T03:00:15.428Z
G01,40,add,DOCUMENTATION,G01-A12,2026-05-01T17:23:57.270Z
G01,40,add,G,G01-A12,2026-05-01T17:23:57.270Z
G01,40,add,ART.03,G01-A12,2026-05-01T17:23:57.270Z
G01,40,add,Backlog,G01-A12,2026-05-01T17:24:10.406Z
G01,40,add,Doing,G01-A12,2026-05-01T17:24:12.876Z
G01,40,remove,Backlog,G01-A12,2026-05-01T17:24:12.876Z
G01,40,add,Waiting Review,G01-A12,2026-05-01T23:43:12.774Z
G01,40,remove,Doing,G01-A12,2026-05-01T23:43:12.774Z
G01,40,add,Review,G01-A15,2026-05-02T01:50:24.723Z
G01,40,remove,Waiting Review,G01-A15,2026-05-02T01:50:24.723Z
G01,40,remove,Review,G01-A14,2026-05-02T01:51:34.274Z
G01,41,add,DOCUMENTATION,G01-A12,2026-05-01T20:20:28.229Z
G01,41,add,M,G01-A12,2026-05-01T20:20:28.229Z
G01,41,add,ART.01,G01-A12,2026-05-01T20:20:28.229Z
G01,41,add,ART.02,G01-A12,2026-05-01T20:20:28.229Z
G01,41,add,ART.03,G01-A12,2026-05-01T20:20:28.229Z
G01,41,add,Backlog,G01-A12,2026-05-01T20:20:39.053Z
G01,41,add,Doing,G01-A12,2026-05-01T20:20:40.734Z
G01,41,remove,Backlog,G01-A12,2026-05-01T20:20:40.734Z
G01,41,add,Waiting Review,G01-A12,2026-05-01T23:43:14.105Z
G01,41,remove,Doing,G01-A12,2026-05-01T23:43:14.105Z
G01,41,add,Review,G01-A15,2026-05-02T01:50:23.910Z
G01,41,remove,Waiting Review,G01-A15,2026-05-02T01:50:23.910Z
G01,41,remove,Review,G01-A14,2026-05-02T01:51:39.524Z
G01,42,add,DOCUMENTATION,G01-A15,2026-05-02T01:49:44.488Z
G01,42,add,NEGÓCIOS,G01-A15,2026-05-02T01:49:44.488Z
G01,42,add,ART.02,G01-A15,2026-05-02T01:49:44.488Z
G01,42,add,Doing,G01-A15,2026-05-02T01:49:47.896Z
G01,42,add,DESIGN,G01-A15,2026-05-02T01:50:04.942Z
G01,42,remove,NEGÓCIOS,G01-A15,2026-05-02T01:50:06.551Z
G01,42,add,Waiting Review,G01-A15,2026-05-02T02:48:14.999Z
G01,42,remove,Doing,G01-A15,2026-05-02T02:48:14.999Z
G01,42,add,Review,G01-A14,2026-05-02T03:00:33.326Z
G01,42,remove,Waiting Review,G01-A14,2026-05-02T03:00:33.326Z
G01,42,add,P,G01-A15,2026-05-02T03:00:49.343Z
G01,42,remove,Review,G01-A14,2026-05-02T03:02:48.623Z
G01,43,add,Review,G01-A15,2026-05-02T02:55:37.007Z
G01,43,add,DOCUMENTATION,G01-A15,2026-05-02T02:55:37.007Z
G01,43,add,Doing,G01-A15,2026-05-02T02:55:51.164Z
G01,43,remove,Review,G01-A15,2026-05-02T02:55:51.164Z
G01,43,add,ART.01,G01-A15,2026-05-02T02:56:02.641Z
G01,43,add,Waiting Review,G01-A15,2026-05-02T03:00:10.287Z
G01,43,remove,Doing,G01-A15,2026-05-02T03:00:10.287Z
G01,43,add,Review,G01-A14,2026-05-02T03:00:37.277Z
G01,43,remove,Waiting Review,G01-A14,2026-05-02T03:00:37.277Z
G01,43,add,P,G01-A15,2026-05-02T03:02:51.762Z
G01,43,remove,Review,G01-A14,2026-05-04T13:36:16.937Z
G01,44,add,DESIGN,G01-A14,2026-05-04T14:13:33.971Z
G01,44,add,ART.04,G01-A14,2026-05-04T14:13:33.971Z
G01,44,add,P1,G01-A14,2026-05-04T14:22:40.307Z
G01,44,add,CODE,G01-A14,2026-05-04T14:30:30.427Z
G01,44,remove,DESIGN,G01-A14,2026-05-04T14:30:30.427Z
G01,44,add,Backlog,G01-A17,2026-05-04T17:28:18.208Z
G01,44,add,Doing,G01-A17,2026-05-07T17:43:57.416Z
G01,44,remove,Backlog,G01-A17,2026-05-07T17:43:57.416Z
G01,44,add,Waiting Review,G01-A17,2026-05-08T15:16:02.362Z
G01,44,remove,Doing,G01-A17,2026-05-08T15:16:02.362Z
G01,44,add,Review,G01-A15,2026-05-11T14:40:04.203Z
G01,44,remove,Waiting Review,G01-A15,2026-05-11T14:40:04.203Z
G01,44,remove,P1,G01-A15,2026-05-11T14:43:10.761Z
G01,44,remove,Review,G01-A15,2026-05-11T17:05:01.701Z
G01,44,add,P,G01-A15,2026-05-14T00:34:06.514Z
G01,45,add,DESIGN,G01-A14,2026-05-04T14:14:32.723Z
G01,45,add,ART.04,G01-A14,2026-05-04T14:14:32.723Z
G01,45,add,P1,G01-A14,2026-05-04T14:17:27.825Z
G01,45,remove,DESIGN,G01-A14,2026-05-04T14:29:51.038Z
G01,45,add,CODE,G01-A14,2026-05-04T14:29:57.139Z
G01,45,add,Backlog,G01-A17,2026-05-04T17:28:15.751Z
G01,45,add,Doing,G01-A17,2026-05-11T19:47:21.575Z
G01,45,remove,Backlog,G01-A17,2026-05-11T19:47:21.575Z
G01,45,add,Waiting Review,G01-A17,2026-05-12T14:29:23.231Z
G01,45,remove,Doing,G01-A17,2026-05-12T14:29:23.231Z
G01,45,add,Review,G01-A13,2026-05-12T18:19:33.819Z
G01,45,remove,Waiting Review,G01-A13,2026-05-12T18:19:33.819Z
G01,45,remove,Review,G01-A13,2026-05-12T18:39:20.854Z
G01,45,remove,P1,G01-A15,2026-05-14T00:33:48.938Z
G01,45,add,M,G01-A15,2026-05-14T00:33:52.682Z
G01,46,add,DESIGN,G01-A14,2026-05-04T14:16:11.507Z
G01,46,add,ART.04,G01-A14,2026-05-04T14:16:11.507Z
G01,46,add,P1,G01-A14,2026-05-04T14:17:17.269Z
G01,46,add,CODE,G01-A14,2026-05-04T14:30:13.598Z
G01,46,remove,DESIGN,G01-A14,2026-05-04T14:30:13.598Z
G01,46,add,Backlog,G01-A17,2026-05-04T17:28:17.114Z
G01,46,add,Doing,G01-A17,2026-05-07T17:45:16.750Z
G01,46,remove,Backlog,G01-A17,2026-05-07T17:45:16.750Z
G01,46,add,Waiting Review,G01-A17,2026-05-08T15:16:43.756Z
G01,46,remove,Doing,G01-A17,2026-05-08T15:16:43.756Z
G01,46,add,Review,G01-A15,2026-05-11T14:40:02.249Z
G01,46,remove,Waiting Review,G01-A15,2026-05-11T14:40:02.249Z
G01,46,remove,Review,G01-A15,2026-05-11T17:05:00.379Z
G01,47,add,DESIGN,G01-A14,2026-05-04T14:23:28.551Z
G01,47,add,ART.04,G01-A14,2026-05-04T14:23:28.551Z
G01,47,add,P1,G01-A14,2026-05-04T14:23:28.551Z
G01,47,remove,DESIGN,G01-A14,2026-05-04T14:29:41.568Z
G01,47,add,CODE,G01-A14,2026-05-04T14:29:46.868Z
G01,47,add,Backlog,G01-A17,2026-05-04T17:28:13.975Z
G01,47,add,Doing,G01-A17,2026-05-07T17:45:14.806Z
G01,47,remove,Backlog,G01-A17,2026-05-07T17:45:14.806Z
G01,47,add,Waiting Review,G01-A17,2026-05-08T15:16:10.043Z
G01,47,remove,Doing,G01-A17,2026-05-08T15:16:10.043Z
G01,47,add,Review,G01-A15,2026-05-11T14:40:03.279Z
G01,47,remove,Waiting Review,G01-A15,2026-05-11T14:40:03.279Z
G01,47,remove,Review,G01-A15,2026-05-11T17:05:03.360Z
G01,47,remove,P1,G01-A15,2026-05-14T00:33:56.503Z
G01,47,add,M,G01-A15,2026-05-14T00:34:00.001Z
G01,48,add,DESIGN,G01-A14,2026-05-04T14:24:25.143Z
G01,48,add,ART.04,G01-A14,2026-05-04T14:24:25.143Z
G01,48,add,P1,G01-A14,2026-05-04T14:24:25.143Z
G01,48,remove,DESIGN,G01-A14,2026-05-04T14:29:02.745Z
G01,48,add,CODE,G01-A14,2026-05-04T14:29:14.985Z
G01,48,add,Backlog,G01-A17,2026-05-04T17:28:12.489Z
G01,48,add,Doing,G01-A17,2026-05-11T19:47:20.372Z
G01,48,remove,Backlog,G01-A17,2026-05-11T19:47:20.372Z
G01,48,add,Waiting Review,G01-A17,2026-05-12T14:29:21.470Z
G01,48,remove,Doing,G01-A17,2026-05-12T14:29:21.470Z
G01,48,add,Review,G01-A13,2026-05-12T18:17:49.487Z
G01,48,remove,Waiting Review,G01-A13,2026-05-12T18:17:49.487Z
G01,48,remove,Review,G01-A13,2026-05-12T18:39:39.879Z
G01,48,remove,P1,G01-A15,2026-05-14T00:33:29.808Z
G01,48,add,PP,G01-A15,2026-05-14T00:33:33.854Z
G01,49,add,DESIGN,G01-A14,2026-05-04T14:27:21.446Z
G01,49,add,ART.04,G01-A14,2026-05-04T14:27:21.446Z
G01,49,add,P1,G01-A14,2026-05-04T14:27:21.446Z
G01,49,remove,DESIGN,G01-A14,2026-05-04T14:28:51.589Z
G01,49,add,CODE,G01-A14,2026-05-04T14:28:57.529Z
G01,49,add,Backlog,G01-A17,2026-05-04T17:28:11.354Z
G01,49,add,Doing,G01-A17,2026-05-11T19:47:19.408Z
G01,49,remove,Backlog,G01-A17,2026-05-11T19:47:19.408Z
G01,49,add,Waiting Review,G01-A17,2026-05-12T14:29:20.678Z
G01,49,remove,Doing,G01-A17,2026-05-12T14:29:20.678Z
G01,49,add,Review,G01-A13,2026-05-12T18:19:24.521Z
G01,49,remove,Waiting Review,G01-A13,2026-05-12T18:19:24.521Z
G01,49,remove,Review,G01-A13,2026-05-12T18:39:28.334Z
G01,49,remove,P1,G01-A15,2026-05-14T00:33:40.182Z
G01,49,add,PP,G01-A15,2026-05-14T00:33:44.143Z
G01,50,add,ART.04,G01-A16,2026-05-04T14:27:41.779Z
G01,50,add,DESIGN,G01-A16,2026-05-04T14:27:41.779Z
G01,50,add,P1,G01-A16,2026-05-04T14:27:41.779Z
G01,50,remove,P1,G01-A16,2026-05-04T14:33:18.540Z
G01,50,add,P7,G01-A16,2026-05-04T14:33:29.746Z
G01,50,add,Backlog,G01-A16,2026-05-04T14:35:52.024Z
G01,50,remove,ART.04,G01-A16,2026-05-04T14:36:11.470Z
G01,50,add,ART.03,G01-A16,2026-05-04T14:36:21.129Z
G01,50,add,Doing,G01-A16,2026-05-06T17:21:28.137Z
G01,50,remove,Backlog,G01-A16,2026-05-06T17:21:28.137Z
G01,50,add,Waiting Review,G01-A16,2026-05-06T18:07:32.022Z
G01,50,remove,Doing,G01-A16,2026-05-06T18:07:32.022Z
G01,50,add,Review,G01-A15,2026-05-08T13:24:18.618Z
G01,50,remove,Waiting Review,G01-A15,2026-05-08T13:24:18.618Z
G01,50,remove,Review,G01-A15,2026-05-11T14:39:14.156Z
G01,51,add,CODE,G01-A14,2026-05-04T14:28:42.870Z
G01,51,add,ART.04,G01-A14,2026-05-04T14:28:42.870Z
G01,51,add,P1,G01-A14,2026-05-04T14:28:42.870Z
G01,51,add,Backlog,G01-A17,2026-05-04T17:28:10.431Z
G01,51,add,Doing,G01-A17,2026-05-11T19:47:23.493Z
G01,51,remove,Backlog,G01-A17,2026-05-11T19:47:23.493Z
G01,51,add,Waiting Review,G01-A17,2026-05-12T14:29:22.401Z
G01,51,remove,Doing,G01-A17,2026-05-12T14:29:22.401Z
G01,51,add,Review,G01-A15,2026-05-13T20:52:01.487Z
G01,51,remove,Waiting Review,G01-A15,2026-05-13T20:52:01.487Z
G01,51,remove,Review,G01-A15,2026-05-14T00:32:32.600Z
G01,51,remove,P1,G01-A15,2026-05-14T00:32:48.135Z
G01,51,add,P,G01-A15,2026-05-14T00:32:54.089Z
G01,52,add,CODE,G01-A14,2026-05-04T14:31:20.692Z
G01,52,add,ART.04,G01-A14,2026-05-04T14:31:20.692Z
G01,52,add,P2,G01-A14,2026-05-04T14:31:20.692Z
G01,52,remove,P2,G01-A15,2026-05-04T14:35:08.574Z
G01,52,add,Backlog,G01-A14,2026-05-04T17:28:30.221Z
G01,52,add,Doing,G01-A15,2026-05-05T17:22:01.377Z
G01,52,remove,Backlog,G01-A15,2026-05-05T17:22:01.377Z
G01,52,add,M,G01-A15,2026-05-05T17:25:38.358Z
G01,52,add,Waiting Review,G01-A15,2026-05-05T18:11:34.144Z
G01,52,remove,Doing,G01-A15,2026-05-05T18:11:34.144Z
G01,52,add,Review,G01-A13,2026-05-07T18:22:55.214Z
G01,52,remove,Waiting Review,G01-A13,2026-05-07T18:22:55.214Z
G01,52,remove,Review,G01-A13,2026-05-07T18:43:48.360Z
G01,52,add,Review,G01-A15,2026-05-11T14:39:29.474Z
G01,52,remove,Review,G01-A15,2026-05-11T14:39:49.765Z
G01,53,add,CODE,G01-A14,2026-05-04T14:32:57.649Z
G01,53,add,ART.04,G01-A14,2026-05-04T14:32:57.649Z
G01,53,add,P2,G01-A14,2026-05-04T14:32:57.649Z
G01,53,remove,P2,G01-A15,2026-05-04T14:35:12.666Z
G01,53,add,Backlog,G01-A14,2026-05-04T17:28:29.304Z
G01,53,add,M,G01-A15,2026-05-05T18:12:16.523Z
G01,53,add,Doing,G01-A15,2026-05-05T18:13:27.241Z
G01,53,remove,Backlog,G01-A15,2026-05-05T18:13:27.241Z
G01,53,add,Waiting Review,G01-A15,2026-05-05T18:36:36.779Z
G01,53,remove,Doing,G01-A15,2026-05-05T18:36:36.779Z
G01,53,add,Review,G01-A13,2026-05-06T18:08:18.604Z
G01,53,remove,Waiting Review,G01-A13,2026-05-06T18:08:18.604Z
G01,53,remove,Review,G01-A13,2026-05-06T18:09:30.847Z
G01,54,add,CODE,G01-A17,2026-05-04T14:33:31.059Z
G01,54,add,ART.4,G01-A17,2026-05-04T14:34:02.731Z
G01,54,add,P1,G01-A17,2026-05-04T14:34:02.731Z
G01,54,add,Backlog,G01-A17,2026-05-04T17:28:09.153Z
G01,54,add,Doing,G01-A17,2026-05-11T19:47:18.251Z
G01,54,remove,Backlog,G01-A17,2026-05-11T19:47:18.251Z
G01,54,add,Waiting Review,G01-A17,2026-05-12T14:29:18.840Z
G01,54,remove,Doing,G01-A17,2026-05-12T14:29:18.840Z
G01,54,add,Review,G01-A13,2026-05-12T18:19:37.006Z
G01,54,remove,Waiting Review,G01-A13,2026-05-12T18:19:37.006Z
G01,54,remove,Review,G01-A13,2026-05-12T18:40:03.078Z
G01,54,remove,P1,G01-A15,2026-05-14T00:33:18.396Z
G01,54,add,PP,G01-A15,2026-05-14T00:33:25.587Z
G01,55,add,CODE,G01-A14,2026-05-04T14:33:58.377Z
G01,55,add,ART.04,G01-A14,2026-05-04T14:33:58.377Z
G01,55,add,P2,G01-A14,2026-05-04T14:33:58.377Z
G01,55,remove,P2,G01-A15,2026-05-04T14:35:17.151Z
G01,55,add,Backlog,G01-A14,2026-05-04T17:28:27.952Z
G01,55,add,M,G01-A15,2026-05-05T18:13:19.472Z
G01,55,add,Doing,G01-A15,2026-05-05T18:13:26.187Z
G01,55,remove,Backlog,G01-A15,2026-05-05T18:13:26.187Z
G01,55,add,Waiting Review,G01-A15,2026-05-05T18:36:35.879Z
G01,55,remove,Doing,G01-A15,2026-05-05T18:36:35.879Z
G01,55,add,Review,G01-A14,2026-05-07T18:20:22.996Z
G01,55,remove,Waiting Review,G01-A14,2026-05-07T18:20:22.996Z
G01,55,remove,Review,G01-A14,2026-05-11T14:39:24.721Z
G01,56,add,CODE,G01-A14,2026-05-04T14:35:30.400Z
G01,56,add,ART.04,G01-A14,2026-05-04T14:35:30.400Z
G01,56,add,P2,G01-A14,2026-05-04T14:35:30.400Z
G01,56,add,Backlog,G01-A14,2026-05-04T17:28:27.042Z
G01,56,add,Doing,G01-A15,2026-05-05T18:11:43.405Z
G01,56,remove,Backlog,G01-A15,2026-05-05T18:11:43.405Z
G01,56,remove,P2,G01-A15,2026-05-05T18:11:54.383Z
G01,56,add,P,G01-A15,2026-05-05T18:12:01.205Z
G01,56,add,Waiting Review,G01-A15,2026-05-05T18:36:37.791Z
G01,56,remove,Doing,G01-A15,2026-05-05T18:36:37.791Z
G01,56,add,Review,G01-A14,2026-05-07T18:20:31.146Z
G01,56,remove,Waiting Review,G01-A14,2026-05-07T18:20:31.146Z
G01,56,remove,Review,G01-A13,2026-05-07T18:22:44.393Z
G01,57,add,ART.04,G01-A16,2026-05-04T14:35:37.982Z
G01,57,add,DESIGN,G01-A16,2026-05-04T14:35:37.982Z
G01,57,add,P7,G01-A16,2026-05-04T14:35:37.982Z
G01,57,add,Backlog,G01-A16,2026-05-04T14:35:53.416Z
G01,57,add,ART.03,G01-A16,2026-05-04T14:36:31.229Z
G01,57,remove,ART.04,G01-A16,2026-05-04T14:36:32.914Z
G01,57,add,Doing,G01-A16,2026-05-07T18:30:08.771Z
G01,57,remove,Backlog,G01-A16,2026-05-07T18:30:08.771Z
G01,57,add,Waiting Review,G01-A16,2026-05-08T11:08:20.080Z
G01,57,remove,Doing,G01-A16,2026-05-08T11:08:20.080Z
G01,57,add,Review,G01-A15,2026-05-08T13:24:11.998Z
G01,57,remove,Waiting Review,G01-A15,2026-05-08T13:24:11.998Z
G01,57,remove,Review,G01-A15,2026-05-11T14:39:25.159Z
G01,58,add,ART.04,G01-A16,2026-05-04T14:35:43.062Z
G01,58,add,DESIGN,G01-A16,2026-05-04T14:35:43.062Z
G01,58,add,P7,G01-A16,2026-05-04T14:35:43.062Z
G01,58,add,Backlog,G01-A16,2026-05-04T14:35:54.669Z
G01,58,remove,ART.04,G01-A16,2026-05-04T14:37:26.256Z
G01,58,add,ART.03,G01-A16,2026-05-04T14:37:31.982Z
G01,58,add,Doing,G01-A16,2026-05-15T20:37:14.879Z
G01,58,remove,Backlog,G01-A16,2026-05-15T20:37:14.879Z
G01,58,add,Waiting Review,G01-A16,2026-05-16T06:57:03.163Z
G01,58,remove,Doing,G01-A16,2026-05-16T06:57:03.163Z
G01,58,remove,Waiting Review,G01-A16,2026-05-16T06:57:10.297Z
G01,59,add,CODE,G01-A14,2026-05-04T14:36:19.264Z
G01,59,add,ART.04,G01-A14,2026-05-04T14:36:19.264Z
G01,59,add,P2,G01-A14,2026-05-04T14:36:19.264Z
G01,59,add,Backlog,G01-A14,2026-05-04T17:28:26.116Z
G01,59,remove,P2,G01-A15,2026-05-05T18:12:56.773Z
G01,59,add,P,G01-A15,2026-05-05T18:13:02.097Z
G01,59,add,Doing,G01-A15,2026-05-05T18:13:09.457Z
G01,59,remove,Backlog,G01-A15,2026-05-05T18:13:09.457Z
G01,59,add,Waiting Review,G01-A15,2026-05-05T18:36:34.184Z
G01,59,remove,Doing,G01-A15,2026-05-05T18:36:34.184Z
G01,59,add,Review,G01-A13,2026-05-07T18:14:12.487Z
G01,59,remove,Waiting Review,G01-A13,2026-05-07T18:14:12.487Z
G01,59,remove,Review,G01-A13,2026-05-07T18:20:37.651Z
G01,60,add,CODE,G01-A14,2026-05-04T14:37:17.776Z
G01,60,add,ART.04,G01-A14,2026-05-04T14:37:17.776Z
G01,60,add,P2,G01-A14,2026-05-04T14:37:17.776Z
G01,60,add,Backlog,G01-A14,2026-05-04T17:28:25.027Z
G01,60,remove,P2,G01-A15,2026-05-05T18:12:35.964Z
G01,60,add,PP,G01-A15,2026-05-05T18:12:42.052Z
G01,60,add,Doing,G01-A15,2026-05-05T18:12:50.661Z
G01,60,remove,Backlog,G01-A15,2026-05-05T18:12:50.661Z
G01,60,add,Waiting Review,G01-A15,2026-05-05T18:13:39.155Z
G01,60,remove,Doing,G01-A15,2026-05-05T18:13:39.155Z
G01,60,add,Review,G01-A13,2026-05-06T17:41:31.898Z
G01,60,remove,Waiting Review,G01-A13,2026-05-06T17:41:31.898Z
G01,60,remove,Review,G01-A13,2026-05-06T17:50:54.918Z
G01,61,add,CODE,G01-A14,2026-05-04T14:39:10.308Z
G01,61,add,ART.04,G01-A14,2026-05-04T14:39:10.308Z
G01,61,add,P3,G01-A14,2026-05-04T14:39:10.308Z
G01,61,add,Backlog,G01-A14,2026-05-04T17:28:20.230Z
G01,61,add,Doing,G01-A23,2026-05-19T13:02:49.444Z
G01,61,remove,Backlog,G01-A23,2026-05-19T13:02:49.444Z
G01,61,add,Waiting Review,G01-A23,2026-05-19T16:25:05.964Z
G01,61,remove,Doing,G01-A23,2026-05-19T16:25:05.964Z
G01,61,add,Review,G01-A15,2026-05-20T23:26:02.636Z
G01,61,remove,Waiting Review,G01-A15,2026-05-20T23:26:02.636Z
G01,61,remove,Review,G01-A15,2026-05-30T01:47:24.051Z
G01,62,add,CODE,G01-A14,2026-05-04T14:40:24.477Z
G01,62,add,ART.04,G01-A14,2026-05-04T14:40:24.477Z
G01,62,add,P3,G01-A14,2026-05-04T14:40:24.477Z
G01,62,add,Backlog,G01-A14,2026-05-04T17:28:18.899Z
G01,62,add,Doing,G01-A23,2026-05-04T17:50:13.980Z
G01,62,remove,Backlog,G01-A23,2026-05-04T17:50:13.980Z
G01,62,add,Waiting Review,G01-A23,2026-05-04T18:27:38.412Z
G01,62,remove,Doing,G01-A23,2026-05-04T18:27:38.412Z
G01,62,add,Review,G01-A15,2026-05-05T18:36:53.671Z
G01,62,remove,Waiting Review,G01-A15,2026-05-05T18:36:53.671Z
G01,62,remove,P3,G01-A15,2026-05-05T18:37:12.577Z
G01,62,add,P,G01-A15,2026-05-05T18:37:17.605Z
G01,62,remove,Review,G01-A15,2026-05-07T17:54:45.360Z
G01,63,add,CODE,G01-A14,2026-05-04T14:41:51.326Z
G01,63,add,ART.04,G01-A14,2026-05-04T14:41:51.326Z
G01,63,add,P3,G01-A14,2026-05-04T14:41:51.326Z
G01,63,add,Backlog,G01-A14,2026-05-04T17:28:17.798Z
G01,63,add,Doing,G01-A23,2026-05-04T17:50:09.510Z
G01,63,remove,Backlog,G01-A23,2026-05-04T17:50:09.510Z
G01,63,add,Waiting Review,G01-A23,2026-05-04T18:27:40.467Z
G01,63,remove,Doing,G01-A23,2026-05-04T18:27:40.467Z
G01,63,add,Review,G01-A15,2026-05-05T18:36:55.218Z
G01,63,remove,Waiting Review,G01-A15,2026-05-05T18:36:55.218Z
G01,63,remove,P3,G01-A15,2026-05-05T18:37:21.397Z
G01,63,add,M,G01-A15,2026-05-05T18:37:26.175Z
G01,63,remove,Review,G01-A15,2026-05-07T17:54:43.133Z
G01,64,add,CODE,G01-A14,2026-05-04T14:43:14.886Z
G01,64,add,ART.04,G01-A14,2026-05-04T14:43:14.886Z
G01,64,add,P3,G01-A14,2026-05-04T14:43:14.886Z
G01,64,add,Backlog,G01-A14,2026-05-04T17:28:16.894Z
G01,64,add,Doing,G01-A23,2026-05-26T17:38:27.122Z
G01,64,remove,Backlog,G01-A23,2026-05-26T17:38:27.122Z
G01,64,add,Waiting Review,G01-A23,2026-05-26T17:38:30.275Z
G01,64,remove,Doing,G01-A23,2026-05-26T17:38:30.275Z
G01,64,add,Review,G01-A15,2026-05-30T01:48:26.363Z
G01,64,remove,Waiting Review,G01-A15,2026-05-30T01:48:26.363Z
G01,64,remove,Review,G01-A16,2026-06-05T03:36:57.731Z
G01,65,add,CODE,G01-A14,2026-05-04T14:44:08.594Z
G01,65,add,ART.04,G01-A14,2026-05-04T14:44:08.594Z
G01,65,add,P3,G01-A14,2026-05-04T14:44:08.594Z
G01,65,add,Backlog,G01-A14,2026-05-04T17:28:15.869Z
G01,65,add,Doing,G01-A23,2026-05-26T17:38:32.739Z
G01,65,remove,Backlog,G01-A23,2026-05-26T17:38:32.739Z
G01,65,add,Waiting Review,G01-A23,2026-05-26T17:38:34.715Z
G01,65,remove,Doing,G01-A23,2026-05-26T17:38:34.715Z
G01,65,add,Review,G01-A15,2026-05-30T01:48:24.355Z
G01,65,remove,Waiting Review,G01-A15,2026-05-30T01:48:24.355Z
G01,65,remove,Review,G01-A16,2026-06-05T03:36:57.972Z
G01,66,add,CODE,G01-A14,2026-05-04T14:45:23.263Z
G01,66,add,ART.04,G01-A14,2026-05-04T14:45:23.263Z
G01,66,add,P4,G01-A14,2026-05-04T14:45:23.263Z
G01,66,add,Backlog,G01-A14,2026-05-04T17:28:14.933Z
G01,66,remove,P4,G01-A14,2026-05-05T16:24:53.599Z
G01,66,add,Doing,G01-A14,2026-05-05T17:11:37.673Z
G01,66,remove,Backlog,G01-A14,2026-05-05T17:11:37.673Z
G01,66,add,Waiting Review,G01-A14,2026-05-06T02:09:51.401Z
G01,66,remove,Doing,G01-A14,2026-05-06T02:09:51.401Z
G01,66,add,Review,G01-A15,2026-05-06T18:47:18.425Z
G01,66,remove,Waiting Review,G01-A15,2026-05-06T18:47:18.425Z
G01,66,remove,Review,G01-A15,2026-05-07T17:54:30.186Z
G01,67,add,CODE,G01-A14,2026-05-04T14:47:12.737Z
G01,67,add,ART.04,G01-A14,2026-05-04T14:47:12.737Z
G01,67,add,P4,G01-A14,2026-05-04T14:47:12.737Z
G01,67,add,Backlog,G01-A14,2026-05-04T17:28:13.642Z
G01,67,remove,P4,G01-A14,2026-05-05T16:25:08.093Z
G01,67,add,Doing,G01-A14,2026-05-05T17:41:51.772Z
G01,67,remove,Backlog,G01-A14,2026-05-05T17:41:51.772Z
G01,67,add,Waiting Review,G01-A14,2026-05-06T02:09:53.403Z
G01,67,remove,Doing,G01-A14,2026-05-06T02:09:53.403Z
G01,67,add,Review,G01-A15,2026-05-06T18:47:20.126Z
G01,67,remove,Waiting Review,G01-A15,2026-05-06T18:47:20.126Z
G01,67,remove,Review,G01-A15,2026-05-07T17:54:32.784Z
G01,68,add,CODE,G01-A14,2026-05-04T14:48:16.273Z
G01,68,add,ART.04,G01-A14,2026-05-04T14:48:16.273Z
G01,68,add,P4,G01-A14,2026-05-04T14:48:16.273Z
G01,68,add,Backlog,G01-A14,2026-05-04T17:28:12.901Z
G01,68,remove,P4,G01-A14,2026-05-05T17:36:54.542Z
G01,68,add,Doing,G01-A14,2026-05-07T18:10:21.999Z
G01,68,remove,Backlog,G01-A14,2026-05-07T18:10:21.999Z
G01,68,add,P,G01-A14,2026-05-07T18:21:04.663Z
G01,68,add,Waiting Review,G01-A14,2026-05-11T14:39:15.788Z
G01,68,remove,Doing,G01-A14,2026-05-11T14:39:15.788Z
G01,68,add,Review,G01-A17,2026-05-12T17:56:41.135Z
G01,68,remove,Waiting Review,G01-A17,2026-05-12T17:56:41.135Z
G01,68,remove,Review,G01-A17,2026-05-12T18:40:48.494Z
G01,69,add,CODE,G01-A14,2026-05-04T14:49:19.140Z
G01,69,add,ART.04,G01-A14,2026-05-04T14:49:19.140Z
G01,69,add,P4,G01-A14,2026-05-04T14:49:19.140Z
G01,69,add,Backlog,G01-A14,2026-05-04T17:28:11.517Z
G01,69,remove,P4,G01-A14,2026-05-05T17:37:06.552Z
G01,69,add,Doing,G01-A14,2026-05-07T18:10:23.685Z
G01,69,remove,Backlog,G01-A14,2026-05-07T18:10:23.685Z
G01,69,add,P,G01-A14,2026-05-07T18:20:49.635Z
G01,69,add,Waiting Review,G01-A14,2026-05-11T14:39:16.889Z
G01,69,remove,Doing,G01-A14,2026-05-11T14:39:16.889Z
G01,69,add,Review,G01-A17,2026-05-12T17:56:38.020Z
G01,69,remove,Waiting Review,G01-A17,2026-05-12T17:56:38.020Z
G01,69,remove,Review,G01-A17,2026-05-12T18:40:47.654Z
G01,70,add,CODE,G01-A14,2026-05-04T14:50:19.496Z
G01,70,add,ART.04,G01-A14,2026-05-04T14:50:19.496Z
G01,70,add,P4,G01-A14,2026-05-04T14:50:19.496Z
G01,70,add,Backlog,G01-A14,2026-05-04T17:28:10.524Z
G01,70,remove,P4,G01-A14,2026-05-05T17:37:20.326Z
G01,70,add,Doing,G01-A14,2026-05-06T17:07:14.309Z
G01,70,remove,Backlog,G01-A14,2026-05-06T17:07:14.309Z
G01,70,add,Waiting Review,G01-A14,2026-05-07T17:23:09.819Z
G01,70,remove,Doing,G01-A14,2026-05-07T17:23:09.819Z
G01,70,add,P,G01-A14,2026-05-07T18:21:18.199Z
G01,70,add,Review,G01-A15,2026-05-08T13:24:16.766Z
G01,70,remove,Waiting Review,G01-A15,2026-05-08T13:24:16.766Z
G01,70,remove,Review,G01-A15,2026-05-11T14:39:23.192Z
G01,71,add,CODE,G01-A14,2026-05-04T14:51:18.864Z
G01,71,add,ART.04,G01-A14,2026-05-04T14:51:18.864Z
G01,71,add,P4,G01-A14,2026-05-04T14:51:18.864Z
G01,71,add,Backlog,G01-A14,2026-05-04T17:28:09.496Z
G01,71,remove,P4,G01-A14,2026-05-05T16:25:25.281Z
G01,71,add,Doing,G01-A14,2026-05-11T17:39:58.517Z
G01,71,remove,Backlog,G01-A14,2026-05-11T17:39:58.517Z
G01,71,add,Waiting Review,G01-A14,2026-05-12T12:37:20.987Z
G01,71,remove,Doing,G01-A14,2026-05-12T12:37:20.987Z
G01,71,add,Review,G01-A17,2026-05-12T17:56:35.610Z
G01,71,remove,Waiting Review,G01-A17,2026-05-12T17:56:35.610Z
G01,71,remove,Review,G01-A17,2026-05-12T18:40:46.289Z
G01,71,add,M,G01-A15,2026-05-14T00:33:09.024Z
G01,72,add,CODE,G01-A14,2026-05-04T14:52:56.934Z
G01,72,add,ART.04,G01-A14,2026-05-04T14:52:56.934Z
G01,72,add,P5,G01-A14,2026-05-04T14:52:56.934Z
G01,72,add,Backlog,[externo],2026-05-04T17:23:25.026Z
G01,72,remove,ART.04,G01-A15,2026-05-18T17:24:40.325Z
G01,72,remove,Backlog,G01-A15,2026-05-18T17:24:44.826Z
G01,72,remove,P5,G01-A15,2026-05-18T17:24:46.363Z
G01,72,add,M,G01-A15,2026-05-18T17:25:21.382Z
G01,72,add,DOCUMENTATION,G01-A15,2026-05-18T17:25:51.302Z
G01,72,add,Doing,G01-A15,2026-05-18T17:26:29.681Z
G01,72,add,Waiting Review,G01-A15,2026-05-20T19:59:05.536Z
G01,72,remove,Doing,G01-A15,2026-05-20T19:59:05.536Z
G01,72,add,Review,G01-A12,2026-05-28T18:14:47.246Z
G01,72,remove,Waiting Review,G01-A12,2026-05-28T18:14:47.246Z
G01,72,remove,Review,G01-A12,2026-05-29T22:32:24.251Z
G01,73,add,CODE,G01-A14,2026-05-04T14:53:57.659Z
G01,73,add,ART.04,G01-A14,2026-05-04T14:53:57.659Z
G01,73,add,P5,G01-A14,2026-05-04T14:53:57.659Z
G01,73,add,Backlog,[externo],2026-05-04T17:23:26.129Z
G01,73,add,BUG,G01-A12,2026-06-01T17:15:04.069Z
G01,73,add,Doing,G01-A12,2026-06-01T17:15:44.621Z
G01,73,remove,Backlog,G01-A12,2026-06-01T17:15:44.621Z
G01,73,add,Waiting Review,G01-A12,2026-06-01T17:16:16.574Z
G01,73,remove,Doing,G01-A12,2026-06-01T17:16:16.574Z
G01,73,add,Review,G01-A12,2026-06-01T17:17:32.793Z
G01,73,remove,Waiting Review,G01-A12,2026-06-01T17:17:32.793Z
G01,73,remove,Review,G01-A12,2026-06-01T17:19:09.150Z
G01,74,add,CODE,G01-A14,2026-05-04T14:55:19.273Z
G01,74,add,ART.04,G01-A14,2026-05-04T14:55:19.273Z
G01,74,add,P5,G01-A14,2026-05-04T14:55:19.273Z
G01,74,add,Backlog,[externo],2026-05-04T17:23:27.209Z
G01,74,add,BUG,G01-A12,2026-06-01T17:11:48.474Z
G01,74,add,Doing,G01-A12,2026-06-01T17:15:42.474Z
G01,74,remove,Backlog,G01-A12,2026-06-01T17:15:42.474Z
G01,74,add,Waiting Review,G01-A12,2026-06-01T17:16:39.879Z
G01,74,remove,Doing,G01-A12,2026-06-01T17:16:39.879Z
G01,74,add,Review,G01-A12,2026-06-01T17:17:30.556Z
G01,74,remove,Waiting Review,G01-A12,2026-06-01T17:17:30.556Z
G01,74,remove,Review,G01-A12,2026-06-01T17:19:12.344Z
G01,75,add,CODE,G01-A14,2026-05-04T14:56:27.707Z
G01,75,add,ART.04,G01-A14,2026-05-04T14:56:27.707Z
G01,75,add,P5,G01-A14,2026-05-04T14:56:27.707Z
G01,75,add,Backlog,[externo],2026-05-04T17:23:28.278Z
G01,75,add,BUG,G01-A12,2026-06-01T17:11:10.306Z
G01,75,add,Doing,G01-A12,2026-06-01T17:15:40.205Z
G01,75,remove,Backlog,G01-A12,2026-06-01T17:15:40.205Z
G01,75,add,Waiting Review,G01-A12,2026-06-01T17:16:43.251Z
G01,75,remove,Doing,G01-A12,2026-06-01T17:16:43.251Z
G01,75,add,Review,G01-A12,2026-06-01T17:17:25.037Z
G01,75,remove,Waiting Review,G01-A12,2026-06-01T17:17:25.037Z
G01,75,remove,Review,G01-A12,2026-06-01T17:19:14.960Z
G01,76,add,CODE,G01-A14,2026-05-04T17:06:05.556Z
G01,76,add,ART.04,G01-A14,2026-05-04T17:06:05.556Z
G01,76,add,P5,G01-A14,2026-05-04T17:06:05.556Z
G01,76,add,Backlog,[externo],2026-05-04T17:23:29.908Z
G01,76,add,BUG,G01-A12,2026-06-01T17:12:01.275Z
G01,76,add,Doing,G01-A12,2026-06-01T17:15:38.093Z
G01,76,remove,Backlog,G01-A12,2026-06-01T17:15:38.093Z
G01,76,add,Waiting Review,G01-A12,2026-06-01T17:16:45.341Z
G01,76,remove,Doing,G01-A12,2026-06-01T17:16:45.341Z
G01,76,add,Review,G01-A12,2026-06-01T17:17:18.120Z
G01,76,remove,Waiting Review,G01-A12,2026-06-01T17:17:18.120Z
G01,76,remove,Review,G01-A12,2026-06-01T17:19:17.449Z
G01,77,add,CODE,G01-A14,2026-05-04T17:06:45.514Z
G01,77,add,ART.04,G01-A14,2026-05-04T17:06:45.514Z
G01,77,add,P5,G01-A14,2026-05-04T17:06:45.514Z
G01,77,add,Backlog,[externo],2026-05-04T17:23:31.033Z
G01,77,add,BUG,G01-A12,2026-06-01T17:10:39.509Z
G01,77,add,Doing,G01-A12,2026-06-01T17:15:35.648Z
G01,77,remove,Backlog,G01-A12,2026-06-01T17:15:35.648Z
G01,77,add,Waiting Review,G01-A12,2026-06-01T17:16:52.999Z
G01,77,remove,Doing,G01-A12,2026-06-01T17:16:52.999Z
G01,77,add,Review,G01-A12,2026-06-01T17:16:56.628Z
G01,77,remove,Waiting Review,G01-A12,2026-06-01T17:16:56.628Z
G01,77,remove,Review,G01-A12,2026-06-01T17:19:29.449Z
G01,78,add,CODE,G01-A14,2026-05-04T17:07:31.528Z
G01,78,add,ART.04,G01-A14,2026-05-04T17:07:31.528Z
G01,78,add,P5,G01-A14,2026-05-04T17:07:31.528Z
G01,78,add,Backlog,[externo],2026-05-04T17:23:32.877Z
G01,78,add,BUG,G01-A12,2026-06-01T17:09:07.017Z
G01,78,add,Doing,G01-A12,2026-06-01T17:15:34.102Z
G01,78,remove,Backlog,G01-A12,2026-06-01T17:15:34.102Z
G01,78,add,Waiting Review,G01-A12,2026-06-01T17:16:50.533Z
G01,78,remove,Doing,G01-A12,2026-06-01T17:16:50.533Z
G01,78,add,Review,G01-A12,2026-06-01T17:16:58.803Z
G01,78,remove,Waiting Review,G01-A12,2026-06-01T17:16:58.803Z
G01,78,remove,Review,G01-A12,2026-06-01T17:19:25.863Z
G01,79,add,CODE,G01-A14,2026-05-04T17:08:12.613Z
G01,79,add,ART.04,G01-A14,2026-05-04T17:08:12.613Z
G01,79,add,P5,G01-A14,2026-05-04T17:08:12.613Z
G01,79,add,Backlog,[externo],2026-05-04T17:23:35.067Z
G01,79,add,BUG,G01-A12,2026-06-01T17:08:24.003Z
G01,79,add,Doing,G01-A12,2026-06-01T17:15:32.089Z
G01,79,remove,Backlog,G01-A12,2026-06-01T17:15:32.089Z
G01,79,add,Waiting Review,G01-A12,2026-06-01T17:16:48.555Z
G01,79,remove,Doing,G01-A12,2026-06-01T17:16:48.555Z
G01,79,add,Review,G01-A12,2026-06-01T17:17:00.226Z
G01,79,remove,Waiting Review,G01-A12,2026-06-01T17:17:00.226Z
G01,79,remove,Review,G01-A12,2026-06-01T17:19:23.035Z
G01,80,add,CODE,G01-A14,2026-05-04T17:08:54.416Z
G01,80,add,ART.04,G01-A14,2026-05-04T17:08:54.416Z
G01,80,add,P5,G01-A14,2026-05-04T17:08:54.416Z
G01,80,add,Backlog,[externo],2026-05-04T17:23:37.726Z
G01,80,add,BUG,G01-A12,2026-06-01T17:07:58.471Z
G01,80,add,Doing,G01-A12,2026-06-01T17:15:21.987Z
G01,80,remove,Backlog,G01-A12,2026-06-01T17:15:21.987Z
G01,80,add,Waiting Review,G01-A12,2026-06-01T17:16:47.021Z
G01,80,remove,Doing,G01-A12,2026-06-01T17:16:47.021Z
G01,80,add,Review,G01-A12,2026-06-01T17:17:02.057Z
G01,80,remove,Waiting Review,G01-A12,2026-06-01T17:17:02.057Z
G01,80,remove,Review,G01-A12,2026-06-01T17:19:21.072Z
G01,81,add,DESIGN,G01-A14,2026-05-04T17:09:36.329Z
G01,81,add,ART.05,G01-A14,2026-05-04T17:09:36.329Z
G01,81,add,P6,G01-A14,2026-05-04T17:09:36.329Z
G01,81,add,Backlog,G01-A14,2026-05-04T17:28:38.505Z
G01,81,add,Doing,G01-A12,2026-05-10T23:09:22.787Z
G01,81,remove,Backlog,G01-A12,2026-05-10T23:09:22.787Z
G01,81,add,Waiting Review,G01-A12,2026-05-10T23:09:31.422Z
G01,81,remove,Doing,G01-A12,2026-05-10T23:09:31.422Z
G01,81,remove,ART.05,G01-A12,2026-05-13T03:40:54.733Z
G01,81,add,ART.05,G01-A12,2026-05-13T03:41:14.271Z
G01,81,add,Review,G01-A16,2026-05-13T17:24:55.650Z
G01,81,remove,Waiting Review,G01-A16,2026-05-13T17:24:55.650Z
G01,81,remove,Review,G01-A16,2026-05-13T18:23:33.519Z
G01,82,add,DESIGN,G01-A14,2026-05-04T17:10:34.603Z
G01,82,add,ART.05,G01-A14,2026-05-04T17:10:34.603Z
G01,82,add,P6,G01-A14,2026-05-04T17:10:34.603Z
G01,82,add,Backlog,G01-A14,2026-05-04T17:28:39.241Z
G01,82,add,Doing,G01-A12,2026-05-10T23:09:11.942Z
G01,82,remove,Backlog,G01-A12,2026-05-10T23:09:11.942Z
G01,82,add,Waiting Review,G01-A12,2026-05-10T23:09:33.394Z
G01,82,remove,Doing,G01-A12,2026-05-10T23:09:33.394Z
G01,82,add,Review,G01-A16,2026-05-13T17:25:02.323Z
G01,82,remove,Waiting Review,G01-A16,2026-05-13T17:25:02.323Z
G01,82,remove,Review,G01-A16,2026-05-13T18:23:34.355Z
G01,83,add,DESIGN,G01-A14,2026-05-04T17:11:24.252Z
G01,83,add,ART.05,G01-A14,2026-05-04T17:11:24.252Z
G01,83,add,P6,G01-A14,2026-05-04T17:11:24.252Z
G01,83,add,Backlog,G01-A14,2026-05-04T17:28:40.093Z
G01,83,add,Doing,G01-A12,2026-05-10T23:09:24.848Z
G01,83,remove,Backlog,G01-A12,2026-05-10T23:09:24.848Z
G01,83,add,Waiting Review,G01-A12,2026-05-10T23:09:35.091Z
G01,83,remove,Doing,G01-A12,2026-05-10T23:09:35.091Z
G01,83,add,Review,G01-A16,2026-05-13T17:25:20.395Z
G01,83,remove,Waiting Review,G01-A16,2026-05-13T17:25:20.395Z
G01,83,remove,Review,G01-A16,2026-05-13T18:23:35.146Z
G01,84,add,DESIGN,G01-A14,2026-05-04T17:12:09.965Z
G01,84,add,ART.05,G01-A14,2026-05-04T17:12:09.965Z
G01,84,add,P6,G01-A14,2026-05-04T17:12:09.965Z
G01,84,add,Backlog,G01-A14,2026-05-04T17:28:40.930Z
G01,84,add,Doing,G01-A12,2026-05-16T01:37:20.091Z
G01,84,remove,Backlog,G01-A12,2026-05-16T01:37:20.091Z
G01,84,add,Waiting Review,G01-A12,2026-05-16T02:05:55.217Z
G01,84,remove,Doing,G01-A12,2026-05-16T02:05:55.217Z
G01,84,add,Review,G01-A13,2026-05-16T02:14:28.154Z
G01,84,remove,Waiting Review,G01-A13,2026-05-16T02:14:28.154Z
G01,84,remove,P6,G01-A12,2026-05-16T02:17:03.198Z
G01,84,remove,ART.05,G01-A12,2026-05-16T02:17:48.423Z
G01,84,add,ART.04,G01-A12,2026-05-16T02:17:58.085Z
G01,84,remove,Review,G01-A13,2026-05-16T02:21:36.962Z
G01,85,add,DESIGN,G01-A14,2026-05-04T17:13:21.287Z
G01,85,add,ART.05,G01-A14,2026-05-04T17:13:21.287Z
G01,85,add,P8,G01-A14,2026-05-04T17:13:21.287Z
G01,85,add,Backlog,G01-A14,2026-05-04T17:28:41.871Z
G01,85,add,Doing,G01-A13,2026-05-13T18:05:48.280Z
G01,85,remove,Backlog,G01-A13,2026-05-13T18:05:48.280Z
G01,85,add,Waiting Review,G01-A13,2026-05-16T02:14:13.943Z
G01,85,remove,Doing,G01-A13,2026-05-16T02:14:13.943Z
G01,85,add,Review,G01-A12,2026-05-16T02:14:28.388Z
G01,85,remove,Waiting Review,G01-A12,2026-05-16T02:14:28.388Z
G01,85,remove,ART.05,G01-A12,2026-05-16T02:19:13.417Z
G01,85,remove,P8,G01-A12,2026-05-16T02:19:15.352Z
G01,85,add,ART.04,G01-A12,2026-05-16T02:19:21.265Z
G01,85,remove,Review,G01-A12,2026-05-16T02:19:56.110Z
G01,86,add,DESIGN,G01-A14,2026-05-04T17:14:00.159Z
G01,86,add,ART.05,G01-A14,2026-05-04T17:14:00.159Z
G01,86,add,P8,G01-A14,2026-05-04T17:14:00.159Z
G01,86,add,Backlog,G01-A14,2026-05-04T17:28:43.089Z
G01,86,add,Doing,G01-A13,2026-05-16T01:21:40.981Z
G01,86,remove,Backlog,G01-A13,2026-05-16T01:21:40.981Z
G01,86,add,Waiting Review,G01-A13,2026-05-16T02:04:15.519Z
G01,86,remove,Doing,G01-A13,2026-05-16T02:04:15.519Z
G01,86,add,Review,G01-A12,2026-05-16T02:07:26.816Z
G01,86,remove,Waiting Review,G01-A12,2026-05-16T02:07:26.816Z
G01,86,remove,Review,G01-A12,2026-05-16T02:14:06.345Z
G01,86,remove,ART.05,G01-A12,2026-05-16T02:19:37.517Z
G01,86,add,ART.04,G01-A12,2026-05-16T02:19:43.882Z
G01,86,remove,P8,G01-A12,2026-05-16T02:19:46.266Z
G01,87,add,DESIGN,G01-A14,2026-05-04T17:14:55.825Z
G01,87,add,ART.05,G01-A14,2026-05-04T17:14:55.825Z
G01,87,add,P8,G01-A14,2026-05-04T17:14:55.825Z
G01,87,add,Backlog,G01-A14,2026-05-04T17:28:43.918Z
G01,87,add,Doing,G01-A13,2026-05-16T01:21:45.193Z
G01,87,remove,Backlog,G01-A13,2026-05-16T01:21:45.193Z
G01,87,add,Waiting Review,G01-A13,2026-05-16T01:28:07.315Z
G01,87,remove,Doing,G01-A13,2026-05-16T01:28:07.315Z
G01,87,add,Review,G01-A12,2026-05-16T01:38:07.011Z
G01,87,remove,Waiting Review,G01-A12,2026-05-16T01:38:07.011Z
G01,87,remove,Review,G01-A12,2026-05-16T02:14:03.138Z
G01,87,add,ART.04,G01-A13,2026-05-16T02:18:56.301Z
G01,87,remove,ART.05,G01-A13,2026-05-16T02:18:56.301Z
G01,88,add,DESIGN,G01-A14,2026-05-04T17:16:44.655Z
G01,88,add,ART.05,G01-A14,2026-05-04T17:16:44.655Z
G01,88,add,P8,G01-A14,2026-05-04T17:16:44.655Z
G01,88,add,Backlog,G01-A14,2026-05-04T17:28:44.868Z
G01,88,add,Doing,G01-A13,2026-05-16T01:21:48.007Z
G01,88,remove,Backlog,G01-A13,2026-05-16T01:21:48.007Z
G01,88,add,Waiting Review,G01-A13,2026-05-16T01:24:26.035Z
G01,88,remove,Doing,G01-A13,2026-05-16T01:24:26.035Z
G01,88,add,Review,G01-A12,2026-05-16T01:38:05.271Z
G01,88,remove,Waiting Review,G01-A12,2026-05-16T01:38:05.271Z
G01,88,remove,Review,G01-A12,2026-05-16T02:14:05.127Z
G01,88,add,ART.04,G01-A12,2026-05-16T02:18:56.892Z
G01,88,remove,ART.05,G01-A12,2026-05-16T02:18:56.892Z
G01,88,remove,P8,G01-A12,2026-05-16T02:19:00.293Z
G01,89,add,ART.04,G01-A14,2026-05-04T17:17:15.774Z
G01,89,add,Backlog,G01-A14,2026-05-04T17:28:46.427Z
G01,89,add,M,G01-A14,2026-05-15T01:30:39.235Z
G01,89,add,Doing,G01-A14,2026-05-15T01:30:56.761Z
G01,89,remove,Backlog,G01-A14,2026-05-15T01:30:56.761Z
G01,89,add,Waiting Review,G01-A14,2026-05-18T14:01:45.104Z
G01,89,remove,Doing,G01-A14,2026-05-18T14:01:45.104Z
G01,89,add,Review,G01-A15,2026-05-18T17:26:37.152Z
G01,89,remove,Waiting Review,G01-A15,2026-05-18T17:26:37.152Z
G01,89,remove,Review,G01-A15,2026-05-30T01:46:58.915Z
G01,90,add,ART.05,G01-A14,2026-05-04T17:17:38.589Z
G01,90,add,Backlog,G01-A14,2026-05-04T17:28:47.558Z
G01,90,add,M,G01-A14,2026-05-15T01:30:53.516Z
G01,90,add,Doing,G01-A14,2026-05-15T01:30:57.844Z
G01,90,remove,Backlog,G01-A14,2026-05-15T01:30:57.844Z
G01,90,add,Waiting Review,G01-A14,2026-05-15T07:26:10.423Z
G01,90,remove,Doing,G01-A14,2026-05-15T07:26:10.423Z
G01,90,remove,Waiting Review,G01-A14,2026-05-15T07:26:15.234Z
G01,91,add,CODE,G01-A14,2026-05-04T18:11:54.788Z
G01,91,add,P1,G01-A14,2026-05-04T18:11:54.788Z
G01,91,add,ART.06,G01-A14,2026-05-04T18:11:54.788Z
G01,91,add,Doing,G01-A15,2026-05-06T17:18:10.309Z
G01,91,remove,P1,G01-A15,2026-05-06T17:18:21.358Z
G01,91,add,P,G01-A15,2026-05-06T17:18:27.486Z
G01,91,add,Waiting Review,G01-A15,2026-05-06T17:27:16.713Z
G01,91,remove,Doing,G01-A15,2026-05-06T17:27:16.713Z
G01,91,add,Review,G01-A14,2026-05-07T18:20:29.299Z
G01,91,remove,Waiting Review,G01-A14,2026-05-07T18:20:29.299Z
G01,91,remove,Review,G01-A14,2026-05-11T14:39:20.797Z
G01,92,add,CODE,G01-A14,2026-05-04T18:41:20.578Z
G01,92,add,P1,G01-A14,2026-05-04T18:41:20.578Z
G01,92,add,ART.06,G01-A14,2026-05-04T18:41:20.578Z
G01,92,add,BUG,G01-A15,2026-06-24T13:21:45.980Z
G01,93,add,CODE,G01-A14,2026-05-04T18:42:15.236Z
G01,93,add,P1,G01-A14,2026-05-04T18:42:15.236Z
G01,93,add,ART.06,G01-A14,2026-05-04T18:42:15.236Z
G01,93,remove,P1,G01-A15,2026-05-06T17:17:53.832Z
G01,93,add,Doing,G01-A15,2026-05-06T17:27:24.770Z
G01,93,add,P,G01-A15,2026-05-06T17:27:32.246Z
G01,93,add,Waiting Review,G01-A15,2026-05-06T17:34:28.059Z
G01,93,remove,Doing,G01-A15,2026-05-06T17:34:28.059Z
G01,93,add,Review,G01-A14,2026-05-07T18:20:21.335Z
G01,93,remove,Waiting Review,G01-A14,2026-05-07T18:20:21.335Z
G01,93,remove,Review,G01-A14,2026-05-12T18:41:16.646Z
G01,94,add,CODE,G01-A14,2026-05-04T18:43:05.425Z
G01,94,add,P1,G01-A14,2026-05-04T18:43:05.425Z
G01,94,add,ART.06,G01-A14,2026-05-04T18:43:05.425Z
G01,94,remove,P1,G01-A15,2026-05-06T17:17:48.977Z
G01,94,add,Doing,G01-A15,2026-05-06T17:34:37.304Z
G01,94,add,P,G01-A15,2026-05-06T17:34:47.645Z
G01,94,add,Waiting Review,G01-A15,2026-05-06T18:47:08.540Z
G01,94,remove,Doing,G01-A15,2026-05-06T18:47:08.540Z
G01,94,add,Review,G01-A14,2026-05-07T18:20:24.841Z
G01,94,remove,Waiting Review,G01-A14,2026-05-07T18:20:24.841Z
G01,94,remove,Review,G01-A14,2026-05-11T14:39:23.689Z
G01,95,add,CODE,G01-A14,2026-05-04T18:44:07.179Z
G01,95,add,P1,G01-A14,2026-05-04T18:44:07.179Z
G01,95,add,ART.06,G01-A14,2026-05-04T18:44:07.179Z
G01,95,remove,P1,G01-A15,2026-05-06T17:17:42.277Z
G01,95,add,Doing,G01-A15,2026-05-06T17:34:35.181Z
G01,95,add,P,G01-A15,2026-05-06T17:34:54.770Z
G01,95,add,Waiting Review,G01-A15,2026-05-06T18:47:07.286Z
G01,95,remove,Doing,G01-A15,2026-05-06T18:47:07.286Z
G01,95,add,Review,G01-A14,2026-05-07T18:20:26.135Z
G01,95,remove,Waiting Review,G01-A14,2026-05-07T18:20:26.135Z
G01,95,remove,Review,G01-A14,2026-05-11T14:39:22.560Z
G01,96,add,CODE,G01-A14,2026-05-04T18:44:58.400Z
G01,96,add,P1,G01-A14,2026-05-04T18:44:58.400Z
G01,96,add,ART.06,G01-A14,2026-05-04T18:44:58.400Z
G01,96,remove,P1,G01-A15,2026-05-06T17:17:35.692Z
G01,96,add,Doing,G01-A15,2026-05-06T17:41:33.528Z
G01,96,add,Waiting Review,G01-A15,2026-05-06T18:47:05.477Z
G01,96,remove,Doing,G01-A15,2026-05-06T18:47:05.477Z
G01,96,add,Review,G01-A14,2026-05-07T18:20:28.236Z
G01,96,remove,Waiting Review,G01-A14,2026-05-07T18:20:28.236Z
G01,96,remove,Review,G01-A14,2026-05-11T14:39:21.609Z
G01,96,add,P,G01-A15,2026-05-11T14:43:40.498Z
G01,97,add,CODE,G01-A14,2026-05-04T18:46:17.721Z
G01,97,add,P2,G01-A14,2026-05-04T18:46:17.721Z
G01,97,add,ART.06,G01-A14,2026-05-04T18:46:17.721Z
G01,97,add,Backlog,G01-A15,2026-05-05T18:39:38.755Z
G01,97,remove,Backlog,G01-A15,2026-05-18T17:08:19.772Z
G01,97,add,BUG,G01-A15,2026-06-24T13:22:38.971Z
G01,98,add,CODE,G01-A14,2026-05-04T18:47:06.505Z
G01,98,add,P2,G01-A14,2026-05-04T18:47:06.505Z
G01,98,add,ART.06,G01-A14,2026-05-04T18:47:06.505Z
G01,98,add,BUG,G01-A15,2026-06-24T13:21:54.226Z
G01,99,add,CODE,G01-A14,2026-05-04T18:48:02.330Z
G01,99,add,P2,G01-A14,2026-05-04T18:48:02.330Z
G01,99,add,ART.06,G01-A14,2026-05-04T18:48:02.330Z
G01,99,add,BUG,G01-A15,2026-06-24T13:22:03.236Z
G01,100,add,CODE,G01-A14,2026-05-04T18:49:37.173Z
G01,100,add,P2,G01-A14,2026-05-04T18:49:37.173Z
G01,100,add,ART.06,G01-A14,2026-05-04T18:49:37.173Z
G01,100,add,BUG,G01-A15,2026-06-24T13:22:17.945Z
G01,101,add,CODE,G01-A14,2026-05-04T18:50:13.214Z
G01,101,add,P2,G01-A14,2026-05-04T18:50:13.214Z
G01,101,add,ART.06,G01-A14,2026-05-04T18:50:13.214Z
G01,101,add,BUG,G01-A15,2026-06-24T13:22:23.793Z
G01,102,add,DESIGN,G01-A14,2026-05-04T18:52:21.819Z
G01,102,add,P3,G01-A14,2026-05-04T18:52:21.819Z
G01,102,add,ART.07,G01-A14,2026-05-04T18:52:21.819Z
G01,102,add,BUG,G01-A15,2026-06-24T13:22:31.204Z
G01,103,add,DESIGN,G01-A14,2026-05-04T18:54:09.607Z
G01,103,add,P3,G01-A14,2026-05-04T18:54:09.607Z
G01,103,add,ART.07,G01-A14,2026-05-04T18:54:09.607Z
G01,103,remove,ART.07,G01-A14,2026-05-18T17:10:08.892Z
G01,103,remove,DESIGN,G01-A14,2026-05-18T17:10:10.461Z
G01,103,remove,P3,G01-A14,2026-05-18T17:10:11.883Z
G01,103,add,CODE,G01-A14,2026-05-18T17:10:24.573Z
G01,103,add,M,G01-A14,2026-05-18T17:10:24.573Z
G01,103,add,ART.8,G01-A14,2026-05-18T17:10:38.761Z
G01,103,add,Backlog,G01-A14,2026-05-18T17:13:31.475Z
G01,103,add,Doing,G01-A14,2026-05-20T17:36:14.613Z
G01,103,remove,Backlog,G01-A14,2026-05-20T17:36:14.613Z
G01,103,add,Waiting Review,G01-A14,2026-05-20T19:03:08.059Z
G01,103,remove,Doing,G01-A14,2026-05-20T19:03:08.059Z
G01,103,add,Review,G01-A15,2026-05-20T23:25:58.563Z
G01,103,remove,Waiting Review,G01-A15,2026-05-20T23:25:58.563Z
G01,103,remove,Review,G01-A15,2026-05-30T01:47:59.767Z
G01,104,add,Backlog,[externo],2026-05-05T17:42:48.595Z
G01,104,add,DOCUMENTATION,[externo],2026-05-05T17:43:23.246Z
G01,104,add,DESIGN,[externo],2026-05-05T17:43:23.246Z
G01,104,add,M,[externo],2026-05-05T17:43:23.246Z
G01,104,add,ART.4,[externo],2026-05-05T17:43:31.604Z
G01,104,add,Doing,[externo],2026-05-05T17:43:35.311Z
G01,104,remove,Backlog,[externo],2026-05-05T17:43:35.311Z
G01,104,add,Waiting Review,[externo],2026-05-05T18:22:11.650Z
G01,104,remove,Doing,[externo],2026-05-05T18:22:11.650Z
G01,104,add,Review,G01-A15,2026-05-06T18:47:21.585Z
G01,104,remove,Waiting Review,G01-A15,2026-05-06T18:47:21.585Z
G01,104,remove,Review,G01-A15,2026-05-07T17:54:41.283Z
G01,105,add,Backlog,[externo],2026-05-06T17:05:32.255Z
G01,105,add,CODE,[externo],2026-05-06T17:06:00.302Z
G01,105,add,G,[externo],2026-05-06T17:06:00.302Z
G01,105,add,ART.4,[externo],2026-05-06T17:06:00.302Z
G01,105,add,Doing,[externo],2026-05-06T17:06:03.225Z
G01,105,remove,Backlog,[externo],2026-05-06T17:06:03.225Z
G01,105,add,Waiting Review,[externo],2026-05-06T18:23:55.625Z
G01,105,remove,Doing,[externo],2026-05-06T18:23:55.625Z
G01,105,add,Review,G01-A15,2026-05-08T13:24:13.797Z
G01,105,remove,Waiting Review,G01-A15,2026-05-08T13:24:13.797Z
G01,105,remove,Review,G01-A15,2026-05-11T14:39:23.990Z
G01,106,add,CODE,G01-A17,2026-05-11T14:52:42.188Z
G01,106,add,PP,G01-A17,2026-05-11T14:52:53.116Z
G01,106,add,Backlog,G01-A17,2026-05-11T14:52:56.765Z
G01,106,add,Doing,G01-A17,2026-05-11T19:47:09.669Z
G01,106,remove,Backlog,G01-A17,2026-05-11T19:47:09.669Z
G01,106,add,Waiting Review,G01-A17,2026-05-11T19:47:14.627Z
G01,106,remove,Doing,G01-A17,2026-05-11T19:47:14.627Z
G01,106,add,Review,G01-A15,2026-05-13T20:52:04.372Z
G01,106,remove,Waiting Review,G01-A15,2026-05-13T20:52:04.372Z
G01,106,remove,Review,G01-A15,2026-05-14T00:32:24.374Z
G01,107,add,Doing,G01-A15,2026-05-11T17:05:15.376Z
G01,107,add,DOCUMENTATION,G01-A15,2026-05-11T17:05:28.939Z
G01,107,add,M,G01-A15,2026-05-11T17:05:28.939Z
G01,107,add,Waiting Review,G01-A15,2026-05-11T23:14:15.584Z
G01,107,remove,Doing,G01-A15,2026-05-11T23:14:15.584Z
G01,107,remove,Waiting Review,G01-A16,2026-05-15T20:37:57.350Z
G01,108,add,Backlog,[externo],2026-05-11T17:23:43.133Z
G01,108,add,CODE,[externo],2026-05-11T17:24:20.752Z
G01,108,add,G,[externo],2026-05-11T17:24:20.752Z
G01,108,add,ART.04,[externo],2026-05-11T17:24:20.752Z
G01,108,add,Doing,[externo],2026-05-11T17:24:23.117Z
G01,108,remove,Backlog,[externo],2026-05-11T17:24:23.117Z
G01,108,add,Waiting Review,[externo],2026-05-11T18:31:51.716Z
G01,108,remove,Doing,[externo],2026-05-11T18:31:51.716Z
G01,108,add,Review,G01-A15,2026-05-13T20:52:07.303Z
G01,108,remove,Waiting Review,G01-A15,2026-05-13T20:52:07.303Z
G01,108,remove,Review,G01-A15,2026-05-14T00:32:13.101Z
G01,109,add,DOCUMENTATION,G01-A14,2026-05-11T17:40:35.525Z
G01,109,add,M,G01-A14,2026-05-11T17:40:35.525Z
G01,109,add,Doing,G01-A14,2026-05-11T17:40:51.167Z
G01,109,add,Waiting Review,G01-A14,2026-05-12T12:37:26.465Z
G01,109,remove,Doing,G01-A14,2026-05-12T12:37:26.465Z
G01,109,add,Review,G01-A15,2026-05-13T20:52:05.670Z
G01,109,remove,Waiting Review,G01-A15,2026-05-13T20:52:05.670Z
G01,109,remove,Review,G01-A15,2026-05-14T00:32:12.429Z
G01,110,add,Backlog,[externo],2026-05-11T18:03:42.883Z
G01,110,add,DOCUMENTATION,[externo],2026-05-11T18:04:07.191Z
G01,110,add,M,[externo],2026-05-11T18:04:07.191Z
G01,110,add,ART.04,[externo],2026-05-11T18:04:07.191Z
G01,110,add,Doing,[externo],2026-05-11T18:04:11.775Z
G01,110,remove,Backlog,[externo],2026-05-11T18:04:11.775Z
G01,110,add,Waiting Review,[externo],2026-05-11T18:31:29.336Z
G01,110,remove,Doing,[externo],2026-05-11T18:31:29.336Z
G01,110,add,Review,G01-A15,2026-05-13T20:52:06.492Z
G01,110,remove,Waiting Review,G01-A15,2026-05-13T20:52:06.492Z
G01,110,remove,Review,G01-A15,2026-05-14T00:32:13.813Z
G01,111,add,Backlog,[externo],2026-05-12T17:30:07.731Z
G01,111,add,CODE,[externo],2026-05-12T17:30:28.923Z
G01,111,add,M,[externo],2026-05-12T17:30:28.923Z
G01,111,add,ART.4,[externo],2026-05-12T17:30:28.923Z
G01,111,add,Doing,[externo],2026-05-12T17:30:43.736Z
G01,111,remove,Backlog,[externo],2026-05-12T17:30:43.736Z
G01,111,add,Waiting Review,[externo],2026-05-15T14:12:12.543Z
G01,111,remove,Doing,[externo],2026-05-15T14:12:12.543Z
G01,111,remove,Waiting Review,G01-A16,2026-05-15T20:37:55.376Z
G01,112,add,Backlog,G01-A14,2026-05-12T17:41:09.891Z
G01,112,add,DOCUMENTATION,G01-A14,2026-05-12T17:41:21.851Z
G01,112,add,M,G01-A14,2026-05-12T17:41:43.444Z
G01,112,add,Doing,G01-A14,2026-05-12T17:41:51.581Z
G01,112,remove,Backlog,G01-A14,2026-05-12T17:41:51.581Z
G01,112,add,Waiting Review,G01-A14,2026-05-13T10:53:12.424Z
G01,112,remove,Doing,G01-A14,2026-05-13T10:53:12.424Z
G01,112,add,Review,G01-A15,2026-05-13T20:52:02.898Z
G01,112,remove,Waiting Review,G01-A15,2026-05-13T20:52:02.898Z
G01,112,remove,Review,G01-A15,2026-05-14T00:32:18.466Z
G01,113,add,DESIGN,G01-A12,2026-05-13T03:40:08.386Z
G01,113,add,ART.02,G01-A12,2026-05-13T03:40:08.386Z
G01,113,add,M,G01-A12,2026-05-13T03:40:13.618Z
G01,113,add,Backlog,G01-A12,2026-05-13T03:40:20.723Z
G01,113,add,Doing,G01-A12,2026-05-13T03:40:27.350Z
G01,113,remove,Backlog,G01-A12,2026-05-13T03:40:27.350Z
G01,113,add,ART.04,G01-A12,2026-05-13T03:43:02.635Z
G01,113,remove,ART.02,G01-A12,2026-05-13T03:43:02.635Z
G01,113,add,Waiting Review,G01-A12,2026-05-16T01:37:48.430Z
G01,113,remove,Doing,G01-A12,2026-05-16T01:37:48.430Z
G01,113,add,Review,G01-A13,2026-05-16T02:14:30.829Z
G01,113,remove,Waiting Review,G01-A13,2026-05-16T02:14:30.829Z
G01,113,remove,Review,G01-A13,2026-05-16T02:21:30.445Z
G01,114,add,DESIGN,G01-A12,2026-05-13T03:39:46.506Z
G01,114,add,M,G01-A12,2026-05-13T03:39:46.506Z
G01,114,add,ART.02,G01-A12,2026-05-13T03:39:46.506Z
G01,114,add,Backlog,G01-A12,2026-05-13T03:40:22.864Z
G01,114,add,Doing,G01-A12,2026-05-13T03:40:29.110Z
G01,114,remove,Backlog,G01-A12,2026-05-13T03:40:29.110Z
G01,114,add,ART.04,G01-A12,2026-05-13T03:42:50.075Z
G01,114,remove,ART.02,G01-A12,2026-05-13T03:42:50.075Z
G01,114,add,Waiting Review,G01-A12,2026-05-16T01:37:49.992Z
G01,114,remove,Doing,G01-A12,2026-05-16T01:37:49.992Z
G01,114,add,Review,G01-A13,2026-05-16T02:14:29.851Z
G01,114,remove,Waiting Review,G01-A13,2026-05-16T02:14:29.851Z
G01,114,remove,Review,G01-A13,2026-05-16T02:21:32.141Z
G01,115,add,DESIGN,G01-A12,2026-05-13T03:39:14.591Z
G01,115,add,M,G01-A12,2026-05-13T03:39:14.591Z
G01,115,add,ART.02,G01-A12,2026-05-13T03:39:14.591Z
G01,115,add,Backlog,G01-A12,2026-05-13T03:40:24.275Z
G01,115,add,Doing,G01-A12,2026-05-13T03:40:31.245Z
G01,115,remove,Backlog,G01-A12,2026-05-13T03:40:31.245Z
G01,115,remove,ART.02,G01-A12,2026-05-13T03:41:34.493Z
G01,115,add,ART.4,G01-A12,2026-05-13T03:42:26.442Z
G01,115,add,ART.04,G01-A12,2026-05-13T03:42:26.442Z
G01,115,remove,ART.4,G01-A12,2026-05-13T03:42:34.918Z
G01,115,add,Waiting Review,G01-A12,2026-05-16T01:37:51.581Z
G01,115,remove,Doing,G01-A12,2026-05-16T01:37:51.581Z
G01,115,add,Review,G01-A13,2026-05-16T02:14:29.035Z
G01,115,remove,Waiting Review,G01-A13,2026-05-16T02:14:29.035Z
G01,115,remove,Review,G01-A13,2026-05-16T02:21:35.849Z
G01,116,add,DOCUMENTATION,G01-A17,2026-05-13T13:07:58.625Z
G01,116,add,M,G01-A17,2026-05-13T13:08:16.023Z
G01,116,add,Backlog,G01-A17,2026-05-13T13:08:19.764Z
G01,116,add,Doing,G01-A17,2026-05-13T16:31:43.851Z
G01,116,remove,Backlog,G01-A17,2026-05-13T16:31:43.851Z
G01,116,add,Waiting Review,G01-A17,2026-05-14T02:33:53.942Z
G01,116,remove,Doing,G01-A17,2026-05-14T02:33:53.942Z
G01,116,remove,Waiting Review,G01-A16,2026-05-15T20:37:45.204Z
G01,117,add,DOCUMENTATION,G01-A23,2026-05-13T17:37:55.678Z
G01,117,add,M,G01-A23,2026-05-13T17:37:55.678Z
G01,117,add,ART.03,G01-A23,2026-05-13T17:37:55.678Z
G01,117,add,Backlog,G01-A23,2026-05-13T17:38:19.615Z
G01,117,add,Doing,G01-A23,2026-05-14T13:33:50.895Z
G01,117,remove,Backlog,G01-A23,2026-05-14T13:33:50.895Z
G01,117,add,Waiting Review,G01-A23,2026-05-14T13:33:55.621Z
G01,117,remove,Doing,G01-A23,2026-05-14T13:33:55.621Z
G01,117,remove,Waiting Review,G01-A16,2026-05-15T20:37:51.330Z
G01,118,add,Doing,G01-A15,2026-05-13T18:01:18.823Z
G01,118,add,DOCUMENTATION,G01-A15,2026-05-13T18:01:38.374Z
G01,118,add,CODE,G01-A15,2026-05-13T18:01:38.374Z
G01,118,add,M,G01-A15,2026-05-13T18:01:38.374Z
G01,118,add,NEGÓCIOS,G01-A15,2026-05-13T18:01:38.374Z
G01,118,add,Waiting Review,G01-A15,2026-05-13T18:42:56.964Z
G01,118,remove,Doing,G01-A15,2026-05-13T18:42:56.964Z
G01,118,remove,Waiting Review,G01-A16,2026-05-15T20:37:53.399Z
G01,119,add,Doing,G01-A15,2026-05-13T20:35:25.027Z
G01,119,add,G,G01-A15,2026-05-13T20:35:35.269Z
G01,119,add,DOCUMENTATION,G01-A15,2026-05-13T20:35:43.214Z
G01,119,add,CODE,G01-A15,2026-05-13T20:35:43.214Z
G01,119,add,Waiting Review,G01-A15,2026-05-14T00:31:58.671Z
G01,119,remove,Doing,G01-A15,2026-05-14T00:31:58.671Z
G01,119,remove,Waiting Review,G01-A16,2026-05-15T20:37:49.136Z
G01,120,add,Backlog,G01-A12,2026-05-16T01:57:22.423Z
G01,120,add,Doing,G01-A12,2026-05-16T01:57:25.085Z
G01,120,remove,Backlog,G01-A12,2026-05-16T01:57:25.085Z
G01,120,add,DESIGN,G01-A12,2026-05-16T02:05:27.795Z
G01,120,add,ART.05,G01-A12,2026-05-16T02:05:27.795Z
G01,120,add,M,G01-A12,2026-05-16T02:05:35.967Z
G01,120,add,Waiting Review,G01-A12,2026-05-16T02:05:57.181Z
G01,120,remove,Doing,G01-A12,2026-05-16T02:05:57.181Z
G01,120,add,Review,G01-A13,2026-05-16T02:14:27.154Z
G01,120,remove,Waiting Review,G01-A13,2026-05-16T02:14:27.154Z
G01,120,remove,ART.05,G01-A12,2026-05-16T02:18:04.356Z
G01,120,add,ART.04,G01-A12,2026-05-16T02:18:11.133Z
G01,120,remove,Review,G01-A13,2026-05-16T02:21:38.043Z
G01,121,add,Doing,G01-A15,2026-05-14T17:52:32.380Z
G01,121,add,DOCUMENTATION,G01-A15,2026-05-14T17:52:44.150Z
G01,121,add,CODE,G01-A15,2026-05-14T17:52:44.150Z
G01,121,add,G,G01-A15,2026-05-14T17:52:44.150Z
G01,121,add,ART.4,G01-A15,2026-05-14T17:53:02.013Z
G01,121,add,Waiting Review,G01-A15,2026-05-16T15:37:18.773Z
G01,121,remove,Doing,G01-A15,2026-05-16T15:37:18.773Z
G01,121,add,Review,G01-A12,2026-05-18T17:27:37.053Z
G01,121,remove,Waiting Review,G01-A12,2026-05-18T17:27:37.053Z
G01,121,remove,Review,G01-A12,2026-05-18T22:11:53.310Z
G01,122,add,Backlog,G01-A14,2026-05-14T18:03:32.399Z
G01,122,add,DOCUMENTATION,G01-A14,2026-05-14T18:03:50.601Z
G01,122,add,CODE,G01-A14,2026-05-14T18:03:50.601Z
G01,122,add,G,G01-A14,2026-05-14T18:03:50.601Z
G01,122,add,Doing,G01-A14,2026-05-14T18:04:02.893Z
G01,122,remove,Backlog,G01-A14,2026-05-14T18:04:02.893Z
G01,122,add,Waiting Review,G01-A14,2026-05-15T01:30:19.304Z
G01,122,remove,Doing,G01-A14,2026-05-15T01:30:19.304Z
G01,122,remove,Waiting Review,G01-A16,2026-05-15T20:37:42.775Z
G01,123,add,Backlog,[externo],2026-05-15T14:12:31.894Z
G01,123,add,CODE_REVIEW,[externo],2026-05-15T14:12:55.708Z
G01,123,add,G,[externo],2026-05-15T14:12:55.708Z
G01,123,add,ART.4,[externo],2026-05-15T14:12:55.708Z
G01,123,add,BUG,G01-A12,2026-06-01T17:10:13.712Z
G01,123,add,Doing,G01-A12,2026-06-01T17:15:46.964Z
G01,123,remove,Backlog,G01-A12,2026-06-01T17:15:46.964Z
G01,123,add,Waiting Review,G01-A12,2026-06-01T17:16:10.694Z
G01,123,remove,Doing,G01-A12,2026-06-01T17:16:10.694Z
G01,123,add,Review,G01-A12,2026-06-01T17:18:55.609Z
G01,123,remove,Waiting Review,G01-A12,2026-06-01T17:18:55.609Z
G01,123,remove,Review,G01-A12,2026-06-01T17:19:01.713Z
G01,124,add,DOCUMENTATION,G01-A12,2026-05-16T02:06:42.272Z
G01,124,add,DESIGN,G01-A12,2026-05-16T02:06:42.272Z
G01,124,add,M,G01-A12,2026-05-16T02:06:42.272Z
G01,124,add,ART.05,G01-A12,2026-05-16T02:06:42.272Z
G01,124,add,CODE,G01-A12,2026-05-16T02:07:00.378Z
G01,124,add,Backlog,G01-A12,2026-05-16T02:07:09.335Z
G01,124,add,Doing,G01-A12,2026-05-16T02:07:11.305Z
G01,124,remove,Backlog,G01-A12,2026-05-16T02:07:11.305Z
G01,124,add,Waiting Review,G01-A12,2026-05-16T02:13:46.482Z
G01,124,remove,Doing,G01-A12,2026-05-16T02:13:46.482Z
G01,124,add,Review,G01-A13,2026-05-16T02:17:09.067Z
G01,124,remove,Waiting Review,G01-A13,2026-05-16T02:17:09.067Z
G01,124,remove,ART.05,G01-A12,2026-05-16T02:17:15.394Z
G01,124,add,ART.04,G01-A12,2026-05-16T02:17:26.980Z
G01,124,remove,Review,G01-A13,2026-05-16T02:21:29.297Z
G01,125,add,CODE,G01-A14,2026-05-18T17:12:01.906Z
G01,125,add,M,G01-A14,2026-05-18T17:12:01.906Z
G01,125,add,ART.8,G01-A14,2026-05-18T17:12:01.906Z
G01,125,add,Backlog,G01-A14,2026-05-18T17:13:32.646Z
G01,125,add,Doing,G01-A14,2026-05-26T17:20:47.393Z
G01,125,remove,Backlog,G01-A14,2026-05-26T17:20:47.393Z
G01,125,add,Waiting Review,G01-A14,2026-05-26T18:45:35.078Z
G01,125,remove,Doing,G01-A14,2026-05-26T18:45:35.078Z
G01,125,add,Review,G01-A15,2026-05-30T01:48:22.589Z
G01,125,remove,Waiting Review,G01-A15,2026-05-30T01:48:22.589Z
G01,125,remove,Review,G01-A15,2026-06-12T00:00:52.927Z
G01,126,add,CODE,G01-A14,2026-05-18T17:13:17.018Z
G01,126,add,M,G01-A14,2026-05-18T17:13:17.018Z
G01,126,add,ART.8,G01-A14,2026-05-18T17:13:17.018Z
G01,126,add,Backlog,G01-A14,2026-05-18T17:13:34.934Z
G01,126,add,Doing,G01-A14,2026-05-28T23:55:17.999Z
G01,126,remove,Backlog,G01-A14,2026-05-28T23:55:17.999Z
G01,126,add,Waiting Review,G01-A14,2026-05-29T01:49:30.877Z
G01,126,remove,Doing,G01-A14,2026-05-29T01:49:30.877Z
G01,126,add,Review,G01-A15,2026-05-30T01:48:07.783Z
G01,126,remove,Waiting Review,G01-A15,2026-05-30T01:48:07.783Z
G01,126,remove,Review,G01-A15,2026-06-12T00:00:02.423Z
G01,127,add,CODE,G01-A13,2026-05-18T17:28:51.381Z
G01,127,add,G,G01-A13,2026-05-18T17:28:51.381Z
G01,127,add,ART.9,G01-A13,2026-05-18T17:28:51.381Z
G01,127,add,Backlog,G01-A13,2026-05-18T17:31:56.709Z
G01,127,add,Doing,G01-A13,2026-05-18T17:35:50.951Z
G01,127,remove,Backlog,G01-A13,2026-05-18T17:35:50.951Z
G01,127,add,Waiting Review,G01-A13,2026-05-19T23:47:56.775Z
G01,127,remove,Doing,G01-A13,2026-05-19T23:47:56.775Z
G01,127,add,Review,G01-A15,2026-05-20T23:26:00.711Z
G01,127,remove,Waiting Review,G01-A15,2026-05-20T23:26:00.711Z
G01,127,remove,Review,G01-A15,2026-05-30T01:47:52.566Z
G01,128,add,CODE,G01-A13,2026-05-18T17:30:16.013Z
G01,128,add,G,G01-A13,2026-05-18T17:30:16.013Z
G01,128,add,ART.9,G01-A13,2026-05-18T17:30:16.013Z
G01,128,add,Backlog,G01-A13,2026-05-18T17:31:54.814Z
G01,128,add,Doing,G01-A13,2026-05-20T00:00:59.426Z
G01,128,remove,Backlog,G01-A13,2026-05-20T00:00:59.426Z
G01,128,add,Waiting Review,G01-A13,2026-05-26T12:56:47.607Z
G01,128,remove,Doing,G01-A13,2026-05-26T12:56:47.607Z
G01,128,add,Review,G01-A12,2026-05-28T03:34:39.790Z
G01,128,remove,Waiting Review,G01-A12,2026-05-28T03:34:39.790Z
G01,128,remove,Review,G01-A12,2026-05-28T18:13:12.617Z
G01,129,add,CODE,G01-A13,2026-05-18T17:31:35.904Z
G01,129,add,G,G01-A13,2026-05-18T17:31:35.904Z
G01,129,add,ART.9,G01-A13,2026-05-18T17:31:35.904Z
G01,129,add,Backlog,G01-A13,2026-05-18T17:31:52.191Z
G01,129,add,Doing,G01-A13,2026-05-19T23:48:28.373Z
G01,129,remove,Backlog,G01-A13,2026-05-19T23:48:28.373Z
G01,129,add,Waiting Review,G01-A13,2026-05-26T13:41:53.687Z
G01,129,remove,Doing,G01-A13,2026-05-26T13:41:53.687Z
G01,129,add,Review,G01-A12,2026-05-28T03:34:41.129Z
G01,129,remove,Waiting Review,G01-A12,2026-05-28T03:34:41.129Z
G01,129,remove,Review,G01-A12,2026-05-28T18:13:14.464Z
G01,130,add,ART.9,G01-A16,2026-05-18T17:52:59.807Z
G01,130,add,DOCUMENTATION,G01-A16,2026-05-18T17:53:52.930Z
G01,130,add,NEGÓCIOS,G01-A16,2026-05-18T17:53:52.930Z
G01,130,remove,ART.9,G01-A16,2026-05-18T17:53:52.930Z
G01,130,remove,NEGÓCIOS,G01-A16,2026-05-18T17:57:01.809Z
G01,130,add,DESIGN,G01-A16,2026-05-18T17:57:09.092Z
G01,130,add,Backlog,G01-A16,2026-05-18T18:12:21.774Z
G01,130,add,Doing,G01-A16,2026-05-27T19:22:18.024Z
G01,130,remove,Backlog,G01-A16,2026-05-27T19:22:18.024Z
G01,130,add,Waiting Review,G01-A16,2026-05-27T20:04:15.498Z
G01,130,remove,Doing,G01-A16,2026-05-27T20:04:15.498Z
G01,130,add,Review,G01-A15,2026-05-30T01:48:27.448Z
G01,130,remove,Waiting Review,G01-A15,2026-05-30T01:48:27.448Z
G01,130,remove,Review,G01-A16,2026-06-05T03:36:57.755Z
G01,131,add,DOCUMENTATION,G01-A16,2026-05-18T17:54:41.944Z
G01,131,add,NEGÓCIOS,G01-A16,2026-05-18T17:54:41.944Z
G01,131,remove,NEGÓCIOS,G01-A16,2026-05-18T17:56:34.139Z
G01,131,add,COMP,G01-A16,2026-05-18T17:57:35.926Z
G01,131,add,Backlog,G01-A16,2026-05-18T18:12:20.147Z
G01,131,add,Doing,G01-A16,2026-05-27T19:22:08.114Z
G01,131,remove,Backlog,G01-A16,2026-05-27T19:22:08.114Z
G01,131,add,Waiting Review,G01-A16,2026-05-27T20:04:16.632Z
G01,131,remove,Doing,G01-A16,2026-05-27T20:04:16.632Z
G01,131,add,Review,G01-A15,2026-05-30T01:49:15.127Z
G01,131,remove,Waiting Review,G01-A15,2026-05-30T01:49:15.127Z
G01,131,remove,Review,G01-A16,2026-06-05T03:36:57.900Z
G01,132,add,DOCUMENTATION,G01-A16,2026-05-18T17:55:16.585Z
G01,132,add,NEGÓCIOS,G01-A16,2026-05-18T17:55:16.585Z
G01,132,add,Backlog,G01-A16,2026-05-18T18:12:19.180Z
G01,132,add,Doing,G01-A16,2026-05-18T21:52:41.231Z
G01,132,remove,Backlog,G01-A16,2026-05-18T21:52:41.231Z
G01,132,add,Waiting Review,G01-A16,2026-05-18T22:12:00.800Z
G01,132,remove,Doing,G01-A16,2026-05-18T22:12:00.800Z
G01,132,add,Review,G01-A15,2026-05-20T23:26:03.298Z
G01,132,remove,Waiting Review,G01-A15,2026-05-20T23:26:03.298Z
G01,132,remove,Review,G01-A15,2026-05-30T01:47:34.101Z
G01,133,add,ART.07,G01-A12,2026-05-18T18:05:09.174Z
G01,133,add,DOCUMENTATION,G01-A12,2026-05-18T18:05:24.283Z
G01,133,add,DESIGN,G01-A12,2026-05-18T18:05:24.283Z
G01,133,add,M,G01-A12,2026-05-18T18:05:24.283Z
G01,133,add,Backlog,G01-A12,2026-05-18T18:05:49.096Z
G01,133,add,Doing,G01-A12,2026-05-18T18:05:51.216Z
G01,133,remove,Backlog,G01-A12,2026-05-18T18:05:51.216Z
G01,133,add,Waiting Review,G01-A12,2026-05-18T22:11:49.535Z
G01,133,remove,Doing,G01-A12,2026-05-18T22:11:49.535Z
G01,133,add,Review,G01-A15,2026-05-20T23:26:01.477Z
G01,133,remove,Waiting Review,G01-A15,2026-05-20T23:26:01.477Z
G01,133,remove,Review,G01-A15,2026-05-30T01:47:44.788Z
G01,134,add,CODE,G01-A17,2026-05-18T18:23:43.725Z
G01,134,add,ART.8,G01-A17,2026-05-18T18:24:02.218Z
G01,134,add,Backlog,G01-A17,2026-05-18T18:24:06.667Z
G01,134,add,Doing,G01-A17,2026-05-28T17:13:34.604Z
G01,134,remove,Backlog,G01-A17,2026-05-28T17:13:34.604Z
G01,134,add,Waiting Review,G01-A17,2026-05-29T11:52:52.911Z
G01,134,remove,Doing,G01-A17,2026-05-29T11:52:52.911Z
G01,134,add,Review,G01-A15,2026-05-30T01:48:06.134Z
G01,134,remove,Waiting Review,G01-A15,2026-05-30T01:48:06.134Z
G01,134,remove,Review,G01-A16,2026-06-05T03:36:57.959Z
G01,135,add,CODE,G01-A13,2026-05-19T13:08:27.300Z
G01,135,add,G,G01-A13,2026-05-19T13:08:27.300Z
G01,135,add,ART.9,G01-A13,2026-05-19T13:08:27.300Z
G01,135,add,Backlog,G01-A13,2026-05-25T14:08:40.206Z
G01,135,add,Doing,G01-A13,2026-05-26T17:05:24.138Z
G01,135,remove,Backlog,G01-A13,2026-05-26T17:05:24.138Z
G01,135,add,Waiting Review,G01-A13,2026-05-28T18:41:23.641Z
G01,135,remove,Doing,G01-A13,2026-05-28T18:41:23.641Z
G01,135,add,Review,G01-A15,2026-05-30T01:48:09.912Z
G01,135,remove,Waiting Review,G01-A15,2026-05-30T01:48:09.912Z
G01,135,remove,Review,G01-A15,2026-06-12T00:00:14.698Z
G01,136,add,CODE,G01-A13,2026-05-19T13:11:03.604Z
G01,136,add,G,G01-A13,2026-05-19T13:11:03.604Z
G01,136,add,ART.9,G01-A13,2026-05-19T13:11:03.604Z
G01,136,add,Backlog,G01-A13,2026-05-25T14:08:37.801Z
G01,136,add,Doing,G01-A13,2026-05-29T00:48:15.798Z
G01,136,remove,Backlog,G01-A13,2026-05-29T00:48:15.798Z
G01,136,add,Waiting Review,G01-A13,2026-05-29T01:37:37.291Z
G01,136,remove,Doing,G01-A13,2026-05-29T01:37:37.291Z
G01,136,add,Review,G01-A15,2026-05-30T01:48:06.944Z
G01,136,remove,Waiting Review,G01-A15,2026-05-30T01:48:06.944Z
G01,136,remove,Review,G01-A15,2026-06-11T23:59:55.886Z
G01,137,add,Backlog,G01-A16,2026-05-19T18:06:11.050Z
G01,137,add,NEGÓCIOS,G01-A16,2026-05-19T18:08:31.796Z
G01,137,add,ART.01,G01-A16,2026-05-19T18:08:31.796Z
G01,137,remove,ART.01,G01-A16,2026-05-19T18:08:34.262Z
G01,137,add,DOCUMENTATION,G01-A16,2026-05-19T18:08:47.622Z
G01,137,add,Doing,G01-A16,2026-05-27T19:21:58.517Z
G01,137,remove,Backlog,G01-A16,2026-05-27T19:21:58.517Z
G01,137,add,Waiting Review,G01-A16,2026-05-27T20:04:17.666Z
G01,137,remove,Doing,G01-A16,2026-05-27T20:04:17.666Z
G01,137,add,Review,G01-A15,2026-05-30T01:48:30.655Z
G01,137,remove,Waiting Review,G01-A15,2026-05-30T01:48:30.655Z
G01,137,remove,Review,G01-A15,2026-05-30T01:49:10.639Z
G01,138,add,DOCUMENTATION,G01-A12,2026-05-19T18:11:17.578Z
G01,138,add,DESIGN,G01-A12,2026-05-19T18:11:17.578Z
G01,138,add,M,G01-A12,2026-05-19T18:11:17.578Z
G01,138,add,ART.07,G01-A12,2026-05-19T18:11:17.578Z
G01,138,add,Backlog,G01-A12,2026-05-19T18:11:30.263Z
G01,138,add,Doing,G01-A12,2026-05-19T18:11:34.066Z
G01,138,remove,Backlog,G01-A12,2026-05-19T18:11:34.066Z
G01,138,add,Waiting Review,G01-A12,2026-05-30T05:02:41.972Z
G01,138,remove,Doing,G01-A12,2026-05-30T05:02:41.972Z
G01,138,add,Review,G01-A17,2026-06-01T11:31:37.074Z
G01,138,remove,Waiting Review,G01-A17,2026-06-01T11:31:37.074Z
G01,138,remove,Review,G01-A17,2026-06-01T14:34:27.832Z
G01,139,add,ART.02,G01-A23,2026-05-19T18:41:59.901Z
G01,139,add,DOCUMENTATION,G01-A23,2026-05-19T18:42:21.031Z
G01,139,add,SIZE_P,G01-A23,2026-05-19T18:42:21.031Z
G01,139,add,Backlog,G01-A23,2026-05-19T18:42:38.730Z
G01,139,add,Doing,G01-A23,2026-05-20T17:35:34.053Z
G01,139,remove,Backlog,G01-A23,2026-05-20T17:35:34.053Z
G01,139,add,Waiting Review,G01-A23,2026-05-20T17:35:36.377Z
G01,139,remove,Doing,G01-A23,2026-05-20T17:35:36.377Z
G01,139,add,Review,G01-A15,2026-05-20T23:26:02.053Z
G01,139,remove,Waiting Review,G01-A15,2026-05-20T23:26:02.053Z
G01,139,remove,Review,G01-A15,2026-05-30T01:47:43.857Z
G01,140,add,G,G01-A17,2026-05-20T02:31:30.525Z
G01,140,add,CODE,G01-A17,2026-05-20T02:31:42.053Z
G01,140,add,Backlog,G01-A17,2026-05-20T02:31:46.750Z
G01,140,add,Doing,G01-A17,2026-05-20T02:31:48.359Z
G01,140,remove,Backlog,G01-A17,2026-05-20T02:31:48.359Z
G01,140,add,Waiting Review,G01-A17,2026-05-20T18:20:13.487Z
G01,140,remove,Doing,G01-A17,2026-05-20T18:20:13.487Z
G01,140,add,Review,G01-A15,2026-05-20T23:25:59.418Z
G01,140,remove,Waiting Review,G01-A15,2026-05-20T23:25:59.418Z
G01,140,remove,Review,G01-A15,2026-05-30T01:48:01.136Z
G01,141,add,Backlog,G01-A14,2026-05-20T18:28:18.758Z
G01,141,add,CODE,G01-A14,2026-05-20T18:28:44.813Z
G01,141,add,G,G01-A14,2026-05-20T18:28:44.813Z
G01,141,add,ART.8,G01-A14,2026-05-20T18:28:44.813Z
G01,141,add,Doing,G01-A14,2026-05-20T18:29:00.879Z
G01,141,remove,Backlog,G01-A14,2026-05-20T18:29:00.879Z
G01,141,add,Waiting Review,G01-A14,2026-05-21T14:58:53.380Z
G01,141,remove,Doing,G01-A14,2026-05-21T14:58:53.380Z
G01,141,add,Review,G01-A15,2026-05-30T01:48:15.779Z
G01,141,remove,Waiting Review,G01-A15,2026-05-30T01:48:15.779Z
G01,141,remove,Review,G01-A15,2026-06-12T00:00:30.261Z
G01,142,add,CODE,G01-A17,2026-05-20T18:28:44.739Z
G01,142,add,Backlog,G01-A17,2026-05-20T18:29:02.301Z
G01,142,add,G,G01-A17,2026-05-20T18:29:31.487Z
G01,142,add,DOCUMENTATION,G01-A17,2026-05-20T18:29:42.601Z
G01,142,add,Doing,G01-A17,2026-05-20T18:29:47.175Z
G01,142,remove,Backlog,G01-A17,2026-05-20T18:29:47.175Z
G01,142,add,Waiting Review,G01-A17,2026-05-22T10:46:47.355Z
G01,142,remove,Doing,G01-A17,2026-05-22T10:46:47.355Z
G01,142,add,Review,G01-A15,2026-05-30T01:48:18.719Z
G01,142,remove,Waiting Review,G01-A15,2026-05-30T01:48:18.719Z
G01,142,remove,Review,G01-A15,2026-06-12T00:00:44.964Z
G01,143,add,Doing,G01-A15,2026-05-20T18:44:05.347Z
G01,143,add,M,G01-A15,2026-05-20T18:45:21.562Z
G01,143,add,CODE,G01-A15,2026-05-20T18:59:49.104Z
G01,143,add,Waiting Review,G01-A15,2026-05-20T19:58:56.277Z
G01,143,remove,Doing,G01-A15,2026-05-20T19:58:56.277Z
G01,143,add,Review,G01-A12,2026-05-28T18:14:44.573Z
G01,143,remove,Waiting Review,G01-A12,2026-05-28T18:14:44.573Z
G01,143,remove,Review,G01-A12,2026-05-29T22:32:25.743Z
G01,144,add,Backlog,G01-A23,2026-05-20T18:44:31.108Z
G01,144,add,DOCUMENTATION,G01-A23,2026-05-20T18:45:17.420Z
G01,144,add,P,G01-A23,2026-05-20T18:45:17.420Z
G01,144,add,BUG,G01-A12,2026-06-01T17:09:38.844Z
G01,144,add,Doing,G01-A12,2026-06-01T17:15:49.050Z
G01,144,remove,Backlog,G01-A12,2026-06-01T17:15:49.050Z
G01,144,add,Waiting Review,G01-A12,2026-06-01T17:16:04.131Z
G01,144,remove,Doing,G01-A12,2026-06-01T17:16:04.131Z
G01,144,add,Review,G01-A12,2026-06-01T17:18:53.643Z
G01,144,remove,Waiting Review,G01-A12,2026-06-01T17:18:53.643Z
G01,144,remove,Review,G01-A12,2026-06-01T17:19:04.059Z
G01,145,add,CODE,G01-A13,2026-05-21T00:27:10.891Z
G01,145,add,G,G01-A13,2026-05-21T00:27:10.891Z
G01,145,add,Backlog,G01-A13,2026-05-21T13:12:00.836Z
G01,145,add,Doing,G01-A13,2026-05-21T13:15:30.245Z
G01,145,remove,Backlog,G01-A13,2026-05-21T13:15:30.245Z
G01,145,add,Waiting Review,G01-A13,2026-05-21T17:02:38.892Z
G01,145,remove,Doing,G01-A13,2026-05-21T17:02:38.892Z
G01,145,add,Review,G01-A15,2026-05-30T01:48:17.727Z
G01,145,remove,Waiting Review,G01-A15,2026-05-30T01:48:17.727Z
G01,145,remove,Review,G01-A15,2026-06-12T00:00:41.143Z
G01,146,add,Doing,G01-A15,2026-05-21T13:11:11.035Z
G01,146,add,G,G01-A15,2026-05-21T13:11:21.580Z
G01,146,add,Waiting Review,G01-A16,2026-05-21T14:31:05.108Z
G01,146,remove,Doing,G01-A16,2026-05-21T14:31:05.108Z
G01,146,add,Review,G01-A15,2026-05-30T01:48:16.747Z
G01,146,remove,Waiting Review,G01-A15,2026-05-30T01:48:16.747Z
G01,146,remove,Review,G01-A15,2026-06-14T16:27:28.331Z
G01,147,add,Backlog,G01-A14,2026-05-21T13:11:47.841Z
G01,147,add,CODE,G01-A14,2026-05-21T13:12:03.305Z
G01,147,add,G,G01-A14,2026-05-21T13:12:03.305Z
G01,147,add,ART.8,G01-A14,2026-05-21T13:12:03.305Z
G01,147,add,Doing,G01-A14,2026-05-21T13:12:15.048Z
G01,147,remove,Backlog,G01-A14,2026-05-21T13:12:15.048Z
G01,147,add,Waiting Review,G01-A14,2026-05-25T17:12:53.917Z
G01,147,remove,Doing,G01-A14,2026-05-25T17:12:53.917Z
G01,147,add,Review,G01-A15,2026-05-30T01:48:25.292Z
G01,147,remove,Waiting Review,G01-A15,2026-05-30T01:48:25.292Z
G01,147,remove,Review,G01-A16,2026-06-05T03:36:58.002Z
G01,148,add,Doing,G01-A16,2026-05-21T13:18:33.448Z
G01,148,add,G,G01-A16,2026-05-21T13:18:33.448Z
G01,148,add,Waiting Review,G01-A15,2026-05-26T17:29:56.382Z
G01,148,remove,Doing,G01-A15,2026-05-26T17:29:56.382Z
G01,148,add,CODE,G01-A15,2026-05-26T17:30:09.876Z
G01,148,add,Review,G01-A12,2026-05-28T18:14:24.616Z
G01,148,remove,Waiting Review,G01-A12,2026-05-28T18:14:24.616Z
G01,148,remove,Review,G01-A12,2026-05-29T22:32:28.976Z
G01,149,add,CODE,G01-A17,2026-05-25T17:15:17.158Z
G01,149,add,P,G01-A17,2026-05-25T17:15:17.158Z
G01,149,add,Backlog,G01-A17,2026-05-25T17:15:22.765Z
G01,149,add,Doing,G01-A17,2026-05-25T17:15:23.880Z
G01,149,remove,Backlog,G01-A17,2026-05-25T17:15:23.880Z
G01,149,add,Waiting Review,G01-A17,2026-05-25T18:30:15.109Z
G01,149,remove,Doing,G01-A17,2026-05-25T18:30:15.109Z
G01,149,add,Review,G01-A15,2026-05-30T01:48:20.349Z
G01,149,remove,Waiting Review,G01-A15,2026-05-30T01:48:20.349Z
G01,149,remove,Review,G01-A15,2026-06-12T00:00:49.835Z
G01,150,add,Doing,G01-A14,2026-05-25T17:17:16.472Z
G01,150,add,CODE,G01-A14,2026-05-25T17:17:35.806Z
G01,150,add,M,G01-A14,2026-05-25T17:17:35.806Z
G01,150,add,ART.8,G01-A14,2026-05-25T17:17:35.806Z
G01,150,add,Waiting Review,G01-A14,2026-05-25T17:17:52.417Z
G01,150,remove,Doing,G01-A14,2026-05-25T17:17:52.417Z
G01,150,add,Doing,G01-A14,2026-05-25T17:17:55.410Z
G01,150,remove,Waiting Review,G01-A14,2026-05-25T17:17:55.410Z
G01,150,add,Waiting Review,G01-A14,2026-05-25T18:29:46.501Z
G01,150,remove,Doing,G01-A14,2026-05-25T18:29:46.501Z
G01,150,add,Review,G01-A15,2026-05-30T01:48:19.522Z
G01,150,remove,Waiting Review,G01-A15,2026-05-30T01:48:19.522Z
G01,150,remove,Review,G01-A15,2026-06-12T00:00:46.776Z
G01,151,add,CODE,G01-A17,2026-05-26T14:44:40.291Z
G01,151,add,Backlog,G01-A17,2026-05-26T14:44:45.284Z
G01,151,add,M,G01-A17,2026-05-26T14:44:53.437Z
G01,151,add,Doing,G01-A17,2026-05-26T14:44:55.671Z
G01,151,remove,Backlog,G01-A17,2026-05-26T14:44:55.671Z
G01,151,add,Waiting Review,G01-A17,2026-05-26T22:28:37.873Z
G01,151,remove,Doing,G01-A17,2026-05-26T22:28:37.873Z
G01,151,add,Review,G01-A15,2026-05-30T01:48:23.452Z
G01,151,remove,Waiting Review,G01-A15,2026-05-30T01:48:23.452Z
G01,151,remove,Review,G01-A16,2026-06-05T03:36:57.865Z
G01,152,add,CODE,G01-A17,2026-05-26T17:37:02.322Z
G01,152,add,Backlog,G01-A17,2026-05-26T17:37:07.827Z
G01,152,add,Doing,G01-A17,2026-05-26T17:37:09.408Z
G01,152,remove,Backlog,G01-A17,2026-05-26T17:37:09.408Z
G01,152,add,M,G01-A17,2026-05-26T17:37:23.989Z
G01,152,add,Waiting Review,G01-A17,2026-05-26T22:28:14.213Z
G01,152,remove,Doing,G01-A17,2026-05-26T22:28:14.213Z
G01,152,add,Review,G01-A15,2026-05-30T01:48:21.751Z
G01,152,remove,Waiting Review,G01-A15,2026-05-30T01:48:21.751Z
G01,152,remove,Review,G01-A15,2026-06-12T00:00:50.650Z
G01,153,add,DOCUMENTATION,G01-A23,2026-05-27T13:51:21.797Z
G01,153,add,M,G01-A23,2026-05-27T13:51:21.797Z
G01,153,add,ART.9,G01-A23,2026-05-27T13:51:33.937Z
G01,153,add,Backlog,G01-A23,2026-05-27T13:52:02.683Z
G01,153,add,Doing,G01-A23,2026-05-28T18:35:08.279Z
G01,153,remove,Backlog,G01-A23,2026-05-28T18:35:08.279Z
G01,153,add,Waiting Review,G01-A23,2026-05-28T18:35:10.478Z
G01,153,remove,Doing,G01-A23,2026-05-28T18:35:10.478Z
G01,153,add,Review,G01-A15,2026-05-30T01:48:10.635Z
G01,153,remove,Waiting Review,G01-A15,2026-05-30T01:48:10.635Z
G01,153,remove,Review,G01-A15,2026-06-12T00:00:28.115Z
G01,154,add,Doing,G01-A15,2026-05-26T18:12:13.949Z
G01,154,add,DOCUMENTATION,G01-A15,2026-05-26T18:12:46.797Z
G01,154,add,M,G01-A15,2026-05-26T18:12:46.797Z
G01,154,add,ART.06,G01-A15,2026-05-26T18:12:46.797Z
G01,154,add,Waiting Review,G01-A15,2026-05-26T21:14:22.479Z
G01,154,remove,Doing,G01-A15,2026-05-26T21:14:22.479Z
G01,154,add,Review,G01-A12,2026-05-28T03:36:30.651Z
G01,154,remove,Waiting Review,G01-A12,2026-05-28T03:36:30.651Z
G01,154,remove,Review,G01-A12,2026-05-28T18:13:17.650Z
G01,155,add,Backlog,G01-A14,2026-05-26T18:45:58.238Z
G01,155,add,DOCUMENTATION,G01-A14,2026-05-26T18:46:19.047Z
G01,155,add,M,G01-A14,2026-05-26T18:46:19.047Z
G01,155,add,ART.9,G01-A14,2026-05-26T18:46:19.047Z
G01,155,add,Doing,G01-A14,2026-05-27T17:41:41.794Z
G01,155,remove,Backlog,G01-A14,2026-05-27T17:41:41.794Z
G01,155,add,Waiting Review,G01-A14,2026-05-27T22:53:39.633Z
G01,155,remove,Doing,G01-A14,2026-05-27T22:53:39.633Z
G01,155,add,Review,G01-A15,2026-05-30T01:49:17.182Z
G01,155,remove,Waiting Review,G01-A15,2026-05-30T01:49:17.182Z
G01,155,remove,Review,G01-A16,2026-06-05T03:36:57.938Z
G01,156,add,CODE,G01-A17,2026-05-27T17:48:49.595Z
G01,156,add,ART.8,G01-A17,2026-05-27T17:49:00.271Z
G01,156,add,G,G01-A17,2026-05-27T17:49:07.392Z
G01,156,add,Backlog,G01-A17,2026-05-27T17:49:09.841Z
G01,156,add,Doing,G01-A17,2026-05-27T17:49:10.612Z
G01,156,remove,Backlog,G01-A17,2026-05-27T17:49:10.612Z
G01,156,add,Waiting Review,G01-A17,2026-05-28T17:13:24.106Z
G01,156,remove,Doing,G01-A17,2026-05-28T17:13:24.106Z
G01,156,add,Review,G01-A15,2026-05-30T01:48:12.385Z
G01,156,remove,Waiting Review,G01-A15,2026-05-30T01:48:12.385Z
G01,156,remove,Review,G01-A15,2026-06-12T00:00:29.311Z
G01,157,add,Doing,G01-A15,2026-05-27T18:00:38.192Z
G01,157,add,CODE,G01-A15,2026-05-27T18:01:02.933Z
G01,157,add,M,G01-A15,2026-05-27T18:01:02.933Z
G01,157,add,ART.9,G01-A15,2026-05-27T18:01:25.616Z
G01,157,add,Waiting Review,G01-A15,2026-05-27T18:39:42.934Z
G01,157,remove,Doing,G01-A15,2026-05-27T18:39:42.934Z
G01,157,add,Review,G01-A12,2026-05-28T18:14:07.717Z
G01,157,remove,Waiting Review,G01-A12,2026-05-28T18:14:07.717Z
G01,157,remove,Review,G01-A12,2026-05-29T22:32:30.760Z
G01,158,add,Waiting Review,G01-A15,2026-05-27T18:09:47.495Z
G01,158,add,CODE,G01-A15,2026-05-27T18:09:59.879Z
G01,158,add,P,G01-A15,2026-05-27T18:09:59.879Z
G01,158,add,ART.9,G01-A15,2026-05-27T18:09:59.879Z
G01,158,add,Review,G01-A15,2026-05-27T18:18:09.972Z
G01,158,remove,Waiting Review,G01-A15,2026-05-27T18:18:09.972Z
G01,158,add,Waiting Review,G01-A15,2026-05-27T18:18:12.475Z
G01,158,remove,Review,G01-A15,2026-05-27T18:18:12.475Z
G01,158,add,Doing,G01-A15,2026-05-27T18:18:16.581Z
G01,158,remove,Waiting Review,G01-A15,2026-05-27T18:18:16.581Z
G01,158,add,Waiting Review,G01-A15,2026-05-27T18:39:44.757Z
G01,158,remove,Doing,G01-A15,2026-05-27T18:39:44.757Z
G01,158,add,Review,G01-A12,2026-05-28T18:14:02.620Z
G01,158,remove,Waiting Review,G01-A12,2026-05-28T18:14:02.620Z
G01,158,remove,Review,G01-A12,2026-05-29T22:32:35.177Z
G01,159,add,Doing,G01-A15,2026-05-27T18:18:30.592Z
G01,159,add,CODE,G01-A15,2026-05-27T18:18:42.771Z
G01,159,add,M,G01-A15,2026-05-27T18:18:42.771Z
G01,159,add,ART.9,G01-A15,2026-05-27T18:18:42.771Z
G01,159,add,Waiting Review,G01-A15,2026-05-27T18:32:49.862Z
G01,159,remove,Doing,G01-A15,2026-05-27T18:32:49.862Z
G01,159,add,Review,G01-A12,2026-05-28T18:14:05.200Z
G01,159,remove,Waiting Review,G01-A12,2026-05-28T18:14:05.200Z
G01,159,remove,Review,G01-A12,2026-05-29T22:32:33.458Z
G01,160,add,CODE,G01-A17,2026-05-27T18:23:47.533Z
G01,160,add,M,G01-A17,2026-05-27T18:23:47.533Z
G01,160,add,Backlog,G01-A17,2026-05-27T18:24:00.022Z
G01,160,add,Doing,G01-A17,2026-05-27T18:24:01.239Z
G01,160,remove,Backlog,G01-A17,2026-05-27T18:24:01.239Z
G01,160,add,Waiting Review,G01-A17,2026-05-28T17:13:22.829Z
G01,160,remove,Doing,G01-A17,2026-05-28T17:13:22.829Z
G01,160,add,Review,G01-A15,2026-05-30T01:48:29.764Z
G01,160,remove,Waiting Review,G01-A15,2026-05-30T01:48:29.764Z
G01,160,remove,Review,G01-A16,2026-06-05T03:36:57.977Z
G01,161,add,Doing,G01-A15,2026-05-27T18:42:47.166Z
G01,161,add,CODE,G01-A15,2026-05-27T18:42:59.722Z
G01,161,add,M,G01-A15,2026-05-27T18:42:59.722Z
G01,161,add,ART.9,G01-A15,2026-05-27T18:42:59.722Z
G01,161,add,Waiting Review,G01-A15,2026-05-28T17:19:34.053Z
G01,161,remove,Doing,G01-A15,2026-05-28T17:19:34.053Z
G01,161,add,Review,G01-A12,2026-05-28T18:13:34.941Z
G01,161,remove,Waiting Review,G01-A12,2026-05-28T18:13:34.941Z
G01,161,remove,Review,G01-A12,2026-05-29T22:32:37.207Z
G01,162,add,Backlog,G01-A14,2026-05-27T23:04:48.376Z
G01,162,add,CODE,G01-A14,2026-05-27T23:05:04.154Z
G01,162,add,G,G01-A14,2026-05-27T23:05:04.154Z
G01,162,add,ART.8,G01-A14,2026-05-27T23:05:04.154Z
G01,162,add,Doing,G01-A14,2026-05-28T00:29:21.457Z
G01,162,remove,Backlog,G01-A14,2026-05-28T00:29:21.457Z
G01,162,add,Waiting Review,G01-A14,2026-05-28T02:46:04.146Z
G01,162,remove,Doing,G01-A14,2026-05-28T02:46:04.146Z
G01,162,add,Review,G01-A15,2026-05-30T01:49:16.171Z
G01,162,remove,Waiting Review,G01-A15,2026-05-30T01:49:16.171Z
G01,162,remove,Review,G01-A16,2026-06-05T03:36:57.867Z
G01,163,add,Backlog,G01-A14,2026-05-28T12:35:16.478Z
G01,163,add,CODE,G01-A14,2026-05-28T12:36:20.479Z
G01,163,add,G,G01-A14,2026-05-28T12:36:20.479Z
G01,163,add,ART.8,G01-A14,2026-05-28T12:36:20.479Z
G01,163,add,Doing,G01-A14,2026-05-28T17:56:50.041Z
G01,163,remove,Backlog,G01-A14,2026-05-28T17:56:50.041Z
G01,163,add,Waiting Review,G01-A14,2026-05-28T20:00:59.828Z
G01,163,remove,Doing,G01-A14,2026-05-28T20:00:59.828Z
G01,163,add,Review,G01-A15,2026-05-30T01:48:11.461Z
G01,163,remove,Waiting Review,G01-A15,2026-05-30T01:48:11.461Z
G01,163,remove,Review,G01-A15,2026-06-12T00:00:15.448Z
G01,164,add,G,G01-A17,2026-05-28T17:13:59.537Z
G01,164,add,CODE,G01-A17,2026-05-28T17:14:09.488Z
G01,164,add,Backlog,G01-A17,2026-05-28T17:14:11.612Z
G01,164,add,Doing,G01-A17,2026-05-28T17:14:12.953Z
G01,164,remove,Backlog,G01-A17,2026-05-28T17:14:12.953Z
G01,164,add,Waiting Review,G01-A17,2026-05-29T11:52:52.048Z
G01,164,remove,Doing,G01-A17,2026-05-29T11:52:52.048Z
G01,164,add,Review,G01-A15,2026-05-30T01:48:06.306Z
G01,164,remove,Waiting Review,G01-A15,2026-05-30T01:48:06.306Z
G01,164,remove,Review,G01-A15,2026-06-11T23:59:47.607Z
G01,165,add,Doing,G01-A15,2026-05-28T17:19:54.085Z
G01,165,add,DOCUMENTATION,G01-A15,2026-05-28T17:20:12.668Z
G01,165,add,M,G01-A15,2026-05-28T17:20:12.668Z
G01,165,add,Waiting Review,G01-A15,2026-05-28T23:05:22.681Z
G01,165,remove,Doing,G01-A15,2026-05-28T23:05:22.681Z
G01,165,add,Review,G01-A12,2026-05-30T05:02:36.633Z
G01,165,remove,Waiting Review,G01-A12,2026-05-30T05:02:36.633Z
G01,165,remove,Review,G01-A12,2026-06-01T14:32:53.358Z
G01,166,add,Backlog,G01-A23,2026-05-28T18:35:30.046Z
G01,166,add,DOCUMENTATION,G01-A23,2026-05-28T18:35:59.912Z
G01,166,add,SIZE_P,G01-A23,2026-05-28T18:35:59.912Z
G01,166,add,ART.9,G01-A23,2026-05-28T18:35:59.912Z
G01,166,add,BUG,G01-A12,2026-06-01T17:09:25.719Z
G01,166,add,Doing,G01-A12,2026-06-01T17:15:50.507Z
G01,166,remove,Backlog,G01-A12,2026-06-01T17:15:50.507Z
G01,166,add,Waiting Review,G01-A12,2026-06-01T17:16:02.200Z
G01,166,remove,Doing,G01-A12,2026-06-01T17:16:02.200Z
G01,166,add,Review,G01-A12,2026-06-01T17:18:51.801Z
G01,166,remove,Waiting Review,G01-A12,2026-06-01T17:18:51.801Z
G01,166,remove,Review,G01-A12,2026-06-01T17:19:06.706Z
G01,167,add,Backlog,G01-A14,2026-05-28T20:12:52.777Z
G01,167,add,CODE,G01-A14,2026-05-28T20:13:12.195Z
G01,167,add,M,G01-A14,2026-05-28T20:13:12.195Z
G01,167,add,ART.8,G01-A14,2026-05-28T20:13:12.195Z
G01,167,add,Doing,G01-A14,2026-05-28T20:13:26.417Z
G01,167,remove,Backlog,G01-A14,2026-05-28T20:13:26.417Z
G01,167,add,Waiting Review,G01-A14,2026-05-28T23:30:20.154Z
G01,167,remove,Doing,G01-A14,2026-05-28T23:30:20.154Z
G01,167,add,Review,G01-A15,2026-05-30T01:48:08.872Z
G01,167,remove,Waiting Review,G01-A15,2026-05-30T01:48:08.872Z
G01,167,remove,Review,G01-A15,2026-06-12T00:00:08.348Z
G01,168,add,CODE,G01-A17,2026-05-29T11:53:55.351Z
G01,168,add,G,G01-A17,2026-05-29T11:53:55.351Z
G01,168,add,Backlog,G01-A17,2026-05-29T11:54:05.549Z
G01,168,add,Doing,G01-A17,2026-05-29T11:54:06.754Z
G01,168,remove,Backlog,G01-A17,2026-05-29T11:54:06.754Z
G01,168,add,Waiting Review,G01-A17,2026-05-30T01:29:40.429Z
G01,168,remove,Doing,G01-A17,2026-05-30T01:29:40.429Z
G01,168,add,Review,G01-A15,2026-05-30T01:48:05.169Z
G01,168,remove,Waiting Review,G01-A15,2026-05-30T01:48:05.169Z
G01,168,remove,Review,G01-A15,2026-06-11T23:59:40.443Z
G01,169,add,Backlog,G01-A14,2026-05-29T16:19:30.811Z
G01,169,add,CODE,G01-A14,2026-05-29T16:19:51.471Z
G01,169,add,M,G01-A14,2026-05-29T16:19:51.471Z
G01,169,add,ART.8,G01-A14,2026-05-29T16:19:51.471Z
G01,169,add,Doing,G01-A14,2026-05-29T16:20:03.484Z
G01,169,remove,Backlog,G01-A14,2026-05-29T16:20:03.484Z
G01,169,add,Waiting Review,G01-A14,2026-05-29T22:22:26.770Z
G01,169,remove,Doing,G01-A14,2026-05-29T22:22:26.770Z
G01,169,add,Review,G01-A15,2026-05-30T01:48:02.340Z
G01,169,remove,Waiting Review,G01-A15,2026-05-30T01:48:02.340Z
G01,169,remove,Review,G01-A15,2026-06-11T23:59:32.001Z
G01,170,add,Backlog,G01-A14,2026-05-29T18:42:30.548Z
G01,170,add,DOCUMENTATION,G01-A14,2026-05-29T18:42:46.762Z
G01,170,add,ART.9,G01-A14,2026-05-29T18:42:46.762Z
G01,170,add,Doing,G01-A14,2026-05-29T18:42:57.816Z
G01,170,remove,Backlog,G01-A14,2026-05-29T18:42:57.816Z
G01,170,add,Waiting Review,G01-A14,2026-05-29T22:22:20.246Z
G01,170,remove,Doing,G01-A14,2026-05-29T22:22:20.246Z
G01,170,add,Doing,G01-A14,2026-05-29T22:22:22.902Z
G01,170,remove,Waiting Review,G01-A14,2026-05-29T22:22:22.902Z
G01,170,add,Waiting Review,G01-A14,2026-05-29T22:22:25.182Z
G01,170,remove,Doing,G01-A14,2026-05-29T22:22:25.182Z
G01,170,add,Review,G01-A15,2026-05-30T01:48:03.723Z
G01,170,remove,Waiting Review,G01-A15,2026-05-30T01:48:03.723Z
G01,170,remove,Review,G01-A15,2026-06-11T23:59:22.183Z
G01,171,add,DESIGN,G01-A12,2026-05-29T22:55:18.605Z
G01,171,add,G,G01-A12,2026-05-29T22:55:18.605Z
G01,171,add,ART.07,G01-A12,2026-05-29T22:55:18.605Z
G01,171,add,Backlog,G01-A12,2026-05-29T22:55:42.980Z
G01,171,add,Doing,G01-A12,2026-05-29T22:55:47.219Z
G01,171,remove,Backlog,G01-A12,2026-05-29T22:55:47.219Z
G01,171,add,Waiting Review,G01-A12,2026-05-30T05:02:40.533Z
G01,171,remove,Doing,G01-A12,2026-05-30T05:02:40.533Z
G01,171,add,Review,G01-A17,2026-06-01T11:31:36.011Z
G01,171,remove,Waiting Review,G01-A17,2026-06-01T11:31:36.011Z
G01,171,remove,Review,G01-A17,2026-06-01T14:34:28.625Z
G01,172,add,DESIGN,G01-A12,2026-05-30T04:02:23.349Z
G01,172,add,M,G01-A12,2026-05-30T04:02:23.349Z
G01,172,add,ART.07,G01-A12,2026-05-30T04:02:23.349Z
G01,172,add,Backlog,G01-A12,2026-05-30T04:02:27.661Z
G01,172,add,Doing,G01-A12,2026-05-30T04:02:29.991Z
G01,172,remove,Backlog,G01-A12,2026-05-30T04:02:29.991Z
G01,172,add,Waiting Review,G01-A12,2026-05-30T05:02:43.629Z
G01,172,remove,Doing,G01-A12,2026-05-30T05:02:43.629Z
G01,172,add,Review,G01-A17,2026-06-01T11:31:38.127Z
G01,172,remove,Waiting Review,G01-A17,2026-06-01T11:31:38.127Z
G01,172,remove,Review,G01-A17,2026-06-01T14:34:27.077Z
G01,173,add,DESIGN,G01-A12,2026-05-30T04:06:28.524Z
G01,173,add,M,G01-A12,2026-05-30T04:06:28.524Z
G01,173,add,ART.07,G01-A12,2026-05-30T04:06:28.524Z
G01,173,add,Backlog,G01-A12,2026-05-30T04:06:53.700Z
G01,173,add,Doing,G01-A12,2026-05-30T04:06:55.838Z
G01,173,remove,Backlog,G01-A12,2026-05-30T04:06:55.838Z
G01,173,add,Waiting Review,G01-A12,2026-05-30T05:02:45.922Z
G01,173,remove,Doing,G01-A12,2026-05-30T05:02:45.922Z
G01,173,add,Review,G01-A17,2026-06-01T11:31:39.368Z
G01,173,remove,Waiting Review,G01-A17,2026-06-01T11:31:39.368Z
G01,173,remove,Review,G01-A17,2026-06-01T14:34:26.434Z
G01,174,add,DESIGN,G01-A12,2026-05-30T04:17:52.725Z
G01,174,add,M,G01-A12,2026-05-30T04:17:52.725Z
G01,174,add,ART.07,G01-A12,2026-05-30T04:17:52.725Z
G01,174,add,Backlog,G01-A12,2026-05-30T04:19:39.275Z
G01,174,add,Doing,G01-A12,2026-05-30T04:19:47.975Z
G01,174,remove,Backlog,G01-A12,2026-05-30T04:19:47.975Z
G01,174,add,Waiting Review,G01-A12,2026-05-30T05:02:48.125Z
G01,174,remove,Doing,G01-A12,2026-05-30T05:02:48.125Z
G01,174,add,Review,G01-A17,2026-06-01T11:31:39.999Z
G01,174,remove,Waiting Review,G01-A17,2026-06-01T11:31:39.999Z
G01,174,remove,Review,G01-A17,2026-06-01T14:34:25.475Z
G01,175,add,DESIGN,G01-A12,2026-05-30T04:18:37.200Z
G01,175,add,M,G01-A12,2026-05-30T04:18:37.200Z
G01,175,add,ART.07,G01-A12,2026-05-30T04:18:37.200Z
G01,175,add,Backlog,G01-A12,2026-05-30T04:19:42.030Z
G01,175,add,Doing,G01-A12,2026-05-30T04:19:50.627Z
G01,175,remove,Backlog,G01-A12,2026-05-30T04:19:50.627Z
G01,175,add,Waiting Review,G01-A12,2026-05-30T05:02:50.112Z
G01,175,remove,Doing,G01-A12,2026-05-30T05:02:50.112Z
G01,175,add,Review,G01-A17,2026-06-01T11:31:40.904Z
G01,175,remove,Waiting Review,G01-A17,2026-06-01T11:31:40.904Z
G01,175,remove,Review,G01-A17,2026-06-01T14:34:19.779Z
G01,176,add,DESIGN,G01-A12,2026-05-30T04:19:27.453Z
G01,176,add,M,G01-A12,2026-05-30T04:19:27.453Z
G01,176,add,ART.07,G01-A12,2026-05-30T04:19:27.453Z
G01,176,add,Backlog,G01-A12,2026-05-30T04:19:44.177Z
G01,176,add,Doing,G01-A12,2026-05-30T04:19:53.052Z
G01,176,remove,Backlog,G01-A12,2026-05-30T04:19:53.052Z
G01,176,add,Waiting Review,G01-A12,2026-05-30T05:02:52.315Z
G01,176,remove,Doing,G01-A12,2026-05-30T05:02:52.315Z
G01,176,add,Review,G01-A17,2026-06-01T11:31:41.770Z
G01,176,remove,Waiting Review,G01-A17,2026-06-01T11:31:41.770Z
G01,176,remove,Review,G01-A17,2026-06-01T14:34:18.808Z
G01,177,add,DESIGN,G01-A12,2026-05-30T04:32:34.030Z
G01,177,add,CODE,G01-A12,2026-05-30T04:32:34.030Z
G01,177,add,G,G01-A12,2026-05-30T04:32:34.030Z
G01,177,add,ART.07,G01-A12,2026-05-30T04:32:34.030Z
G01,177,add,COMP,G01-A12,2026-05-30T04:32:34.030Z
G01,177,remove,COMP,G01-A12,2026-05-30T04:32:40.846Z
G01,177,add,Backlog,G01-A12,2026-05-30T04:32:50.481Z
G01,177,add,Doing,G01-A12,2026-05-30T04:32:53.857Z
G01,177,remove,Backlog,G01-A12,2026-05-30T04:32:53.857Z
G01,177,add,Waiting Review,G01-A12,2026-05-30T05:02:56.128Z
G01,177,remove,Doing,G01-A12,2026-05-30T05:02:56.128Z
G01,177,add,Review,G01-A17,2026-06-01T11:31:42.633Z
G01,177,remove,Waiting Review,G01-A17,2026-06-01T11:31:42.633Z
G01,177,remove,Review,G01-A17,2026-06-01T14:34:17.839Z
G01,178,add,DESIGN,G01-A12,2026-05-30T04:38:16.221Z
G01,178,add,CODE,G01-A12,2026-05-30T04:38:16.221Z
G01,178,add,G,G01-A12,2026-05-30T04:38:16.221Z
G01,178,add,ART.07,G01-A12,2026-05-30T04:38:16.221Z
G01,178,add,Backlog,G01-A12,2026-05-30T04:38:24.184Z
G01,178,add,Doing,G01-A12,2026-05-30T04:38:27.319Z
G01,178,remove,Backlog,G01-A12,2026-05-30T04:38:27.319Z
G01,178,add,Waiting Review,G01-A12,2026-05-30T05:02:58.713Z
G01,178,remove,Doing,G01-A12,2026-05-30T05:02:58.713Z
G01,178,add,Review,G01-A17,2026-06-01T11:31:43.719Z
G01,178,remove,Waiting Review,G01-A17,2026-06-01T11:31:43.719Z
G01,178,remove,Review,G01-A17,2026-06-01T14:34:16.753Z
G01,179,add,DESIGN,G01-A12,2026-06-01T02:05:45.289Z
G01,179,add,CODE,G01-A12,2026-06-01T02:05:45.289Z
G01,179,add,M,G01-A12,2026-06-01T02:05:45.289Z
G01,179,add,ART.07,G01-A12,2026-06-01T02:05:45.289Z
G01,179,add,Backlog,G01-A12,2026-06-01T02:08:22.205Z
G01,179,add,Doing,G01-A12,2026-06-01T03:12:28.199Z
G01,179,remove,Backlog,G01-A12,2026-06-01T03:12:28.199Z
G01,179,add,Waiting Review,G01-A12,2026-06-01T14:33:04.397Z
G01,179,remove,Doing,G01-A12,2026-06-01T14:33:04.397Z
G01,179,add,Review,G01-A17,2026-06-01T14:34:43.446Z
G01,179,remove,Waiting Review,G01-A17,2026-06-01T14:34:43.446Z
G01,179,remove,Review,G01-A17,2026-06-01T17:05:35.312Z
G01,180,add,DESIGN,G01-A12,2026-06-01T02:06:56.246Z
G01,180,add,CODE,G01-A12,2026-06-01T02:06:56.246Z
G01,180,add,M,G01-A12,2026-06-01T02:06:56.246Z
G01,180,add,ART.07,G01-A12,2026-06-01T02:06:56.246Z
G01,180,add,Backlog,G01-A12,2026-06-01T02:08:23.806Z
G01,180,add,Doing,G01-A12,2026-06-01T03:12:30.012Z
G01,180,remove,Backlog,G01-A12,2026-06-01T03:12:30.012Z
G01,180,add,Waiting Review,G01-A12,2026-06-01T14:33:06.304Z
G01,180,remove,Doing,G01-A12,2026-06-01T14:33:06.304Z
G01,180,add,Review,G01-A17,2026-06-01T14:34:41.325Z
G01,180,remove,Waiting Review,G01-A17,2026-06-01T14:34:41.325Z
G01,180,remove,Review,G01-A17,2026-06-01T17:05:34.342Z
G01,181,add,DESIGN,G01-A12,2026-06-01T02:07:23.362Z
G01,181,add,CODE,G01-A12,2026-06-01T02:07:23.362Z
G01,181,add,M,G01-A12,2026-06-01T02:07:23.362Z
G01,181,add,ART.07,G01-A12,2026-06-01T02:07:23.362Z
G01,181,add,Backlog,G01-A12,2026-06-01T02:08:25.625Z
G01,181,add,Doing,G01-A12,2026-06-01T03:12:34.535Z
G01,181,remove,Backlog,G01-A12,2026-06-01T03:12:34.535Z
G01,181,add,Waiting Review,G01-A12,2026-06-01T14:33:08.032Z
G01,181,remove,Doing,G01-A12,2026-06-01T14:33:08.032Z
G01,181,add,Review,G01-A17,2026-06-01T14:34:39.322Z
G01,181,remove,Waiting Review,G01-A17,2026-06-01T14:34:39.322Z
G01,181,remove,Review,G01-A17,2026-06-01T17:05:33.622Z
G01,182,add,DESIGN,G01-A12,2026-06-01T02:05:24.798Z
G01,182,add,CODE,G01-A12,2026-06-01T02:05:24.798Z
G01,182,add,M,G01-A12,2026-06-01T02:05:24.798Z
G01,182,add,ART.07,G01-A12,2026-06-01T02:05:24.798Z
G01,182,add,Backlog,G01-A12,2026-06-01T02:08:27.697Z
G01,182,add,Doing,G01-A12,2026-06-01T04:06:32.549Z
G01,182,remove,Backlog,G01-A12,2026-06-01T04:06:32.549Z
G01,182,add,Waiting Review,G01-A12,2026-06-01T14:33:09.424Z
G01,182,remove,Doing,G01-A12,2026-06-01T14:33:09.424Z
G01,182,add,Review,G01-A17,2026-06-01T14:34:36.629Z
G01,182,remove,Waiting Review,G01-A17,2026-06-01T14:34:36.629Z
G01,182,remove,Review,G01-A17,2026-06-01T17:05:32.839Z
G01,183,add,DESIGN,G01-A12,2026-06-01T02:04:54.715Z
G01,183,add,CODE,G01-A12,2026-06-01T02:04:54.715Z
G01,183,add,M,G01-A12,2026-06-01T02:04:54.715Z
G01,183,add,ART.07,G01-A12,2026-06-01T02:04:54.715Z
G01,183,add,Backlog,G01-A12,2026-06-01T02:08:30.222Z
G01,183,add,Doing,G01-A12,2026-06-01T04:06:34.873Z
G01,183,remove,Backlog,G01-A12,2026-06-01T04:06:34.873Z
G01,183,add,Waiting Review,G01-A12,2026-06-01T14:33:10.798Z
G01,183,remove,Doing,G01-A12,2026-06-01T14:33:10.798Z
G01,183,add,Review,G01-A17,2026-06-01T14:34:33.185Z
G01,183,remove,Waiting Review,G01-A17,2026-06-01T14:34:33.185Z
G01,183,remove,Review,G01-A17,2026-06-01T17:05:32.062Z
G01,184,add,DESIGN,G01-A12,2026-06-01T02:04:02.351Z
G01,184,add,CODE,G01-A12,2026-06-01T02:04:02.351Z
G01,184,add,M,G01-A12,2026-06-01T02:04:02.351Z
G01,184,add,ART.07,G01-A12,2026-06-01T02:04:02.351Z
G01,184,add,Backlog,G01-A12,2026-06-01T02:08:31.788Z
G01,184,add,Doing,G01-A12,2026-06-01T04:20:28.459Z
G01,184,remove,Backlog,G01-A12,2026-06-01T04:20:28.459Z
G01,184,add,Waiting Review,G01-A12,2026-06-01T14:33:12.045Z
G01,184,remove,Doing,G01-A12,2026-06-01T14:33:12.045Z
G01,184,add,Review,G01-A17,2026-06-01T14:34:32.285Z
G01,184,remove,Waiting Review,G01-A17,2026-06-01T14:34:32.285Z
G01,184,remove,Review,G01-A17,2026-06-01T17:05:31.513Z
G01,185,add,DESIGN,G01-A12,2026-06-01T02:03:21.154Z
G01,185,add,CODE,G01-A12,2026-06-01T02:03:21.154Z
G01,185,add,M,G01-A12,2026-06-01T02:03:21.154Z
G01,185,add,ART.07,G01-A12,2026-06-01T02:03:29.788Z
G01,185,add,Backlog,G01-A12,2026-06-01T02:08:33.426Z
G01,185,add,Doing,G01-A12,2026-06-01T04:20:31.111Z
G01,185,remove,Backlog,G01-A12,2026-06-01T04:20:31.111Z
G01,185,add,Waiting Review,G01-A12,2026-06-01T14:33:13.434Z
G01,185,remove,Doing,G01-A12,2026-06-01T14:33:13.434Z
G01,185,add,Review,G01-A17,2026-06-01T14:34:31.308Z
G01,185,remove,Waiting Review,G01-A17,2026-06-01T14:34:31.308Z
G01,185,remove,Review,G01-A17,2026-06-01T17:05:30.369Z
G01,186,add,DESIGN,G01-A12,2026-06-01T02:08:06.945Z
G01,186,add,CODE,G01-A12,2026-06-01T02:08:06.945Z
G01,186,add,M,G01-A12,2026-06-01T02:08:06.945Z
G01,186,add,ART.07,G01-A12,2026-06-01T02:08:06.945Z
G01,186,add,Backlog,G01-A12,2026-06-01T02:08:18.402Z
G01,186,add,Doing,G01-A12,2026-06-01T04:20:33.344Z
G01,186,remove,Backlog,G01-A12,2026-06-01T04:20:33.344Z
G01,186,add,Waiting Review,G01-A12,2026-06-01T14:33:14.947Z
G01,186,remove,Doing,G01-A12,2026-06-01T14:33:14.947Z
G01,186,add,Review,G01-A17,2026-06-01T14:34:30.206Z
G01,186,remove,Waiting Review,G01-A17,2026-06-01T14:34:30.206Z
G01,186,remove,Review,G01-A17,2026-06-01T17:05:29.531Z
G01,187,add,DOCUMENTATION,G01-A13,2026-06-02T17:21:21.781Z
G01,187,add,ART.11,G01-A13,2026-06-02T17:21:21.781Z
G01,187,add,CODE,G01-A13,2026-06-02T17:24:01.301Z
G01,187,add,Backlog,G01-A16,2026-06-05T03:37:14.688Z
G01,187,add,Doing,G01-A16,2026-06-10T13:50:20.313Z
G01,187,remove,Backlog,G01-A16,2026-06-10T13:50:20.313Z
G01,187,add,Waiting Review,G01-A16,2026-06-10T14:09:47.085Z
G01,187,remove,Doing,G01-A16,2026-06-10T14:09:47.085Z
G01,187,add,Review,G01-A14,2026-06-10T18:48:08.534Z
G01,187,remove,Waiting Review,G01-A14,2026-06-10T18:48:08.534Z
G01,187,remove,Review,G01-A14,2026-06-10T21:58:03.710Z
G01,188,add,DOCUMENTATION,G01-A13,2026-06-02T17:23:42.120Z
G01,188,add,CODE,G01-A13,2026-06-02T17:23:42.120Z
G01,188,add,ART.11,G01-A13,2026-06-02T17:23:42.120Z
G01,188,add,Backlog,G01-A16,2026-06-05T03:37:15.889Z
G01,188,add,Doing,G01-A16,2026-06-11T18:34:02.931Z
G01,188,remove,Backlog,G01-A16,2026-06-11T18:34:02.931Z
G01,188,add,Waiting Review,G01-A16,2026-06-11T18:50:31.950Z
G01,188,remove,Doing,G01-A16,2026-06-11T18:50:31.950Z
G01,188,add,Review,G01-A15,2026-06-11T23:18:41.053Z
G01,188,remove,Waiting Review,G01-A15,2026-06-11T23:18:41.053Z
G01,188,remove,Review,G01-A15,2026-06-11T23:58:46.553Z
G01,189,add,DOCUMENTATION,G01-A13,2026-06-02T17:24:52.670Z
G01,189,add,CODE,G01-A13,2026-06-02T17:24:52.670Z
G01,189,add,ART.11,G01-A13,2026-06-02T17:24:52.670Z
G01,189,add,Backlog,G01-A13,2026-06-08T17:14:28.928Z
G01,189,add,G,G01-A13,2026-06-08T17:14:43.678Z
G01,189,add,Doing,G01-A13,2026-06-08T17:14:50.419Z
G01,189,remove,Backlog,G01-A13,2026-06-08T17:14:50.419Z
G01,189,add,Waiting Review,G01-A13,2026-06-10T00:10:21.810Z
G01,189,remove,Doing,G01-A13,2026-06-10T00:10:21.810Z
G01,189,add,Review,G01-A14,2026-06-10T18:48:23.388Z
G01,189,remove,Waiting Review,G01-A14,2026-06-10T18:48:23.388Z
G01,189,remove,Review,G01-A14,2026-06-10T21:58:01.744Z
G01,190,add,DOCUMENTATION,G01-A13,2026-06-02T17:25:46.302Z
G01,190,add,CODE,G01-A13,2026-06-02T17:25:46.302Z
G01,190,add,ART.11,G01-A13,2026-06-02T17:25:46.302Z
G01,190,add,Backlog,G01-A13,2026-06-08T17:14:31.764Z
G01,190,add,G,G01-A13,2026-06-10T00:11:14.874Z
G01,190,add,Doing,G01-A13,2026-06-10T17:13:11.433Z
G01,190,remove,Backlog,G01-A13,2026-06-10T17:13:11.433Z
G01,190,add,Waiting Review,G01-A13,2026-06-11T21:44:57.235Z
G01,190,remove,Doing,G01-A13,2026-06-11T21:44:57.235Z
G01,190,add,Review,G01-A15,2026-06-11T23:18:37.448Z
G01,190,remove,Waiting Review,G01-A15,2026-06-11T23:18:37.448Z
G01,190,remove,Review,G01-A15,2026-06-11T23:59:04.535Z
G01,191,add,CODE,G01-A17,2026-06-08T17:08:53.564Z
G01,191,add,G,G01-A17,2026-06-08T17:09:07.178Z
G01,191,add,Art. 10,G01-A17,2026-06-08T17:11:11.038Z
G01,191,add,Backlog,G01-A17,2026-06-08T17:12:06.329Z
G01,191,add,Doing,G01-A17,2026-06-08T17:12:19.406Z
G01,191,remove,Backlog,G01-A17,2026-06-08T17:12:19.406Z
G01,191,add,Waiting Review,G01-A17,2026-06-11T18:40:48.584Z
G01,191,remove,Doing,G01-A17,2026-06-11T18:40:48.584Z
G01,191,add,Review,G01-A15,2026-06-11T23:18:38.703Z
G01,191,remove,Waiting Review,G01-A15,2026-06-11T23:18:38.703Z
G01,191,remove,Review,G01-A15,2026-06-11T23:58:58.717Z
G01,192,add,Backlog,G01-A14,2026-06-11T23:57:53.203Z
G01,192,add,Doing,G01-A14,2026-06-11T23:57:55.005Z
G01,192,remove,Backlog,G01-A14,2026-06-11T23:57:55.005Z
G01,192,add,CODE,G01-A14,2026-06-11T23:58:11.396Z
G01,192,add,Art.12,G01-A14,2026-06-11T23:58:11.396Z
G01,192,add,G,G01-A14,2026-06-11T23:58:22.649Z
G01,192,add,Waiting Review,G01-A14,2026-06-12T17:07:16.270Z
G01,192,remove,Doing,G01-A14,2026-06-12T17:07:16.270Z
G01,192,add,Review,G01-A15,2026-06-14T16:25:33.201Z
G01,192,remove,Waiting Review,G01-A15,2026-06-14T16:25:33.201Z
G01,192,remove,Review,G01-A15,2026-06-14T16:27:54.352Z
G01,193,add,CODE,G01-A17,2026-06-08T17:08:47.630Z
G01,193,add,G,G01-A17,2026-06-08T17:09:01.581Z
G01,193,add,Art. 10,G01-A17,2026-06-08T17:10:10.223Z
G01,193,add,Backlog,G01-A17,2026-06-11T18:53:35.821Z
G01,193,add,Doing,G01-A17,2026-06-11T18:53:48.656Z
G01,193,remove,Backlog,G01-A17,2026-06-11T18:53:48.656Z
G01,193,add,Waiting Review,G01-A17,2026-06-12T03:05:47.818Z
G01,193,remove,Doing,G01-A17,2026-06-12T03:05:47.818Z
G01,193,add,Review,G01-A15,2026-06-14T16:25:37.495Z
G01,193,remove,Waiting Review,G01-A15,2026-06-14T16:25:37.495Z
G01,193,remove,Review,G01-A15,2026-06-14T16:32:55.721Z
G01,194,add,CODE,G01-A14,2026-06-09T17:40:32.997Z
G01,194,add,G,G01-A14,2026-06-09T17:40:32.997Z
G01,194,add,Art. 10,G01-A14,2026-06-09T17:40:32.997Z
G01,194,add,Doing,G01-A14,2026-06-09T17:40:40.327Z
G01,194,add,Waiting Review,G01-A14,2026-06-10T21:58:09.837Z
G01,194,remove,Doing,G01-A14,2026-06-10T21:58:09.837Z
G01,194,add,Review,G01-A16,2026-06-11T18:51:19.222Z
G01,194,remove,Waiting Review,G01-A16,2026-06-11T18:51:19.222Z
G01,194,remove,Review,G01-A15,2026-06-14T16:32:28.738Z
G01,195,add,Doing,G01-A15,2026-06-08T17:07:19.864Z
G01,195,add,DOCUMENTATION,G01-A15,2026-06-08T17:09:01.771Z
G01,195,add,NEGÓCIOS,G01-A15,2026-06-08T17:09:01.771Z
G01,195,add,Art.12,G01-A15,2026-06-08T17:09:01.771Z
G01,195,add,M,G01-A15,2026-06-08T17:09:19.647Z
G01,195,add,Waiting Review,G01-A15,2026-06-08T20:20:42.966Z
G01,195,remove,Doing,G01-A15,2026-06-08T20:20:42.966Z
G01,195,add,Review,G01-A16,2026-06-11T18:50:35.954Z
G01,195,remove,Waiting Review,G01-A16,2026-06-11T18:50:35.954Z
G01,195,remove,Review,G01-A12,2026-06-14T16:40:27.087Z
G01,196,add,CODE,G01-A17,2026-06-08T17:12:56.797Z
G01,196,add,G,G01-A17,2026-06-08T17:12:56.797Z
G01,196,add,Art. 10,G01-A17,2026-06-08T17:12:56.797Z
G01,196,add,Backlog,G01-A17,2026-06-08T17:13:04.495Z
G01,196,add,Doing,G01-A17,2026-06-08T17:13:06.601Z
G01,196,remove,Backlog,G01-A17,2026-06-08T17:13:06.601Z
G01,196,add,Waiting Review,G01-A17,2026-06-12T03:05:49.521Z
G01,196,remove,Doing,G01-A17,2026-06-12T03:05:49.521Z
G01,196,add,Review,G01-A15,2026-06-14T16:25:38.838Z
G01,196,remove,Waiting Review,G01-A15,2026-06-14T16:25:38.838Z
G01,196,remove,Review,G01-A15,2026-06-14T16:32:45.885Z
G01,197,add,Backlog,G01-A17,2026-06-08T17:18:15.136Z
G01,197,add,CODE,G01-A17,2026-06-08T17:18:28.836Z
G01,197,add,G,G01-A17,2026-06-08T17:18:28.836Z
G01,197,add,Doing,G01-A17,2026-06-08T17:18:32.702Z
G01,197,remove,Backlog,G01-A17,2026-06-08T17:18:32.702Z
G01,197,add,Art. 10,G01-A17,2026-06-08T17:18:41.654Z
G01,197,add,Waiting Review,G01-A17,2026-06-12T03:05:45.085Z
G01,197,remove,Doing,G01-A17,2026-06-12T03:05:45.085Z
G01,197,add,Review,G01-A15,2026-06-14T16:25:35.442Z
G01,197,remove,Waiting Review,G01-A15,2026-06-14T16:25:35.442Z
G01,197,remove,Review,G01-A15,2026-06-14T16:32:44.472Z
G01,198,add,Backlog,G01-A23,2026-06-08T17:23:26.441Z
G01,198,add,DOCUMENTATION,G01-A23,2026-06-08T17:24:34.994Z
G01,198,add,M,G01-A23,2026-06-08T17:24:34.994Z
G01,198,add,Doing,G01-A23,2026-06-09T13:17:23.485Z
G01,198,remove,Backlog,G01-A23,2026-06-09T13:17:23.485Z
G01,198,add,Waiting Review,G01-A23,2026-06-09T13:17:26.034Z
G01,198,remove,Doing,G01-A23,2026-06-09T13:17:26.034Z
G01,198,add,Review,G01-A14,2026-06-10T18:25:47.692Z
G01,198,remove,Waiting Review,G01-A14,2026-06-10T18:25:47.692Z
G01,198,remove,Review,G01-A14,2026-06-10T18:47:56.012Z
G01,199,add,G,G01-A12,2026-06-09T17:13:21.738Z
G01,199,add,Art.12,G01-A12,2026-06-09T17:13:21.738Z
G01,199,add,DOCUMENTATION,G01-A12,2026-06-09T17:13:34.663Z
G01,199,add,NEGÓCIOS,G01-A12,2026-06-09T17:13:34.663Z
G01,199,add,Backlog,G01-A12,2026-06-09T17:13:56.683Z
G01,199,add,Doing,G01-A12,2026-06-12T20:41:40.945Z
G01,199,remove,Backlog,G01-A12,2026-06-12T20:41:40.945Z
G01,199,add,Waiting Review,G01-A12,2026-06-12T20:43:58.682Z
G01,199,remove,Doing,G01-A12,2026-06-12T20:43:58.682Z
G01,199,add,Review,G01-A15,2026-06-14T16:25:46.773Z
G01,199,remove,Waiting Review,G01-A15,2026-06-14T16:25:46.773Z
G01,199,remove,Review,G01-A15,2026-06-14T16:33:02.399Z
G01,200,add,DOCUMENTATION,G01-A12,2026-06-09T17:16:12.574Z
G01,200,add,M,G01-A12,2026-06-09T17:16:12.574Z
G01,200,add,NEGÓCIOS,G01-A12,2026-06-09T17:16:12.574Z
G01,200,add,Art.12,G01-A12,2026-06-09T17:16:12.574Z
G01,200,add,Backlog,G01-A12,2026-06-09T17:16:40.162Z
G01,200,add,Doing,G01-A12,2026-06-09T18:14:43.786Z
G01,200,remove,Backlog,G01-A12,2026-06-09T18:14:43.786Z
G01,200,add,Waiting Review,G01-A12,2026-06-09T18:33:04.045Z
G01,200,remove,Doing,G01-A12,2026-06-09T18:33:04.045Z
G01,200,add,Review,G01-A16,2026-06-11T18:51:21.566Z
G01,200,remove,Waiting Review,G01-A16,2026-06-11T18:51:21.566Z
G01,200,remove,Review,G01-A15,2026-06-14T16:32:45.390Z
G01,201,add,M,G01-A12,2026-06-09T17:17:38.536Z
G01,201,add,Art.12,G01-A12,2026-06-09T17:17:38.536Z
G01,201,add,DOCUMENTATION,G01-A12,2026-06-09T17:18:05.534Z
G01,201,add,NEGÓCIOS,G01-A12,2026-06-09T17:18:05.534Z
G01,201,add,Backlog,G01-A12,2026-06-09T17:18:29.742Z
G01,201,add,Doing,G01-A12,2026-06-09T18:33:06.263Z
G01,201,remove,Backlog,G01-A12,2026-06-09T18:33:06.263Z
G01,201,add,Waiting Review,G01-A12,2026-06-09T19:52:59.969Z
G01,201,remove,Doing,G01-A12,2026-06-09T19:52:59.969Z
G01,201,add,Review,G01-A16,2026-06-11T18:51:19.996Z
G01,201,remove,Waiting Review,G01-A16,2026-06-11T18:51:19.996Z
G01,201,remove,Review,G01-A15,2026-06-14T16:32:43.461Z
G01,202,add,DOCUMENTATION,G01-A12,2026-06-09T17:19:33.138Z
G01,202,add,M,G01-A12,2026-06-09T17:19:33.138Z
G01,202,add,NEGÓCIOS,G01-A12,2026-06-09T17:19:33.138Z
G01,202,add,Art.12,G01-A12,2026-06-09T17:19:33.138Z
G01,202,add,Backlog,G01-A12,2026-06-09T17:19:42.777Z
G01,202,add,Doing,G01-A12,2026-06-12T19:54:56.293Z
G01,202,remove,Backlog,G01-A12,2026-06-12T19:54:56.293Z
G01,202,add,Waiting Review,G01-A12,2026-06-12T20:18:00.924Z
G01,202,remove,Doing,G01-A12,2026-06-12T20:18:00.924Z
G01,202,add,Review,G01-A15,2026-06-14T16:25:42.391Z
G01,202,remove,Waiting Review,G01-A15,2026-06-14T16:25:42.391Z
G01,202,remove,Review,G01-A15,2026-06-14T16:32:47.091Z
G01,203,add,CODE,G01-A14,2026-06-09T17:42:20.450Z
G01,203,add,G,G01-A14,2026-06-09T17:42:20.450Z
G01,203,add,Art. 10,G01-A14,2026-06-09T17:42:20.450Z
G01,203,add,Doing,G01-A14,2026-06-11T15:36:02.125Z
G01,203,add,Waiting Review,G01-A14,2026-06-11T23:57:43.030Z
G01,203,remove,Doing,G01-A14,2026-06-11T23:57:43.030Z
G01,203,add,Review,G01-A15,2026-06-14T16:25:34.520Z
G01,203,remove,Waiting Review,G01-A15,2026-06-14T16:25:34.520Z
G01,203,remove,Review,G01-A15,2026-06-14T16:32:42.431Z
G01,204,add,Doing,G01-A15,2026-06-09T18:08:19.706Z
G01,204,add,DOCUMENTATION,G01-A15,2026-06-09T18:08:41.427Z
G01,204,add,CODE,G01-A15,2026-06-09T18:08:41.427Z
G01,204,add,M,G01-A15,2026-06-09T18:08:41.427Z
G01,204,add,Waiting Review,G01-A15,2026-06-09T18:24:22.497Z
G01,204,remove,Doing,G01-A15,2026-06-09T18:24:22.497Z
G01,204,add,Review,G01-A14,2026-06-11T06:59:59.894Z
G01,204,remove,Waiting Review,G01-A14,2026-06-11T06:59:59.894Z
G01,204,remove,Review,G01-A12,2026-06-14T16:40:25.695Z
G01,205,add,Doing,G01-A15,2026-06-09T18:24:40.611Z
G01,205,add,DOCUMENTATION,G01-A15,2026-06-09T18:25:00.261Z
G01,205,add,CODE,G01-A15,2026-06-09T18:25:00.261Z
G01,205,add,M,G01-A15,2026-06-09T18:25:00.261Z
G01,205,add,PP,G01-A15,2026-06-09T18:25:12.311Z
G01,205,remove,M,G01-A15,2026-06-09T18:25:12.311Z
G01,205,add,Waiting Review,G01-A15,2026-06-09T23:59:21.388Z
G01,205,remove,Doing,G01-A15,2026-06-09T23:59:21.388Z
G01,205,add,Review,G01-A14,2026-06-10T18:28:15.071Z
G01,205,remove,Waiting Review,G01-A14,2026-06-10T18:28:15.071Z
G01,205,remove,Review,G01-A14,2026-06-10T18:47:52.994Z
G01,206,add,DOCUMENTATION,G01-A13,2026-06-10T13:11:54.204Z
G01,206,add,CODE,G01-A13,2026-06-10T13:11:54.204Z
G01,206,add,ART.13,G01-A13,2026-06-10T13:11:54.204Z
G01,206,add,G,G01-A13,2026-06-10T13:12:23.944Z
G01,206,add,Doing,G01-A15,2026-06-12T00:01:17.079Z
G01,206,add,Waiting Review,G01-A15,2026-06-12T00:59:27.814Z
G01,206,remove,Doing,G01-A15,2026-06-12T00:59:27.814Z
G01,206,add,Review,G01-A12,2026-06-14T16:30:36.332Z
G01,206,remove,Waiting Review,G01-A12,2026-06-14T16:30:36.332Z
G01,206,remove,Review,G01-A12,2026-06-14T16:40:28.781Z
G01,207,add,CODE,G01-A17,2026-06-10T14:17:12.559Z
G01,207,add,Art. 10,G01-A17,2026-06-10T14:17:23.005Z
G01,207,add,Backlog,G01-A17,2026-06-10T14:17:24.862Z
G01,207,add,Doing,G01-A17,2026-06-10T14:17:26.314Z
G01,207,remove,Backlog,G01-A17,2026-06-10T14:17:26.314Z
G01,207,add,Waiting Review,G01-A17,2026-06-11T18:40:42.935Z
G01,207,remove,Doing,G01-A17,2026-06-11T18:40:42.935Z
G01,207,add,Review,G01-A15,2026-06-11T23:18:39.854Z
G01,207,remove,Waiting Review,G01-A15,2026-06-11T23:18:39.854Z
G01,207,remove,Review,G01-A15,2026-06-11T23:58:47.321Z
G01,208,add,DOCUMENTATION,G01-A23,2026-06-11T18:11:45.521Z
G01,208,add,P,G01-A23,2026-06-11T18:11:45.521Z
G01,208,add,ART.13,G01-A23,2026-06-11T18:11:45.521Z
G01,208,add,Backlog,G01-A23,2026-06-11T18:12:02.981Z
G01,208,add,Doing,G01-A23,2026-06-11T18:35:10.659Z
G01,208,remove,Backlog,G01-A23,2026-06-11T18:35:10.659Z
G01,208,add,Waiting Review,G01-A23,2026-06-11T18:35:19.462Z
G01,208,remove,Doing,G01-A23,2026-06-11T18:35:19.462Z
G01,208,add,Review,G01-A15,2026-06-11T23:18:42.787Z
G01,208,remove,Waiting Review,G01-A15,2026-06-11T23:18:42.787Z
G01,208,remove,Review,G01-A15,2026-06-11T23:58:45.505Z
G01,209,add,CODE,G01-A14,2026-06-12T00:53:31.015Z
G01,209,add,P,G01-A14,2026-06-12T00:53:31.015Z
G01,209,add,Art. 10,G01-A14,2026-06-12T00:53:31.015Z
G01,209,add,Backlog,G01-A14,2026-06-12T00:53:45.787Z
G01,209,add,Doing,G01-A14,2026-06-12T00:53:47.664Z
G01,209,remove,Backlog,G01-A14,2026-06-12T00:53:47.664Z
G01,209,remove,P,G01-A14,2026-06-12T10:12:37.350Z
G01,209,add,G,G01-A14,2026-06-12T10:12:48.105Z
G01,209,add,Waiting Review,G01-A14,2026-06-12T17:07:14.330Z
G01,209,remove,Doing,G01-A14,2026-06-12T17:07:14.330Z
G01,209,add,Review,G01-A15,2026-06-14T16:25:33.820Z
G01,209,remove,Waiting Review,G01-A15,2026-06-14T16:25:33.820Z
G01,209,remove,Review,G01-A15,2026-06-14T16:28:18.628Z
G01,210,add,Doing,G01-A15,2026-06-12T00:59:36.442Z
G01,210,add,DOCUMENTATION,G01-A15,2026-06-12T00:59:51.169Z
G01,210,add,G,G01-A15,2026-06-12T00:59:51.169Z
G01,210,add,Waiting Review,G01-A15,2026-06-12T10:15:56.046Z
G01,210,remove,Doing,G01-A15,2026-06-12T10:15:56.046Z
G01,210,add,Review,G01-A12,2026-06-14T16:30:38.605Z
G01,210,remove,Waiting Review,G01-A12,2026-06-14T16:30:38.605Z
G01,210,remove,Review,G01-A12,2026-06-14T16:40:30.393Z
G01,211,add,Doing,G01-A15,2026-06-12T10:24:26.603Z
G01,211,add,DOCUMENTATION,G01-A15,2026-06-12T10:25:05.607Z
G01,211,add,CODE,G01-A15,2026-06-12T10:25:05.607Z
G01,211,add,P,G01-A15,2026-06-12T10:25:05.607Z
G01,211,add,ART.13,G01-A15,2026-06-12T10:25:05.607Z
G01,211,add,Waiting Review,G01-A15,2026-06-12T10:30:01.451Z
G01,211,remove,Doing,G01-A15,2026-06-12T10:30:01.451Z
G01,211,add,Review,G01-A12,2026-06-14T16:30:40.626Z
G01,211,remove,Waiting Review,G01-A12,2026-06-14T16:30:40.626Z
G01,211,remove,Review,G01-A12,2026-06-14T16:40:32.226Z
G01,212,add,Doing,G01-A15,2026-06-12T10:30:22.033Z
G01,212,add,DOCUMENTATION,G01-A15,2026-06-12T10:30:34.500Z
G01,212,add,CODE,G01-A15,2026-06-12T10:30:34.500Z
G01,212,add,P,G01-A15,2026-06-12T10:30:34.500Z
G01,212,add,ART.13,G01-A15,2026-06-12T10:30:43.864Z
G01,212,add,Waiting Review,G01-A15,2026-06-12T11:09:06.124Z
G01,212,remove,Doing,G01-A15,2026-06-12T11:09:06.124Z
G01,212,add,Review,G01-A12,2026-06-14T16:30:44.137Z
G01,212,remove,Waiting Review,G01-A12,2026-06-14T16:30:44.137Z
G01,212,remove,Review,G01-A12,2026-06-14T16:40:35.819Z
G01,213,add,CODE,G01-A17,2026-06-12T10:43:23.012Z
G01,213,add,M,G01-A17,2026-06-12T10:43:54.867Z
G01,213,add,Backlog,G01-A17,2026-06-12T10:43:56.177Z
G01,213,add,Doing,G01-A17,2026-06-12T10:44:06.073Z
G01,213,remove,Backlog,G01-A17,2026-06-12T10:44:06.073Z
G01,213,add,Waiting Review,G01-A17,2026-06-12T21:05:33.108Z
G01,213,remove,Doing,G01-A17,2026-06-12T21:05:33.108Z
G01,213,add,Review,G01-A15,2026-06-14T16:25:46.078Z
G01,213,remove,Waiting Review,G01-A15,2026-06-14T16:25:46.078Z
G01,213,remove,Review,G01-A15,2026-06-14T16:33:01.290Z
G01,214,add,Doing,G01-A15,2026-06-12T11:09:25.865Z
G01,214,add,DOCUMENTATION,G01-A15,2026-06-12T11:09:45.212Z
G01,214,add,CODE,G01-A15,2026-06-12T11:09:45.212Z
G01,214,add,P,G01-A15,2026-06-12T11:09:45.212Z
G01,214,add,ART.13,G01-A15,2026-06-12T11:09:45.212Z
G01,214,add,Waiting Review,G01-A15,2026-06-12T11:17:51.433Z
G01,214,remove,Doing,G01-A15,2026-06-12T11:17:51.433Z
G01,214,add,Review,G01-A12,2026-06-14T16:30:42.524Z
G01,214,remove,Waiting Review,G01-A12,2026-06-14T16:30:42.524Z
G01,214,remove,Review,G01-A12,2026-06-14T16:40:34.019Z
G01,215,add,Doing,G01-A15,2026-06-12T11:18:05.694Z
G01,215,add,DOCUMENTATION,G01-A15,2026-06-12T11:18:17.589Z
G01,215,add,CODE,G01-A15,2026-06-12T11:18:17.589Z
G01,215,add,P,G01-A15,2026-06-12T11:18:17.589Z
G01,215,add,ART.13,G01-A15,2026-06-12T11:18:37.419Z
G01,215,add,Waiting Review,G01-A15,2026-06-12T11:30:21.829Z
G01,215,remove,Doing,G01-A15,2026-06-12T11:30:21.829Z
G01,215,add,Review,G01-A12,2026-06-14T16:30:47.288Z
G01,215,remove,Waiting Review,G01-A12,2026-06-14T16:30:47.288Z
G01,215,remove,Review,G01-A12,2026-06-14T16:40:39.324Z
G01,216,add,Doing,G01-A15,2026-06-12T11:30:34.158Z
G01,216,add,DOCUMENTATION,G01-A15,2026-06-12T11:30:48.549Z
G01,216,add,CODE,G01-A15,2026-06-12T11:30:48.549Z
G01,216,add,P,G01-A15,2026-06-12T11:30:48.549Z
G01,216,add,ART.13,G01-A15,2026-06-12T11:30:48.549Z
G01,216,add,Waiting Review,G01-A15,2026-06-12T11:42:10.415Z
G01,216,remove,Doing,G01-A15,2026-06-12T11:42:10.415Z
G01,216,add,Review,G01-A12,2026-06-14T16:30:45.744Z
G01,216,remove,Waiting Review,G01-A12,2026-06-14T16:30:45.744Z
G01,216,remove,Review,G01-A12,2026-06-14T16:40:37.394Z
G01,217,add,Doing,G01-A15,2026-06-12T11:42:28.313Z
G01,217,add,DOCUMENTATION,G01-A15,2026-06-12T11:42:46.975Z
G01,217,add,CODE,G01-A15,2026-06-12T11:42:46.975Z
G01,217,add,ART.13,G01-A15,2026-06-12T11:42:46.975Z
G01,217,add,G,G01-A15,2026-06-12T11:43:03.110Z
G01,217,add,Waiting Review,G01-A15,2026-06-12T23:41:14.565Z
G01,217,remove,Doing,G01-A15,2026-06-12T23:41:14.565Z
G01,217,add,Review,G01-A15,2026-06-13T00:25:02.208Z
G01,217,remove,Waiting Review,G01-A15,2026-06-13T00:25:02.208Z
G01,217,add,Waiting Review,G01-A15,2026-06-13T00:25:04.515Z
G01,217,remove,Review,G01-A15,2026-06-13T00:25:04.515Z
G01,217,add,Review,G01-A12,2026-06-14T16:30:48.859Z
G01,217,remove,Waiting Review,G01-A12,2026-06-14T16:30:48.859Z
G01,217,remove,Review,G01-A12,2026-06-14T16:40:41.103Z
G01,218,add,CODE,G01-A17,2026-06-12T11:43:20.754Z
G01,218,add,M,G01-A17,2026-06-12T11:43:20.754Z
G01,218,add,Backlog,G01-A17,2026-06-12T11:43:29.882Z
G01,218,add,Doing,G01-A17,2026-06-12T11:43:31.281Z
G01,218,remove,Backlog,G01-A17,2026-06-12T11:43:31.281Z
G01,218,add,Waiting Review,G01-A17,2026-06-12T11:46:54.379Z
G01,218,remove,Doing,G01-A17,2026-06-12T11:46:54.379Z
G01,218,add,Review,G01-A15,2026-06-14T16:25:39.735Z
G01,218,remove,Waiting Review,G01-A15,2026-06-14T16:25:39.735Z
G01,218,remove,Review,G01-A15,2026-06-14T16:32:47.799Z
G01,219,add,Doing,G01-A14,2026-06-12T17:07:36.261Z
G01,219,add,DESIGN,G01-A14,2026-06-12T17:08:04.453Z
G01,219,add,CODE,G01-A14,2026-06-12T17:08:04.453Z
G01,219,add,Art. 10,G01-A14,2026-06-12T17:08:04.453Z
G01,219,add,G,G01-A13,2026-06-12T23:46:54.817Z
G01,219,add,Waiting Review,G01-A14,2026-06-14T16:52:06.460Z
G01,219,remove,Doing,G01-A14,2026-06-14T16:52:06.460Z
G01,219,add,BUG,G01-A14,2026-06-14T16:52:31.644Z
G01,219,remove,Waiting Review,G01-A14,2026-06-14T16:52:35.054Z
G01,220,add,DOCUMENTATION,G01-A12,2026-06-12T20:18:41.752Z
G01,220,add,DESIGN,G01-A12,2026-06-12T20:18:41.752Z
G01,220,add,M,G01-A12,2026-06-12T20:18:41.752Z
G01,220,add,NEGÓCIOS,G01-A12,2026-06-12T20:18:41.752Z
G01,220,add,Art.12,G01-A12,2026-06-12T20:18:41.752Z
G01,220,add,Backlog,G01-A12,2026-06-12T20:19:44.052Z
G01,220,add,Doing,G01-A12,2026-06-12T20:28:09.788Z
G01,220,remove,Backlog,G01-A12,2026-06-12T20:28:09.788Z
G01,220,add,Waiting Review,G01-A12,2026-06-12T20:36:32.857Z
G01,220,remove,Doing,G01-A12,2026-06-12T20:36:32.857Z
G01,220,add,Review,G01-A15,2026-06-14T16:25:43.091Z
G01,220,remove,Waiting Review,G01-A15,2026-06-14T16:25:43.091Z
G01,220,remove,Review,G01-A15,2026-06-14T16:32:49.008Z
G01,221,add,DOCUMENTATION,G01-A12,2026-06-12T20:19:15.774Z
G01,221,add,M,G01-A12,2026-06-12T20:19:15.774Z
G01,221,add,NEGÓCIOS,G01-A12,2026-06-12T20:19:15.774Z
G01,221,add,Art.12,G01-A12,2026-06-12T20:19:15.774Z
G01,221,add,Backlog,G01-A12,2026-06-12T20:19:37.922Z
G01,221,add,Doing,G01-A12,2026-06-12T20:36:34.768Z
G01,221,remove,Backlog,G01-A12,2026-06-12T20:36:34.768Z
G01,221,add,Waiting Review,G01-A12,2026-06-12T20:41:38.610Z
G01,221,remove,Doing,G01-A12,2026-06-12T20:41:38.610Z
G01,221,add,Review,G01-A15,2026-06-14T16:25:43.987Z
G01,221,remove,Waiting Review,G01-A15,2026-06-14T16:25:43.987Z
G01,221,remove,Review,G01-A15,2026-06-14T16:33:03.553Z
G01,222,add,Doing,G01-A15,2026-06-12T23:41:21.795Z
G01,222,add,DOCUMENTATION,G01-A15,2026-06-12T23:41:43.055Z
G01,222,add,CODE,G01-A15,2026-06-12T23:41:43.055Z
G01,222,add,M,G01-A15,2026-06-12T23:41:43.055Z
G01,222,add,ART.11,G01-A15,2026-06-12T23:41:43.055Z
G01,222,add,Waiting Review,G01-A15,2026-06-13T00:25:06.135Z
G01,222,remove,Doing,G01-A15,2026-06-13T00:25:06.135Z
G01,222,add,Review,G01-A12,2026-06-14T16:30:50.607Z
G01,222,remove,Waiting Review,G01-A12,2026-06-14T16:30:50.607Z
G01,222,remove,Review,G01-A12,2026-06-14T16:40:43.020Z
G01,223,add,CODE,G01-A14,2026-06-15T14:41:39.177Z
G01,223,add,G,G01-A14,2026-06-15T14:41:39.177Z
G01,223,add,ART.14,G01-A14,2026-06-15T14:41:39.177Z
G01,223,add,Backlog,G01-A14,2026-06-16T17:45:18.297Z
G01,223,add,Doing,G01-A14,2026-06-22T17:12:15.297Z
G01,223,remove,Backlog,G01-A14,2026-06-22T17:12:15.297Z
G01,223,add,Waiting Review,G01-A14,2026-06-22T18:30:08.038Z
G01,223,remove,Doing,G01-A14,2026-06-22T18:30:08.038Z
G01,223,add,Review,G01-A15,2026-06-23T20:39:18.722Z
G01,223,remove,Waiting Review,G01-A15,2026-06-23T20:39:18.722Z
G01,223,remove,Review,G01-A15,2026-06-23T21:02:33.652Z
G01,224,add,CODE,G01-A14,2026-06-15T14:43:23.729Z
G01,224,add,M,G01-A14,2026-06-15T14:43:23.729Z
G01,224,add,ART.14,G01-A14,2026-06-15T14:43:23.729Z
G01,224,add,Backlog,G01-A14,2026-06-16T17:45:15.055Z
G01,224,add,Doing,G01-A14,2026-06-22T11:41:53.838Z
G01,224,remove,Backlog,G01-A14,2026-06-22T11:41:53.838Z
G01,224,add,Waiting Review,G01-A14,2026-06-22T16:23:49.255Z
G01,224,remove,Doing,G01-A14,2026-06-22T16:23:49.255Z
G01,224,add,Review,G01-A15,2026-06-23T20:39:19.793Z
G01,224,remove,Waiting Review,G01-A15,2026-06-23T20:39:19.793Z
G01,224,remove,Review,G01-A15,2026-06-23T21:02:30.968Z
G01,225,add,DOCUMENTATION,G01-A16,2026-06-15T22:19:52.316Z
G01,225,add,G,G01-A16,2026-06-15T22:19:52.316Z
G01,225,add,ART.16,G01-A16,2026-06-15T22:19:52.316Z
G01,225,add,Backlog,G01-A16,2026-06-15T22:29:30.238Z
G01,225,add,Doing,G01-A16,2026-06-25T14:56:08.294Z
G01,225,remove,Backlog,G01-A16,2026-06-25T14:56:08.294Z
G01,225,add,Waiting Review,G01-A16,2026-06-25T16:57:54.676Z
G01,225,remove,Doing,G01-A16,2026-06-25T16:57:54.676Z
G01,225,add,Review,G01-A12,2026-06-25T21:08:03.558Z
G01,225,remove,Waiting Review,G01-A12,2026-06-25T21:08:03.558Z
G01,225,remove,Review,G01-A12,2026-06-25T22:05:11.575Z
G01,226,add,ART.16,G01-A16,2026-06-15T22:21:38.409Z
G01,226,add,DOCUMENTATION,G01-A16,2026-06-15T22:21:38.409Z
G01,226,add,G,G01-A16,2026-06-15T22:21:38.409Z
G01,226,add,Backlog,G01-A16,2026-06-15T22:29:31.389Z
G01,226,add,Doing,G01-A16,2026-06-23T23:30:22.961Z
G01,226,remove,Backlog,G01-A16,2026-06-23T23:30:22.961Z
G01,226,add,Waiting Review,G01-A16,2026-06-24T00:36:27.926Z
G01,226,remove,Doing,G01-A16,2026-06-24T00:36:27.926Z
G01,226,add,Review,G01-A15,2026-06-24T13:20:26.907Z
G01,226,remove,Waiting Review,G01-A15,2026-06-24T13:20:26.907Z
G01,226,remove,Review,G01-A15,2026-06-24T18:12:38.931Z
G01,227,add,ART.16,G01-A16,2026-06-15T22:25:46.440Z
G01,227,add,DOCUMENTATION,G01-A16,2026-06-15T22:25:46.440Z
G01,227,add,G,G01-A16,2026-06-15T22:25:46.440Z
G01,227,add,Backlog,G01-A16,2026-06-15T22:29:32.470Z
G01,227,add,Doing,G01-A16,2026-06-23T23:30:09.853Z
G01,227,remove,Backlog,G01-A16,2026-06-23T23:30:09.853Z
G01,227,add,Waiting Review,G01-A16,2026-06-24T00:36:26.663Z
G01,227,remove,Doing,G01-A16,2026-06-24T00:36:26.663Z
G01,227,add,Review,G01-A15,2026-06-24T13:20:27.572Z
G01,227,remove,Waiting Review,G01-A15,2026-06-24T13:20:27.572Z
G01,227,remove,Review,G01-A15,2026-06-24T18:12:27.113Z
G01,228,add,ART.16,G01-A16,2026-06-15T22:26:53.486Z
G01,228,add,DOCUMENTATION,G01-A16,2026-06-15T22:26:53.486Z
G01,228,add,G,G01-A16,2026-06-15T22:26:53.486Z
G01,228,add,Backlog,G01-A16,2026-06-15T22:29:33.726Z
G01,228,add,Doing,G01-A16,2026-06-23T23:30:07.705Z
G01,228,remove,Backlog,G01-A16,2026-06-23T23:30:07.705Z
G01,228,add,Waiting Review,G01-A16,2026-06-24T00:36:25.591Z
G01,228,remove,Doing,G01-A16,2026-06-24T00:36:25.591Z
G01,228,add,Review,G01-A15,2026-06-24T13:20:28.418Z
G01,228,remove,Waiting Review,G01-A15,2026-06-24T13:20:28.418Z
G01,228,remove,Review,G01-A15,2026-06-24T18:12:33.712Z
G01,229,add,CODE,G01-A17,2026-06-16T10:52:39.140Z
G01,229,add,P,G01-A17,2026-06-16T10:52:39.140Z
G01,229,add,Backlog,G01-A17,2026-06-16T10:52:51.756Z
G01,229,add,Doing,G01-A17,2026-06-16T10:52:53.972Z
G01,229,remove,Backlog,G01-A17,2026-06-16T10:52:53.972Z
G01,229,add,Waiting Review,G01-A17,2026-06-16T17:51:43.383Z
G01,229,remove,Doing,G01-A17,2026-06-16T17:51:43.383Z
G01,229,add,G,G01-A17,2026-06-16T17:51:54.874Z
G01,229,remove,P,G01-A17,2026-06-16T17:51:56.291Z
G01,229,add,Review,G01-A15,2026-06-22T17:18:44.780Z
G01,229,remove,Waiting Review,G01-A15,2026-06-22T17:18:44.780Z
G01,229,remove,Review,G01-A15,2026-06-23T01:09:19.412Z
G01,230,add,ART.13,G01-A16,2026-06-16T15:26:20.188Z
G01,230,add,CODE,G01-A16,2026-06-16T15:26:34.998Z
G01,230,add,M,G01-A16,2026-06-16T15:27:00.518Z
G01,230,add,Backlog,G01-A16,2026-06-16T15:27:49.763Z
G01,230,add,Doing,G01-A16,2026-06-16T15:27:52.736Z
G01,230,remove,Backlog,G01-A16,2026-06-16T15:27:52.736Z
G01,230,add,Waiting Review,G01-A16,2026-06-16T15:46:01.648Z
G01,230,remove,Doing,G01-A16,2026-06-16T15:46:01.648Z
G01,230,add,Review,G01-A15,2026-06-22T17:18:43.310Z
G01,230,remove,Waiting Review,G01-A15,2026-06-22T17:18:43.310Z
G01,230,remove,Review,G01-A15,2026-06-23T01:09:20.306Z
G01,231,add,CODE,G01-A16,2026-06-16T15:47:31.839Z
G01,231,add,M,G01-A16,2026-06-16T15:47:31.839Z
G01,231,add,ART.13,G01-A16,2026-06-16T15:47:31.839Z
G01,231,add,Doing,G01-A16,2026-06-16T15:48:03.010Z
G01,231,add,Waiting Review,G01-A16,2026-06-16T15:55:32.837Z
G01,231,remove,Doing,G01-A16,2026-06-16T15:55:32.837Z
G01,231,add,Review,G01-A15,2026-06-22T17:18:42.491Z
G01,231,remove,Waiting Review,G01-A15,2026-06-22T17:18:42.491Z
G01,231,remove,Review,G01-A15,2026-06-23T01:09:35.235Z
G01,232,add,CODE,G01-A16,2026-06-16T15:56:59.810Z
G01,232,add,M,G01-A16,2026-06-16T15:56:59.810Z
G01,232,add,ART.13,G01-A16,2026-06-16T15:56:59.810Z
G01,232,add,Backlog,G01-A16,2026-06-16T15:58:00.350Z
G01,232,add,Doing,G01-A16,2026-06-16T15:58:10.610Z
G01,232,remove,Backlog,G01-A16,2026-06-16T15:58:10.610Z
G01,232,add,Waiting Review,G01-A16,2026-06-16T17:43:24.709Z
G01,232,remove,Doing,G01-A16,2026-06-16T17:43:24.709Z
G01,232,add,Review,G01-A15,2026-06-22T17:18:44.287Z
G01,232,remove,Waiting Review,G01-A15,2026-06-22T17:18:44.287Z
G01,232,remove,Review,G01-A15,2026-06-23T01:09:18.617Z
G01,233,add,ART.13,G01-A16,2026-06-16T15:57:28.396Z
G01,233,add,CODE,G01-A16,2026-06-16T15:57:28.396Z
G01,233,add,M,G01-A16,2026-06-16T15:57:28.396Z
G01,233,add,Backlog,G01-A16,2026-06-16T17:44:13.092Z
G01,233,add,Doing,G01-A16,2026-06-16T17:44:17.412Z
G01,233,remove,Backlog,G01-A16,2026-06-16T17:44:17.412Z
G01,233,add,Waiting Review,G01-A16,2026-06-16T18:11:28.841Z
G01,233,remove,Doing,G01-A16,2026-06-16T18:11:28.841Z
G01,233,add,Review,G01-A15,2026-06-22T17:18:45.953Z
G01,233,remove,Waiting Review,G01-A15,2026-06-22T17:18:45.953Z
G01,233,remove,Review,G01-A15,2026-06-23T01:09:21.030Z
G01,234,add,DOCUMENTATION,G01-A13,2026-06-16T17:12:15.578Z
G01,234,add,G,G01-A13,2026-06-16T17:12:15.578Z
G01,234,add,ART.18,G01-A13,2026-06-16T17:12:15.578Z
G01,234,add,Backlog,G01-A13,2026-06-16T17:12:35.941Z
G01,234,add,Doing,G01-A13,2026-06-22T17:27:06.344Z
G01,234,remove,Backlog,G01-A13,2026-06-22T17:27:06.344Z
G01,234,add,Waiting Review,G01-A13,2026-06-23T13:09:04.204Z
G01,234,remove,Doing,G01-A13,2026-06-23T13:09:04.204Z
G01,234,add,Review,G01-A15,2026-06-23T20:39:25.569Z
G01,234,remove,Waiting Review,G01-A15,2026-06-23T20:39:25.569Z
G01,234,remove,Review,G01-A15,2026-06-23T21:02:32.104Z
G01,235,add,DOCUMENTATION,G01-A13,2026-06-16T17:14:03.576Z
G01,235,add,M,G01-A13,2026-06-16T17:14:03.576Z
G01,235,add,Backlog,G01-A23,2026-06-26T00:19:17.317Z
G01,235,add,Doing,G01-A23,2026-06-26T00:21:49.254Z
G01,235,remove,Backlog,G01-A23,2026-06-26T00:21:49.254Z
G01,235,add,Waiting Review,G01-A23,2026-06-26T01:00:14.669Z
G01,235,remove,Doing,G01-A23,2026-06-26T01:00:14.669Z
G01,235,add,Review,G01-A15,2026-06-26T02:00:07.034Z
G01,235,remove,Waiting Review,G01-A15,2026-06-26T02:00:07.034Z
G01,235,remove,Review,G01-A15,2026-06-26T03:07:52.053Z
G01,236,add,ART.13,G01-A16,2026-06-16T17:43:44.026Z
G01,236,add,CODE,G01-A16,2026-06-16T17:43:44.026Z
G01,236,add,M,G01-A16,2026-06-16T17:43:44.026Z
G01,236,add,Backlog,G01-A16,2026-06-16T17:49:10.274Z
G01,236,add,Doing,G01-A16,2026-06-16T17:49:26.646Z
G01,236,remove,Backlog,G01-A16,2026-06-16T17:49:26.646Z
G01,236,add,Waiting Review,G01-A16,2026-06-16T18:40:48.463Z
G01,236,remove,Doing,G01-A16,2026-06-16T18:40:48.463Z
G01,236,add,Art.12,G01-A16,2026-06-16T19:03:41.052Z
G01,236,remove,ART.13,G01-A16,2026-06-16T19:03:41.052Z
G01,236,add,ART.11,G01-A16,2026-06-16T19:04:11.207Z
G01,236,remove,Art.12,G01-A16,2026-06-16T19:04:11.207Z
G01,236,add,Review,G01-A15,2026-06-22T17:18:47.196Z
G01,236,remove,Waiting Review,G01-A15,2026-06-22T17:18:47.196Z
G01,236,remove,Review,G01-A15,2026-06-23T01:09:22.708Z
G01,237,add,CODE,G01-A14,2026-06-16T17:44:23.782Z
G01,237,add,ART.14,G01-A14,2026-06-16T17:44:23.782Z
G01,237,add,Backlog,G01-A14,2026-06-16T17:45:12.996Z
G01,237,add,M,G01-A14,2026-06-16T17:45:31.076Z
G01,237,add,Doing,G01-A14,2026-06-23T22:03:19.492Z
G01,237,remove,Backlog,G01-A14,2026-06-23T22:03:19.492Z
G01,237,add,Waiting Review,G01-A14,2026-06-23T23:37:01.485Z
G01,237,remove,Doing,G01-A14,2026-06-23T23:37:01.485Z
G01,237,add,Review,G01-A17,2026-06-24T18:22:18.245Z
G01,237,remove,Waiting Review,G01-A17,2026-06-24T18:22:18.245Z
G01,237,remove,Review,G01-A17,2026-06-24T19:15:54.057Z
G01,238,add,ART.13,G01-A16,2026-06-16T17:48:44.991Z
G01,238,add,CODE,G01-A16,2026-06-16T17:48:44.991Z
G01,238,add,M,G01-A16,2026-06-16T17:48:44.991Z
G01,238,add,Backlog,G01-A16,2026-06-16T17:54:14.550Z
G01,238,add,Doing,G01-A16,2026-06-16T17:54:33.823Z
G01,238,remove,Backlog,G01-A16,2026-06-16T17:54:33.823Z
G01,238,add,Waiting Review,G01-A16,2026-06-16T18:40:46.862Z
G01,238,remove,Doing,G01-A16,2026-06-16T18:40:46.862Z
G01,238,add,ART.11,G01-A16,2026-06-16T19:03:58.370Z
G01,238,remove,ART.13,G01-A16,2026-06-16T19:04:00.100Z
G01,238,add,Review,G01-A15,2026-06-22T17:18:46.538Z
G01,238,remove,Waiting Review,G01-A15,2026-06-22T17:18:46.538Z
G01,238,remove,Review,G01-A15,2026-06-23T01:09:21.714Z
G01,239,add,Backlog,G01-A17,2026-06-16T17:53:01.401Z
G01,239,add,CODE,G01-A17,2026-06-16T17:53:06.945Z
G01,239,add,G,G01-A17,2026-06-16T17:53:17.505Z
G01,239,add,Doing,G01-A17,2026-06-16T17:53:19.514Z
G01,239,remove,Backlog,G01-A17,2026-06-16T17:53:19.514Z
G01,239,add,Waiting Review,G01-A17,2026-06-16T18:56:12.138Z
G01,239,remove,Doing,G01-A17,2026-06-16T18:56:12.138Z
G01,239,add,Review,G01-A15,2026-06-22T17:18:45.320Z
G01,239,remove,Waiting Review,G01-A15,2026-06-22T17:18:45.320Z
G01,239,remove,Review,G01-A15,2026-06-23T01:09:28.957Z
G01,240,add,ART.13,G01-A16,2026-06-16T17:53:51.934Z
G01,240,add,CODE,G01-A16,2026-06-16T17:53:51.934Z
G01,240,add,M,G01-A16,2026-06-16T17:53:51.934Z
G01,240,add,Backlog,G01-A16,2026-06-16T18:05:04.566Z
G01,240,add,Doing,G01-A16,2026-06-16T18:05:17.580Z
G01,240,remove,Backlog,G01-A16,2026-06-16T18:05:17.580Z
G01,240,add,Waiting Review,G01-A16,2026-06-16T18:40:50.467Z
G01,240,remove,Doing,G01-A16,2026-06-16T18:40:50.467Z
G01,240,add,ART.11,G01-A16,2026-06-16T19:04:28.165Z
G01,240,remove,ART.13,G01-A16,2026-06-16T19:04:30.105Z
G01,240,add,Review,G01-A15,2026-06-23T13:07:29.423Z
G01,240,remove,Waiting Review,G01-A15,2026-06-23T13:07:29.423Z
G01,240,remove,Review,G01-A15,2026-06-23T14:49:24.096Z
G01,241,add,ART.13,G01-A16,2026-06-16T18:04:40.479Z
G01,241,add,CODE,G01-A16,2026-06-16T18:04:40.479Z
G01,241,add,M,G01-A16,2026-06-16T18:04:40.479Z
G01,241,add,Backlog,G01-A16,2026-06-16T18:12:14.613Z
G01,241,add,Doing,G01-A16,2026-06-16T18:12:27.526Z
G01,241,remove,Backlog,G01-A16,2026-06-16T18:12:27.526Z
G01,241,add,Waiting Review,G01-A16,2026-06-16T18:56:14.249Z
G01,241,remove,Doing,G01-A16,2026-06-16T18:56:14.249Z
G01,241,add,ART.11,G01-A16,2026-06-16T19:04:39.651Z
G01,241,remove,ART.13,G01-A16,2026-06-16T19:04:41.223Z
G01,241,add,Review,G01-A15,2026-06-23T13:07:30.304Z
G01,241,remove,Waiting Review,G01-A15,2026-06-23T13:07:30.304Z
G01,241,remove,Review,G01-A15,2026-06-23T14:49:22.975Z
G01,242,add,ART.13,G01-A16,2026-06-16T18:11:58.028Z
G01,242,add,CODE,G01-A16,2026-06-16T18:11:58.028Z
G01,242,add,M,G01-A16,2026-06-16T18:11:58.028Z
G01,242,add,Art. 10,G01-A16,2026-06-16T19:02:26.906Z
G01,242,remove,ART.13,G01-A16,2026-06-16T19:02:26.906Z
G01,242,add,Backlog,G01-A16,2026-06-16T19:02:43.589Z
G01,242,add,Doing,G01-A16,2026-06-16T19:02:58.331Z
G01,242,remove,Backlog,G01-A16,2026-06-16T19:02:58.331Z
G01,242,add,Waiting Review,G01-A16,2026-06-16T19:05:12.477Z
G01,242,remove,Doing,G01-A16,2026-06-16T19:05:12.477Z
G01,242,add,Review,G01-A15,2026-06-23T13:07:31.103Z
G01,242,remove,Waiting Review,G01-A15,2026-06-23T13:07:31.103Z
G01,242,remove,Review,G01-A15,2026-06-23T14:49:23.501Z
G01,243,add,CODE,G01-A16,2026-06-16T19:17:42.436Z
G01,243,add,M,G01-A16,2026-06-16T19:17:42.436Z
G01,243,add,Art. 10,G01-A16,2026-06-16T19:17:42.436Z
G01,243,add,Backlog,G01-A16,2026-06-16T19:18:27.551Z
G01,243,add,Doing,G01-A16,2026-06-16T19:18:53.604Z
G01,243,remove,Backlog,G01-A16,2026-06-16T19:18:53.604Z
G01,243,add,Waiting Review,G01-A16,2026-06-16T19:46:43.379Z
G01,243,remove,Doing,G01-A16,2026-06-16T19:46:43.379Z
G01,243,add,Review,G01-A15,2026-06-23T13:07:32.015Z
G01,243,remove,Waiting Review,G01-A15,2026-06-23T13:07:32.015Z
G01,243,remove,Review,G01-A15,2026-06-23T14:49:25.677Z
G01,244,add,DOCUMENTATION,G01-A16,2026-06-16T19:46:40.485Z
G01,244,add,Art. 10,G01-A16,2026-06-16T19:46:40.485Z
G01,244,remove,Art. 10,G01-A16,2026-06-25T20:00:53.427Z
G01,244,remove,DOCUMENTATION,G01-A16,2026-06-25T20:00:56.028Z
G01,244,add,CODE_REVIEW,G01-A16,2026-06-25T20:01:11.699Z
G01,244,add,P,G01-A16,2026-06-25T20:01:11.699Z
G01,244,add,ART.14,G01-A16,2026-06-25T20:01:11.699Z
G01,244,add,Backlog,G01-A16,2026-06-25T20:01:27.914Z
G01,244,add,Doing,G01-A16,2026-06-25T20:01:34.963Z
G01,244,remove,Backlog,G01-A16,2026-06-25T20:01:34.963Z
G01,244,add,Waiting Review,G01-A16,2026-06-25T20:15:47.943Z
G01,244,remove,Doing,G01-A16,2026-06-25T20:15:47.943Z
G01,244,add,Review,G01-A12,2026-06-25T21:08:02.885Z
G01,244,remove,Waiting Review,G01-A12,2026-06-25T21:08:02.885Z
G01,244,remove,Review,G01-A12,2026-06-25T22:05:08.542Z
G01,245,add,CODE,G01-A14,2026-06-17T15:37:52.899Z
G01,245,add,M,G01-A14,2026-06-17T15:37:52.899Z
G01,245,add,ART.14,G01-A14,2026-06-17T15:37:52.899Z
G01,245,add,Backlog,G01-A14,2026-06-17T17:04:39.523Z
G01,245,add,Doing,G01-A14,2026-06-17T17:14:26.277Z
G01,245,remove,Backlog,G01-A14,2026-06-17T17:14:26.277Z
G01,245,add,Waiting Review,G01-A14,2026-06-17T18:42:08.097Z
G01,245,remove,Doing,G01-A14,2026-06-17T18:42:08.097Z
G01,245,add,Review,G01-A15,2026-06-23T13:07:35.373Z
G01,245,remove,Waiting Review,G01-A15,2026-06-23T13:07:35.373Z
G01,245,remove,Review,G01-A15,2026-06-23T14:49:24.784Z
G01,246,add,DOCUMENTATION,G01-A13,2026-06-22T17:13:10.327Z
G01,246,add,P,G01-A13,2026-06-22T17:13:10.327Z
G01,246,add,ART.18,G01-A13,2026-06-22T17:13:10.327Z
G01,246,add,Backlog,G01-A13,2026-06-22T17:13:19.286Z
G01,246,add,Doing,G01-A13,2026-06-22T17:13:29.523Z
G01,246,remove,Backlog,G01-A13,2026-06-22T17:13:29.523Z
G01,246,add,Waiting Review,G01-A13,2026-06-22T17:27:00.435Z
G01,246,remove,Doing,G01-A13,2026-06-22T17:27:00.435Z
G01,246,add,Review,G01-A15,2026-06-23T20:39:22.281Z
G01,246,remove,Waiting Review,G01-A15,2026-06-23T20:39:22.281Z
G01,246,remove,Review,G01-A15,2026-06-23T21:02:30.068Z
G01,247,add,Backlog,G01-A15,2026-06-22T17:21:31.535Z
G01,247,add,P,G01-A15,2026-06-22T17:22:04.496Z
G01,247,add,NEGÓCIOS,G01-A15,2026-06-22T17:22:04.496Z
G01,247,add,ART.18,G01-A15,2026-06-22T17:22:04.496Z
G01,247,add,BUG,G01-A15,2026-06-22T17:53:46.895Z
G01,247,remove,Backlog,G01-A15,2026-06-22T17:54:23.273Z
G01,248,add,CODE,G01-A17,2026-06-22T17:22:10.234Z
G01,248,add,G,G01-A17,2026-06-22T17:22:34.552Z
G01,248,add,Backlog,G01-A17,2026-06-22T17:24:13.656Z
G01,248,add,Doing,G01-A17,2026-06-22T17:24:16.415Z
G01,248,remove,Backlog,G01-A17,2026-06-22T17:24:16.415Z
G01,248,add,Waiting Review,G01-A17,2026-06-22T20:06:09.809Z
G01,248,remove,Doing,G01-A17,2026-06-22T20:06:12.005Z
G01,248,add,Review,G01-A15,2026-06-23T13:07:28.601Z
G01,248,remove,Waiting Review,G01-A15,2026-06-23T13:07:28.601Z
G01,248,remove,Review,G01-A15,2026-06-23T14:49:26.929Z
G01,249,add,Backlog,G01-A15,2026-06-22T17:22:31.845Z
G01,249,add,P,G01-A15,2026-06-22T17:22:56.229Z
G01,249,add,NEGÓCIOS,G01-A15,2026-06-22T17:22:56.229Z
G01,249,add,ART.18,G01-A15,2026-06-22T17:22:56.229Z
G01,249,add,Doing,G01-A15,2026-06-22T17:52:26.157Z
G01,249,remove,Backlog,G01-A15,2026-06-22T17:52:26.157Z
G01,249,add,BUG,G01-A15,2026-06-22T17:53:57.791Z
G01,249,remove,Doing,G01-A15,2026-06-22T17:54:14.235Z
G01,250,add,CODE,G01-A14,2026-06-22T18:33:08.612Z
G01,250,add,P,G01-A14,2026-06-22T18:33:08.612Z
G01,250,add,ART.14,G01-A14,2026-06-22T18:33:08.612Z
G01,250,add,Backlog,G01-A14,2026-06-22T18:33:12.696Z
G01,250,add,Doing,G01-A14,2026-06-22T18:33:17.776Z
G01,250,remove,Backlog,G01-A14,2026-06-22T18:33:17.776Z
G01,250,add,Waiting Review,G01-A14,2026-06-22T18:55:09.987Z
G01,250,remove,Doing,G01-A14,2026-06-22T18:55:09.987Z
G01,250,add,Review,G01-A15,2026-06-23T01:09:41.459Z
G01,250,remove,Waiting Review,G01-A15,2026-06-23T01:09:41.459Z
G01,250,remove,Review,G01-A15,2026-06-23T13:07:24.821Z
G01,251,add,P,G01-A15,2026-06-22T18:40:40.285Z
G01,251,add,ART.18,G01-A15,2026-06-22T18:40:40.285Z
G01,251,add,DOCUMENTATION,G01-A15,2026-06-22T18:40:52.483Z
G01,251,add,NEGÓCIOS,G01-A15,2026-06-22T18:40:52.483Z
G01,251,add,Backlog,G01-A15,2026-06-23T00:43:20.764Z
G01,251,add,Doing,G01-A15,2026-06-23T00:43:23.797Z
G01,251,remove,Backlog,G01-A15,2026-06-23T00:43:23.797Z
G01,251,add,Waiting Review,G01-A15,2026-06-23T00:56:37.889Z
G01,251,remove,Doing,G01-A15,2026-06-23T00:56:37.889Z
G01,251,remove,ART.18,G01-A15,2026-06-23T14:49:06.314Z
G01,251,add,ART.16,G01-A15,2026-06-23T14:49:12.474Z
G01,251,add,Review,G01-A14,2026-06-24T13:21:24.185Z
G01,251,remove,Waiting Review,G01-A14,2026-06-24T13:21:24.185Z
G01,251,remove,Review,G01-A14,2026-06-24T14:17:24.358Z
G01,252,add,DOCUMENTATION,G01-A15,2026-06-22T18:41:40.878Z
G01,252,add,P,G01-A15,2026-06-22T18:41:40.878Z
G01,252,add,NEGÓCIOS,G01-A15,2026-06-22T18:41:40.878Z
G01,252,add,ART.18,G01-A15,2026-06-22T18:41:40.878Z
G01,252,add,Backlog,G01-A15,2026-06-23T00:56:43.967Z
G01,252,add,Doing,G01-A15,2026-06-23T00:56:46.852Z
G01,252,remove,Backlog,G01-A15,2026-06-23T00:56:46.852Z
G01,252,add,Waiting Review,G01-A15,2026-06-23T01:11:40.782Z
G01,252,remove,Doing,G01-A15,2026-06-23T01:11:40.782Z
G01,252,remove,ART.18,G01-A15,2026-06-23T14:48:54.386Z
G01,252,add,ART.16,G01-A15,2026-06-23T14:49:00.690Z
G01,252,add,Review,G01-A14,2026-06-24T13:21:22.484Z
G01,252,remove,Waiting Review,G01-A14,2026-06-24T13:21:22.484Z
G01,252,remove,Review,G01-A14,2026-06-24T14:17:26.185Z
G01,253,add,DOCUMENTATION,G01-A15,2026-06-22T18:42:49.458Z
G01,253,add,NEGÓCIOS,G01-A15,2026-06-22T18:42:49.458Z
G01,253,add,ART.18,G01-A15,2026-06-22T18:42:49.458Z
G01,253,add,P,G01-A15,2026-06-22T18:43:01.501Z
G01,253,remove,P,G01-A15,2026-06-22T18:43:07.908Z
G01,253,add,M,G01-A15,2026-06-22T18:43:14.419Z
G01,253,add,Backlog,G01-A15,2026-06-23T01:11:47.631Z
G01,253,add,Doing,G01-A15,2026-06-23T01:11:50.533Z
G01,253,remove,Backlog,G01-A15,2026-06-23T01:11:50.533Z
G01,253,add,Waiting Review,G01-A15,2026-06-23T13:07:12.087Z
G01,253,remove,Doing,G01-A15,2026-06-23T13:07:12.087Z
G01,253,remove,ART.18,G01-A15,2026-06-23T14:48:42.827Z
G01,253,add,ART.16,G01-A15,2026-06-23T14:48:49.476Z
G01,253,add,Review,G01-A14,2026-06-24T13:21:19.509Z
G01,253,remove,Waiting Review,G01-A14,2026-06-24T13:21:19.509Z
G01,253,remove,Review,G01-A14,2026-06-24T14:17:22.767Z
G01,254,add,DOCUMENTATION,G01-A15,2026-06-22T18:44:14.902Z
G01,254,add,CODE,G01-A15,2026-06-22T18:44:14.902Z
G01,254,add,G,G01-A15,2026-06-22T18:44:14.902Z
G01,254,add,Backlog,G01-A15,2026-06-23T18:32:05.187Z
G01,254,add,Doing,G01-A15,2026-06-25T16:03:22.616Z
G01,254,remove,Backlog,G01-A15,2026-06-25T16:03:22.616Z
G01,254,add,Waiting Review,G01-A15,2026-06-25T17:53:21.963Z
G01,254,remove,Doing,G01-A15,2026-06-25T17:53:21.963Z
G01,254,add,Review,G01-A16,2026-06-25T18:09:41.753Z
G01,254,remove,Waiting Review,G01-A16,2026-06-25T18:09:41.753Z
G01,254,remove,Review,G01-A16,2026-06-26T03:09:10.016Z
G01,255,add,DOCUMENTATION,G01-A15,2026-06-22T18:45:31.478Z
G01,255,add,CODE,G01-A15,2026-06-22T18:45:31.478Z
G01,255,add,M,G01-A15,2026-06-22T18:45:31.478Z
G01,255,add,Backlog,G01-A15,2026-06-23T18:32:04.054Z
G01,255,add,Doing,G01-A15,2026-06-23T19:11:15.018Z
G01,255,remove,Backlog,G01-A15,2026-06-23T19:11:15.018Z
G01,255,add,Waiting Review,G01-A15,2026-06-23T20:39:14.328Z
G01,255,remove,Doing,G01-A15,2026-06-23T20:39:14.328Z
G01,255,add,Review,G01-A14,2026-06-24T13:21:12.762Z
G01,255,remove,Waiting Review,G01-A14,2026-06-24T13:21:12.762Z
G01,255,remove,Review,G01-A14,2026-06-24T14:17:21.930Z
G01,256,add,DOCUMENTATION,G01-A15,2026-06-22T18:46:49.864Z
G01,256,add,M,G01-A15,2026-06-22T18:46:49.864Z
G01,256,add,ART.18,G01-A15,2026-06-22T18:46:49.864Z
G01,256,add,Backlog,G01-A15,2026-06-23T14:15:52.770Z
G01,256,add,Doing,G01-A15,2026-06-23T14:15:55.734Z
G01,256,remove,Backlog,G01-A15,2026-06-23T14:15:55.734Z
G01,256,add,Waiting Review,G01-A15,2026-06-23T14:47:35.687Z
G01,256,remove,Doing,G01-A15,2026-06-23T14:47:35.687Z
G01,256,remove,ART.18,G01-A15,2026-06-23T14:48:30.720Z
G01,256,add,ART.16,G01-A15,2026-06-23T14:48:37.649Z
G01,256,add,Review,G01-A14,2026-06-24T13:21:16.729Z
G01,256,remove,Waiting Review,G01-A14,2026-06-24T13:21:16.729Z
G01,256,remove,Review,G01-A14,2026-06-24T14:17:29.744Z
G01,257,add,DOCUMENTATION,G01-A15,2026-06-22T18:47:51.655Z
G01,257,add,G,G01-A15,2026-06-22T18:47:51.655Z
G01,257,add,Backlog,G01-A15,2026-06-23T18:32:02.684Z
G01,257,add,Doing,G01-A15,2026-06-25T18:02:39.479Z
G01,257,remove,Backlog,G01-A15,2026-06-25T18:02:39.479Z
G01,257,add,Waiting Review,G01-A12,2026-06-25T20:20:16.421Z
G01,257,remove,Doing,G01-A12,2026-06-25T20:20:16.421Z
G01,257,add,Review,G01-A12,2026-06-25T21:07:42.590Z
G01,257,remove,Waiting Review,G01-A12,2026-06-25T21:07:42.590Z
G01,257,remove,Review,G01-A12,2026-06-25T22:05:07.395Z
G01,258,add,CODE,G01-A14,2026-06-22T19:29:15.177Z
G01,258,add,PP,G01-A14,2026-06-22T19:29:15.177Z
G01,258,add,ART.14,G01-A14,2026-06-22T19:29:15.177Z
G01,258,add,Backlog,G01-A14,2026-06-22T19:31:45.144Z
G01,258,add,Doing,G01-A14,2026-06-22T19:33:01.597Z
G01,258,remove,Backlog,G01-A14,2026-06-22T19:33:01.597Z
G01,258,add,Waiting Review,G01-A14,2026-06-22T20:00:22.968Z
G01,258,remove,Doing,G01-A14,2026-06-22T20:00:22.968Z
G01,258,add,Review,G01-A15,2026-06-23T01:09:40.352Z
G01,258,remove,Waiting Review,G01-A15,2026-06-23T01:09:40.352Z
G01,258,remove,Review,G01-A15,2026-06-23T13:07:24.180Z
G01,259,add,CODE,G01-A14,2026-06-23T14:25:54.997Z
G01,259,add,M,G01-A14,2026-06-23T14:25:54.997Z
G01,259,add,ART.14,G01-A14,2026-06-23T14:25:54.997Z
G01,259,add,Backlog,G01-A14,2026-06-23T14:30:34.125Z
G01,259,add,Doing,G01-A14,2026-06-23T19:10:05.231Z
G01,259,remove,Backlog,G01-A14,2026-06-23T19:10:05.231Z
G01,259,add,Waiting Review,G01-A14,2026-06-23T20:42:04.640Z
G01,259,remove,Doing,G01-A14,2026-06-23T20:42:04.640Z
G01,259,add,Review,G01-A12,2026-06-23T21:02:29.995Z
G01,259,remove,Waiting Review,G01-A12,2026-06-23T21:02:29.995Z
G01,259,remove,Review,G01-A12,2026-06-23T21:07:49.423Z
G01,260,add,CODE,G01-A14,2026-06-23T14:29:14.637Z
G01,260,add,M,G01-A14,2026-06-23T14:29:14.637Z
G01,260,add,ART.14,G01-A14,2026-06-23T14:29:14.637Z
G01,260,add,Backlog,G01-A14,2026-06-23T14:30:36.084Z
G01,260,add,Doing,G01-A14,2026-06-23T20:44:50.827Z
G01,260,remove,Backlog,G01-A14,2026-06-23T20:44:50.827Z
G01,260,add,Waiting Review,G01-A14,2026-06-23T22:03:14.601Z
G01,260,remove,Doing,G01-A14,2026-06-23T22:03:14.601Z
G01,260,add,Review,G01-A17,2026-06-24T18:22:16.872Z
G01,260,remove,Waiting Review,G01-A17,2026-06-24T18:22:16.872Z
G01,260,remove,Review,G01-A17,2026-06-24T19:15:59.464Z
G01,261,add,CODE,G01-A17,2026-06-23T14:41:31.794Z
G01,261,add,G,G01-A17,2026-06-23T14:41:31.794Z
G01,261,add,Backlog,G01-A17,2026-06-23T14:41:37.317Z
G01,261,add,Doing,G01-A17,2026-06-23T14:41:38.618Z
G01,261,remove,Backlog,G01-A17,2026-06-23T14:41:38.618Z
G01,261,add,Waiting Review,G01-A17,2026-06-23T16:43:47.598Z
G01,261,remove,Doing,G01-A17,2026-06-23T16:43:47.598Z
G01,261,add,Review,G01-A15,2026-06-23T20:39:24.353Z
G01,261,remove,Waiting Review,G01-A15,2026-06-23T20:39:24.353Z
G01,261,remove,Review,G01-A15,2026-06-23T21:02:31.481Z
G01,262,add,DOCUMENTATION,G01-A15,2026-06-23T14:48:14.211Z
G01,262,add,CODE,G01-A15,2026-06-23T14:48:14.211Z
G01,262,add,M,G01-A15,2026-06-23T14:48:14.211Z
G01,262,add,ART.16,G01-A15,2026-06-23T14:48:14.211Z
G01,262,add,Backlog,G01-A15,2026-06-23T14:48:20.643Z
G01,262,add,Doing,G01-A15,2026-06-23T14:48:23.246Z
G01,262,remove,Backlog,G01-A15,2026-06-23T14:48:23.246Z
G01,262,add,Waiting Review,G01-A15,2026-06-23T18:31:22.192Z
G01,262,remove,Doing,G01-A15,2026-06-23T18:31:22.192Z
G01,262,remove,M,G01-A15,2026-06-23T18:31:41.133Z
G01,262,add,G,G01-A15,2026-06-23T18:31:51.697Z
G01,262,add,Review,G01-A14,2026-06-24T13:21:13.994Z
G01,262,remove,Waiting Review,G01-A14,2026-06-24T13:21:13.994Z
G01,262,remove,Review,G01-A14,2026-06-24T14:17:28.028Z
G01,263,add,CODE,G01-A17,2026-06-23T16:44:09.862Z
G01,263,add,G,G01-A17,2026-06-23T16:44:09.862Z
G01,263,add,Backlog,G01-A17,2026-06-23T16:44:16.159Z
G01,263,add,Doing,G01-A17,2026-06-23T16:44:17.573Z
G01,263,remove,Backlog,G01-A17,2026-06-23T16:44:17.573Z
G01,263,add,Waiting Review,G01-A17,2026-06-23T21:44:39.954Z
G01,263,remove,Doing,G01-A17,2026-06-23T21:44:39.954Z
G01,263,add,Review,G01-A15,2026-06-26T01:12:42.979Z
G01,263,remove,Waiting Review,G01-A15,2026-06-26T01:12:42.979Z
G01,263,remove,Review,G01-A15,2026-06-26T01:59:27.612Z
G01,264,add,DOCUMENTATION,G01-A13,2026-06-23T18:28:51.925Z
G01,264,add,M,G01-A13,2026-06-23T18:28:51.925Z
G01,264,add,ART.18,G01-A13,2026-06-23T18:28:51.925Z
G01,264,add,Backlog,G01-A13,2026-06-23T18:29:00.460Z
G01,264,add,Doing,G01-A13,2026-06-23T18:29:07.518Z
G01,264,remove,Backlog,G01-A13,2026-06-23T18:29:07.518Z
G01,264,add,Waiting Review,G01-A13,2026-06-23T18:45:46.471Z
G01,264,remove,Doing,G01-A13,2026-06-23T18:45:46.471Z
G01,264,add,Review,G01-A15,2026-06-23T20:39:26.345Z
G01,264,remove,Waiting Review,G01-A15,2026-06-23T20:39:26.345Z
G01,264,remove,Review,G01-A15,2026-06-23T21:02:32.827Z
G01,265,add,DOCUMENTATION,G01-A15,2026-06-23T20:40:20.020Z
G01,265,add,CODE,G01-A15,2026-06-23T20:40:20.020Z
G01,265,add,P,G01-A15,2026-06-23T20:40:20.020Z
G01,265,add,ART.16,G01-A15,2026-06-23T20:40:20.020Z
G01,265,remove,P,G01-A15,2026-06-23T20:40:24.788Z
G01,265,add,M,G01-A15,2026-06-23T20:40:32.665Z
G01,265,add,Backlog,G01-A15,2026-06-23T20:40:35.398Z
G01,265,add,Doing,G01-A15,2026-06-23T20:41:35.748Z
G01,265,remove,Backlog,G01-A15,2026-06-23T20:41:35.748Z
G01,265,add,Waiting Review,G01-A15,2026-06-23T21:33:02.672Z
G01,265,remove,Doing,G01-A15,2026-06-23T21:33:02.672Z
G01,265,add,Review,G01-A14,2026-06-24T13:21:15.224Z
G01,265,remove,Waiting Review,G01-A14,2026-06-24T13:21:15.224Z
G01,265,remove,Review,G01-A14,2026-06-24T14:17:31.863Z
G01,266,add,DOCUMENTATION,G01-A15,2026-06-23T21:33:43.087Z
G01,266,add,CODE,G01-A15,2026-06-23T21:33:43.087Z
G01,266,add,P,G01-A15,2026-06-23T21:33:43.087Z
G01,266,add,ART.16,G01-A15,2026-06-23T21:33:43.087Z
G01,266,add,Backlog,G01-A15,2026-06-23T21:33:51.459Z
G01,266,add,Doing,G01-A15,2026-06-23T21:33:53.858Z
G01,266,remove,Backlog,G01-A15,2026-06-23T21:33:53.858Z
G01,266,add,Waiting Review,G01-A15,2026-06-23T22:18:20.438Z
G01,266,remove,Doing,G01-A15,2026-06-23T22:18:20.438Z
G01,266,add,Review,G01-A14,2026-06-24T12:58:34.157Z
G01,266,remove,Waiting Review,G01-A14,2026-06-24T12:58:34.157Z
G01,266,remove,Review,G01-A14,2026-06-24T13:13:16.374Z
G01,267,add,CODE,G01-A17,2026-06-23T23:38:45.701Z
G01,267,add,G,G01-A17,2026-06-23T23:38:45.701Z
G01,267,add,Backlog,G01-A17,2026-06-23T23:38:52.273Z
G01,267,add,Doing,G01-A17,2026-06-23T23:38:54.224Z
G01,267,remove,Backlog,G01-A17,2026-06-23T23:38:54.224Z
G01,267,add,Waiting Review,G01-A17,2026-06-24T01:13:46.154Z
G01,267,remove,Doing,G01-A17,2026-06-24T01:13:46.154Z
G01,267,add,Review,G01-A14,2026-06-24T17:47:14.467Z
G01,267,remove,Waiting Review,G01-A14,2026-06-24T17:47:14.467Z
G01,267,remove,Review,G01-A16,2026-06-25T15:16:50.198Z
G01,268,add,CODE,G01-A14,2026-06-24T11:31:11.302Z
G01,268,add,P,G01-A14,2026-06-24T11:31:11.302Z
G01,268,add,ART.14,G01-A14,2026-06-24T11:31:11.302Z
G01,268,add,Backlog,G01-A14,2026-06-24T11:32:55.113Z
G01,268,add,Doing,G01-A14,2026-06-24T11:45:47.550Z
G01,268,remove,Backlog,G01-A14,2026-06-24T11:45:47.550Z
G01,268,add,Waiting Review,G01-A14,2026-06-24T12:02:26.033Z
G01,268,remove,Doing,G01-A14,2026-06-24T12:02:26.033Z
G01,268,add,Review,G01-A17,2026-06-24T18:22:19.721Z
G01,268,remove,Waiting Review,G01-A17,2026-06-24T18:22:19.721Z
G01,268,remove,Review,G01-A17,2026-06-24T19:15:50.711Z
G01,269,add,CODE,G01-A14,2026-06-24T12:10:38.056Z
G01,269,add,P,G01-A14,2026-06-24T12:10:38.056Z
G01,269,add,ART.14,G01-A14,2026-06-24T12:10:38.056Z
G01,269,add,Backlog,G01-A14,2026-06-24T12:10:47.696Z
G01,269,add,Doing,G01-A14,2026-06-24T12:12:58.809Z
G01,269,remove,Backlog,G01-A14,2026-06-24T12:12:58.809Z
G01,269,add,Waiting Review,G01-A14,2026-06-24T12:58:00.254Z
G01,269,remove,Doing,G01-A14,2026-06-24T12:58:00.254Z
G01,269,add,Review,G01-A17,2026-06-24T18:22:22.336Z
G01,269,remove,Waiting Review,G01-A17,2026-06-24T18:22:22.336Z
G01,269,remove,Review,G01-A17,2026-06-24T19:15:44.434Z
G01,270,add,CODE,G01-A14,2026-06-24T17:05:06.076Z
G01,270,add,ART.14,G01-A14,2026-06-24T17:05:06.076Z
G01,270,add,M,G01-A14,2026-06-24T17:13:11.068Z
G01,270,add,PP,G01-A14,2026-06-24T17:13:37.085Z
G01,270,remove,M,G01-A14,2026-06-24T17:13:37.085Z
G01,270,add,Backlog,G01-A14,2026-06-24T17:13:40.182Z
G01,270,add,Doing,G01-A14,2026-06-24T17:27:12.188Z
G01,270,remove,Backlog,G01-A14,2026-06-24T17:27:12.188Z
G01,270,add,Waiting Review,G01-A14,2026-06-24T17:43:38.999Z
G01,270,remove,Doing,G01-A14,2026-06-24T17:43:38.999Z
G01,270,add,Review,G01-A17,2026-06-24T18:22:20.461Z
G01,270,remove,Waiting Review,G01-A17,2026-06-24T18:22:20.461Z
G01,270,remove,Review,G01-A17,2026-06-24T19:15:47.668Z
G01,271,add,CODE,G01-A14,2026-06-24T17:10:25.469Z
G01,271,add,M,G01-A14,2026-06-24T17:10:25.469Z
G01,271,add,ART.14,G01-A14,2026-06-24T17:10:25.469Z
G01,271,add,Backlog,G01-A14,2026-06-24T17:13:44.004Z
G01,271,add,Doing,G01-A14,2026-06-24T17:43:40.860Z
G01,271,remove,Backlog,G01-A14,2026-06-24T17:43:40.860Z
G01,271,add,Waiting Review,G01-A14,2026-06-24T18:45:10.056Z
G01,271,remove,Doing,G01-A14,2026-06-24T18:45:10.056Z
G01,271,add,Review,G01-A15,2026-06-26T02:01:49.981Z
G01,271,remove,Waiting Review,G01-A15,2026-06-26T02:01:49.981Z
G01,271,remove,Review,G01-A15,2026-06-26T03:08:00.709Z
G01,272,add,DOCUMENTATION,G01-A13,2026-06-24T17:19:45.674Z
G01,272,add,P,G01-A13,2026-06-24T17:19:45.674Z
G01,272,add,ART.18,G01-A13,2026-06-24T17:19:45.674Z
G01,272,add,Backlog,G01-A13,2026-06-24T17:20:09.099Z
G01,272,add,Doing,G01-A13,2026-06-24T17:29:07.741Z
G01,272,remove,Backlog,G01-A13,2026-06-24T17:29:07.741Z
G01,272,add,Waiting Review,G01-A13,2026-06-24T17:36:21.783Z
G01,272,remove,Doing,G01-A13,2026-06-24T17:36:21.783Z
G01,272,add,Review,G01-A15,2026-06-25T17:53:02.181Z
G01,272,remove,Waiting Review,G01-A15,2026-06-25T17:53:02.181Z
G01,272,remove,Review,G01-A15,2026-06-26T00:00:38.467Z
G01,273,add,M,G01-A15,2026-06-24T17:26:31.486Z
G01,273,add,ART.16,G01-A15,2026-06-24T17:26:31.486Z
G01,273,add,DOCUMENTATION,G01-A15,2026-06-24T17:26:39.214Z
G01,273,add,Backlog,G01-A15,2026-06-24T17:26:48.388Z
G01,273,add,Doing,G01-A15,2026-06-24T17:26:51.574Z
G01,273,remove,Backlog,G01-A15,2026-06-24T17:26:51.574Z
G01,273,add,Waiting Review,G01-A15,2026-06-24T18:11:52.462Z
G01,273,remove,Doing,G01-A15,2026-06-24T18:11:52.462Z
G01,273,add,Review,G01-A17,2026-06-24T18:22:40.971Z
G01,273,remove,Waiting Review,G01-A17,2026-06-24T18:22:40.971Z
G01,273,remove,Review,G01-A17,2026-06-24T19:15:40.770Z
G01,274,add,CODE,G01-A17,2026-06-24T17:27:08.552Z
G01,274,add,M,G01-A17,2026-06-24T17:27:19.226Z
G01,274,add,Backlog,G01-A17,2026-06-24T17:27:21.895Z
G01,274,add,Doing,G01-A17,2026-06-24T17:27:23.338Z
G01,274,remove,Backlog,G01-A17,2026-06-24T17:27:23.338Z
G01,274,add,Waiting Review,G01-A17,2026-06-24T18:22:02.666Z
G01,274,remove,Doing,G01-A17,2026-06-24T18:22:02.666Z
G01,274,add,Review,G01-A15,2026-06-26T00:01:12.863Z
G01,274,remove,Waiting Review,G01-A15,2026-06-26T00:01:12.863Z
G01,274,remove,Review,G01-A15,2026-06-26T01:12:28.687Z
G01,275,add,DOCUMENTATION,G01-A13,2026-06-24T17:47:55.310Z
G01,275,add,P,G01-A13,2026-06-24T17:47:55.310Z
G01,275,add,ART.18,G01-A13,2026-06-24T17:47:55.310Z
G01,275,add,Backlog,G01-A23,2026-06-24T17:48:28.394Z
G01,275,add,Doing,G01-A23,2026-06-24T17:48:35.917Z
G01,275,remove,Backlog,G01-A23,2026-06-24T17:48:35.917Z
G01,275,add,Waiting Review,G01-A23,2026-06-24T17:59:27.822Z
G01,275,remove,Doing,G01-A23,2026-06-24T17:59:27.822Z
G01,275,add,Review,G01-A14,2026-06-26T00:27:07.898Z
G01,275,remove,Waiting Review,G01-A14,2026-06-26T00:27:07.898Z
G01,275,remove,Review,G01-A14,2026-06-26T01:18:38.156Z
G01,276,add,CODE,G01-A17,2026-06-24T17:47:24.548Z
G01,276,add,M,G01-A17,2026-06-24T17:47:32.658Z
G01,276,add,Backlog,G01-A17,2026-06-24T17:47:34.982Z
G01,276,add,Doing,G01-A17,2026-06-24T17:47:36.097Z
G01,276,remove,Backlog,G01-A17,2026-06-24T17:47:36.097Z
G01,276,add,Waiting Review,G01-A17,2026-06-24T18:22:01.684Z
G01,276,remove,Doing,G01-A17,2026-06-24T18:22:01.684Z
G01,276,add,Review,G01-A15,2026-06-26T00:01:13.828Z
G01,276,remove,Waiting Review,G01-A15,2026-06-26T00:01:13.828Z
G01,276,remove,Review,G01-A15,2026-06-26T01:12:33.939Z
G01,277,add,CODE,G01-A14,2026-06-25T00:45:51.212Z
G01,277,add,M,G01-A14,2026-06-25T00:45:51.212Z
G01,277,add,ART.14,G01-A14,2026-06-25T00:45:51.212Z
G01,277,add,Backlog,G01-A14,2026-06-25T00:46:53.019Z
G01,277,add,Doing,G01-A14,2026-06-25T00:48:20.740Z
G01,277,remove,Backlog,G01-A14,2026-06-25T00:48:20.740Z
G01,277,add,P,G01-A14,2026-06-25T00:53:53.389Z
G01,277,remove,M,G01-A14,2026-06-25T00:53:53.389Z
G01,277,add,M,G01-A14,2026-06-25T01:16:11.420Z
G01,277,remove,P,G01-A14,2026-06-25T01:16:11.420Z
G01,277,add,BUG,G01-A14,2026-06-25T01:50:58.394Z
G01,277,add,Waiting Review,G01-A14,2026-06-25T01:51:02.708Z
G01,277,remove,Doing,G01-A14,2026-06-25T01:51:02.708Z
G01,277,add,Review,G01-A14,2026-06-25T01:51:07.633Z
G01,277,remove,Waiting Review,G01-A14,2026-06-25T01:51:07.633Z
G01,277,remove,Review,G01-A14,2026-06-25T01:51:11.822Z
G01,278,add,CODE,G01-A17,2026-06-25T11:37:22.275Z
G01,278,add,G,G01-A17,2026-06-25T11:37:22.275Z
G01,278,add,Backlog,G01-A17,2026-06-25T11:37:27.752Z
G01,278,add,Doing,G01-A17,2026-06-25T11:38:43.060Z
G01,278,remove,Backlog,G01-A17,2026-06-25T11:38:43.060Z
G01,278,add,Waiting Review,G01-A17,2026-06-25T14:06:57.604Z
G01,278,remove,Doing,G01-A17,2026-06-25T14:06:57.604Z
G01,278,add,Review,G01-A16,2026-06-25T14:29:15.664Z
G01,278,remove,Waiting Review,G01-A16,2026-06-25T14:29:15.664Z
G01,278,remove,Review,G01-A16,2026-06-25T15:16:53.429Z
G01,279,add,CODE,G01-A17,2026-06-25T11:37:49.965Z
G01,279,add,Backlog,G01-A17,2026-06-25T11:37:58.284Z
G01,279,add,G,G01-A17,2026-06-25T11:38:37.195Z
G01,279,add,Doing,G01-A17,2026-06-25T11:38:55.822Z
G01,279,remove,Backlog,G01-A17,2026-06-25T11:38:55.822Z
G01,279,add,Waiting Review,G01-A17,2026-06-25T14:06:58.729Z
G01,279,remove,Doing,G01-A17,2026-06-25T14:06:58.729Z
G01,279,add,Review,G01-A16,2026-06-25T14:29:13.404Z
G01,279,remove,Waiting Review,G01-A16,2026-06-25T14:29:13.404Z
G01,279,remove,Review,G01-A16,2026-06-25T15:16:52.328Z
G01,280,add,CODE,G01-A17,2026-06-25T11:38:23.953Z
G01,280,add,G,G01-A17,2026-06-25T11:38:23.953Z
G01,280,add,Backlog,G01-A17,2026-06-25T11:38:28.659Z
G01,280,add,Doing,G01-A17,2026-06-25T11:38:57.399Z
G01,280,remove,Backlog,G01-A17,2026-06-25T11:38:57.399Z
G01,280,add,Waiting Review,G01-A17,2026-06-25T14:07:00.598Z
G01,280,remove,Doing,G01-A17,2026-06-25T14:07:00.598Z
G01,280,add,Review,G01-A16,2026-06-25T14:29:12.210Z
G01,280,remove,Waiting Review,G01-A16,2026-06-25T14:29:12.210Z
G01,280,remove,Review,G01-A16,2026-06-25T15:16:51.451Z
G01,281,add,CODE,G01-A17,2026-06-25T11:39:27.896Z
G01,281,add,G,G01-A17,2026-06-25T11:39:27.896Z
G01,281,add,Backlog,G01-A17,2026-06-25T11:39:32.152Z
G01,281,add,Doing,G01-A17,2026-06-25T11:39:33.313Z
G01,281,remove,Backlog,G01-A17,2026-06-25T11:39:33.313Z
G01,281,add,Waiting Review,G01-A17,2026-06-25T14:06:56.052Z
G01,281,remove,Doing,G01-A17,2026-06-25T14:06:56.052Z
G01,281,add,Review,G01-A15,2026-06-26T00:01:11.959Z
G01,281,remove,Waiting Review,G01-A15,2026-06-26T00:01:11.959Z
G01,281,remove,Review,G01-A15,2026-06-26T01:12:34.649Z
G01,282,add,DOCUMENTATION,G01-A13,2026-06-25T13:51:16.343Z
G01,282,add,M,G01-A13,2026-06-25T13:51:16.343Z
G01,282,add,ART.18,G01-A13,2026-06-25T13:51:16.343Z
G01,282,remove,M,G01-A13,2026-06-25T13:51:18.420Z
G01,282,add,P,G01-A13,2026-06-25T13:51:24.132Z
G01,282,add,Backlog,G01-A13,2026-06-25T13:57:11.549Z
G01,282,add,Doing,G01-A13,2026-06-25T14:01:21.245Z
G01,282,remove,Backlog,G01-A13,2026-06-25T14:01:21.245Z
G01,282,add,Waiting Review,G01-A13,2026-06-25T14:13:36.058Z
G01,282,remove,Doing,G01-A13,2026-06-25T14:13:36.058Z
G01,282,add,Review,G01-A16,2026-06-25T14:29:09.588Z
G01,282,remove,Waiting Review,G01-A16,2026-06-25T14:29:09.588Z
G01,282,remove,Review,G01-A16,2026-06-25T14:46:26.037Z
G01,283,add,DOCUMENTATION,G01-A13,2026-06-25T13:52:46.342Z
G01,283,add,M,G01-A13,2026-06-25T13:52:46.342Z
G01,283,add,ART.18,G01-A13,2026-06-25T13:52:46.342Z
G01,283,add,Backlog,G01-A13,2026-06-25T13:57:11.003Z
G01,283,add,Doing,G01-A13,2026-06-25T16:17:49.918Z
G01,283,remove,Backlog,G01-A13,2026-06-25T16:17:49.918Z
G01,283,add,Waiting Review,G01-A13,2026-06-25T16:44:51.698Z
G01,283,remove,Doing,G01-A13,2026-06-25T16:44:51.698Z
G01,283,add,Review,G01-A15,2026-06-25T17:52:57.659Z
G01,283,remove,Waiting Review,G01-A15,2026-06-25T17:52:57.659Z
G01,283,remove,Review,G01-A15,2026-06-26T00:00:41.923Z
G01,284,add,DOCUMENTATION,G01-A13,2026-06-25T13:54:43.775Z
G01,284,add,P,G01-A13,2026-06-25T13:54:43.775Z
G01,284,add,ART.18,G01-A13,2026-06-25T13:54:43.775Z
G01,284,add,Backlog,G01-A13,2026-06-25T13:57:06.903Z
G01,284,add,Doing,G01-A13,2026-06-25T14:16:04.282Z
G01,284,remove,Backlog,G01-A13,2026-06-25T14:16:04.282Z
G01,284,add,Waiting Review,G01-A13,2026-06-25T14:29:45.064Z
G01,284,remove,Doing,G01-A13,2026-06-25T14:29:45.064Z
G01,284,add,Review,G01-A15,2026-06-25T17:52:58.751Z
G01,284,remove,Waiting Review,G01-A15,2026-06-25T17:52:58.751Z
G01,284,remove,Review,G01-A15,2026-06-26T00:00:39.370Z
G01,285,add,Backlog,G01-A17,2026-06-25T14:07:22.966Z
G01,285,add,Doing,G01-A17,2026-06-25T14:07:25.215Z
G01,285,remove,Backlog,G01-A17,2026-06-25T14:07:25.215Z
G01,285,add,CODE,G01-A17,2026-06-25T14:07:33.330Z
G01,285,add,G,G01-A17,2026-06-25T14:07:42.519Z
G01,285,add,Waiting Review,G01-A17,2026-06-25T17:35:29.114Z
G01,285,remove,Doing,G01-A17,2026-06-25T17:35:29.114Z
G01,285,add,Review,G01-A15,2026-06-26T00:01:11.001Z
G01,285,remove,Waiting Review,G01-A15,2026-06-26T00:01:11.001Z
G01,285,remove,Review,G01-A15,2026-06-26T01:12:36.393Z
G01,286,add,CODE,G01-A17,2026-06-25T14:08:10.862Z
G01,286,add,G,G01-A17,2026-06-25T14:08:10.862Z
G01,286,add,Backlog,G01-A17,2026-06-25T14:08:18.079Z
G01,286,add,Doing,G01-A17,2026-06-25T14:08:19.503Z
G01,286,remove,Backlog,G01-A17,2026-06-25T14:08:19.503Z
G01,286,add,Waiting Review,G01-A17,2026-06-25T17:35:28.017Z
G01,286,remove,Doing,G01-A17,2026-06-25T17:35:28.017Z
G01,286,add,Review,G01-A15,2026-06-26T00:01:11.340Z
G01,286,remove,Waiting Review,G01-A15,2026-06-26T00:01:11.340Z
G01,286,remove,Review,G01-A15,2026-06-26T01:12:35.302Z
G01,287,add,CODE,G01-A14,2026-06-25T14:39:07.573Z
G01,287,add,M,G01-A14,2026-06-25T14:39:07.573Z
G01,287,add,ART.14,G01-A14,2026-06-25T14:39:07.573Z
G01,287,add,Backlog,G01-A14,2026-06-25T14:40:40.891Z
G01,287,add,Doing,G01-A14,2026-06-25T14:46:55.770Z
G01,287,remove,Backlog,G01-A14,2026-06-25T14:46:55.770Z
G01,287,add,G,G01-A14,2026-06-25T15:29:40.240Z
G01,287,remove,M,G01-A14,2026-06-25T15:29:40.240Z
G01,287,add,Waiting Review,G01-A14,2026-06-25T16:43:26.043Z
G01,287,remove,Doing,G01-A14,2026-06-25T16:43:26.043Z
G01,287,add,Review,G01-A15,2026-06-26T02:01:51.843Z
G01,287,remove,Waiting Review,G01-A15,2026-06-26T02:01:51.843Z
G01,287,remove,Review,G01-A15,2026-06-26T03:08:00.349Z
G01,288,add,CODE,G01-A13,2026-06-25T17:03:54.477Z
G01,288,add,G,G01-A13,2026-06-25T17:03:54.477Z
G01,288,add,M,G01-A13,2026-06-25T17:04:04.733Z
G01,288,remove,G,G01-A13,2026-06-25T17:04:04.733Z
G01,288,add,Backlog,G01-A13,2026-06-25T17:04:13.702Z
G01,288,add,Doing,G01-A13,2026-06-25T17:16:24.800Z
G01,288,remove,Backlog,G01-A13,2026-06-25T17:16:24.800Z
G01,288,add,Waiting Review,G01-A13,2026-06-25T17:31:41.211Z
G01,288,remove,Doing,G01-A13,2026-06-25T17:31:41.211Z
G01,288,add,Review,G01-A15,2026-06-25T17:52:55.888Z
G01,288,remove,Waiting Review,G01-A15,2026-06-25T17:52:55.888Z
G01,288,remove,Review,G01-A15,2026-06-26T00:00:38.737Z
G01,289,add,CODE,G01-A17,2026-06-25T17:36:03.374Z
G01,289,add,G,G01-A17,2026-06-25T17:36:03.374Z
G01,289,add,Backlog,G01-A17,2026-06-25T17:36:13.650Z
G01,289,add,Doing,G01-A17,2026-06-25T17:36:15.131Z
G01,289,remove,Backlog,G01-A17,2026-06-25T17:36:15.131Z
G01,289,add,Waiting Review,G01-A17,2026-06-26T00:12:00.512Z
G01,289,remove,Doing,G01-A17,2026-06-26T00:12:00.512Z
G01,289,add,Review,G01-A15,2026-06-26T01:59:58.962Z
G01,289,remove,Waiting Review,G01-A15,2026-06-26T01:59:58.962Z
G01,289,remove,Review,G01-A15,2026-06-26T03:07:44.700Z
G01,290,add,DOCUMENTATION,G01-A12,2026-06-25T19:42:02.519Z
G01,290,add,DESIGN,G01-A12,2026-06-25T19:42:02.519Z
G01,290,add,M,G01-A12,2026-06-25T19:42:02.519Z
G01,290,add,Art. 15,G01-A12,2026-06-25T19:43:46.559Z
G01,290,add,GG,G01-A12,2026-06-25T19:44:16.600Z
G01,290,remove,GG,G01-A12,2026-06-25T19:44:23.573Z
G01,290,add,Backlog,G01-A12,2026-06-25T19:44:33.981Z
G01,290,add,Doing,G01-A12,2026-06-25T19:44:36.175Z
G01,290,remove,Backlog,G01-A12,2026-06-25T19:44:36.175Z
G01,290,add,Waiting Review,G01-A12,2026-06-25T21:08:00.797Z
G01,290,remove,Doing,G01-A12,2026-06-25T21:08:00.797Z
G01,290,add,Review,G01-A14,2026-06-26T00:27:38.829Z
G01,290,remove,Waiting Review,G01-A14,2026-06-26T00:27:38.829Z
G01,290,remove,Review,G01-A14,2026-06-26T01:18:27.812Z
G01,291,add,Backlog,G01-A12,2026-06-25T22:06:13.318Z
G01,291,add,DOCUMENTATION,G01-A12,2026-06-25T22:08:39.911Z
G01,291,add,DESIGN,G01-A12,2026-06-25T22:08:39.911Z
G01,291,add,PP,G01-A12,2026-06-25T22:08:39.911Z
G01,291,add,Art. 15,G01-A12,2026-06-25T22:08:39.911Z
G01,291,add,Doing,G01-A12,2026-06-25T23:39:35.969Z
G01,291,remove,Backlog,G01-A12,2026-06-25T23:39:35.969Z
G01,291,add,Waiting Review,G01-A12,2026-06-25T23:46:29.389Z
G01,291,remove,Doing,G01-A12,2026-06-25T23:46:29.389Z
G01,291,add,Review,G01-A14,2026-06-26T00:27:29.101Z
G01,291,remove,Waiting Review,G01-A14,2026-06-26T00:27:29.101Z
G01,291,remove,Review,G01-A14,2026-06-26T01:18:36.575Z
G01,292,add,Backlog,G01-A12,2026-06-25T22:06:15.272Z
G01,292,add,DOCUMENTATION,G01-A12,2026-06-25T22:08:17.398Z
G01,292,add,DESIGN,G01-A12,2026-06-25T22:08:17.398Z
G01,292,add,PP,G01-A12,2026-06-25T22:08:17.398Z
G01,292,add,Art. 15,G01-A12,2026-06-25T22:08:17.398Z
G01,292,add,Doing,G01-A12,2026-06-25T23:46:31.979Z
G01,292,remove,Backlog,G01-A12,2026-06-25T23:46:31.979Z
G01,292,add,Waiting Review,G01-A12,2026-06-25T23:57:51.931Z
G01,292,remove,Doing,G01-A12,2026-06-25T23:57:51.931Z
G01,292,add,Review,G01-A14,2026-06-26T00:27:27.454Z
G01,292,remove,Waiting Review,G01-A14,2026-06-26T00:27:27.454Z
G01,292,remove,Review,G01-A14,2026-06-26T01:18:26.307Z
G01,293,add,DOCUMENTATION,G01-A12,2026-06-25T22:05:58.658Z
G01,293,add,DESIGN,G01-A12,2026-06-25T22:05:58.658Z
G01,293,add,PP,G01-A12,2026-06-25T22:05:58.658Z
G01,293,add,Art. 15,G01-A12,2026-06-25T22:05:58.658Z
G01,293,add,Backlog,G01-A12,2026-06-25T22:06:09.777Z
G01,293,add,Doing,G01-A12,2026-06-25T22:08:51.063Z
G01,293,remove,Backlog,G01-A12,2026-06-25T22:08:51.063Z
G01,293,add,Waiting Review,G01-A12,2026-06-25T22:53:42.272Z
G01,293,remove,Doing,G01-A12,2026-06-25T22:53:42.272Z
G01,293,add,Review,G01-A14,2026-06-26T00:27:35.844Z
G01,293,remove,Waiting Review,G01-A14,2026-06-26T00:27:35.844Z
G01,293,remove,Review,G01-A14,2026-06-26T01:18:29.280Z
G01,294,add,Backlog,G01-A12,2026-06-25T22:06:16.918Z
G01,294,add,DOCUMENTATION,G01-A12,2026-06-25T22:07:57.402Z
G01,294,add,DESIGN,G01-A12,2026-06-25T22:07:57.402Z
G01,294,add,PP,G01-A12,2026-06-25T22:07:57.402Z
G01,294,add,Doing,G01-A12,2026-06-25T22:53:46.301Z
G01,294,remove,Backlog,G01-A12,2026-06-25T22:53:46.301Z
G01,294,add,Waiting Review,G01-A12,2026-06-25T23:04:35.676Z
G01,294,remove,Doing,G01-A12,2026-06-25T23:04:35.676Z
G01,294,add,Review,G01-A14,2026-06-26T00:27:34.556Z
G01,294,remove,Waiting Review,G01-A14,2026-06-26T00:27:34.556Z
G01,294,remove,Review,G01-A14,2026-06-26T01:18:30.761Z
G01,295,add,Backlog,G01-A12,2026-06-25T22:06:18.239Z
G01,295,add,DOCUMENTATION,G01-A12,2026-06-25T22:07:29.981Z
G01,295,add,DESIGN,G01-A12,2026-06-25T22:07:29.981Z
G01,295,add,Art. 15,G01-A12,2026-06-25T22:07:29.981Z
G01,295,add,Doing,G01-A12,2026-06-25T23:14:56.445Z
G01,295,remove,Backlog,G01-A12,2026-06-25T23:14:56.445Z
G01,295,add,Waiting Review,G01-A12,2026-06-25T23:33:29.912Z
G01,295,remove,Doing,G01-A12,2026-06-25T23:33:29.912Z
G01,295,add,PP,G01-A12,2026-06-25T23:39:29.464Z
G01,295,add,Review,G01-A14,2026-06-26T00:27:31.875Z
G01,295,remove,Waiting Review,G01-A14,2026-06-26T00:27:31.875Z
G01,295,remove,Review,G01-A14,2026-06-26T01:18:33.942Z
G01,296,add,Backlog,G01-A12,2026-06-25T22:06:19.593Z
G01,296,add,DOCUMENTATION,G01-A12,2026-06-25T22:07:02.209Z
G01,296,add,DESIGN,G01-A12,2026-06-25T22:07:02.209Z
G01,296,add,PP,G01-A12,2026-06-25T22:07:02.209Z
G01,296,add,Art. 15,G01-A12,2026-06-25T22:07:02.209Z
G01,296,add,Doing,G01-A12,2026-06-25T23:33:38.406Z
G01,296,remove,Backlog,G01-A12,2026-06-25T23:33:38.406Z
G01,296,add,Waiting Review,G01-A12,2026-06-25T23:39:08.232Z
G01,296,remove,Doing,G01-A12,2026-06-25T23:39:08.232Z
G01,296,add,Review,G01-A14,2026-06-26T00:27:30.545Z
G01,296,remove,Waiting Review,G01-A14,2026-06-26T00:27:30.545Z
G01,296,remove,Review,G01-A14,2026-06-26T01:18:35.169Z
G01,297,add,Backlog,G01-A12,2026-06-25T22:06:20.725Z
G01,297,add,DOCUMENTATION,G01-A12,2026-06-25T22:06:42.589Z
G01,297,add,DESIGN,G01-A12,2026-06-25T22:06:42.589Z
G01,297,add,PP,G01-A12,2026-06-25T22:06:42.589Z
G01,297,add,Art. 15,G01-A12,2026-06-25T22:06:42.589Z
G01,297,add,Doing,G01-A12,2026-06-25T23:04:44.863Z
G01,297,remove,Backlog,G01-A12,2026-06-25T23:04:44.863Z
G01,297,add,Waiting Review,G01-A12,2026-06-25T23:14:48.335Z
G01,297,remove,Doing,G01-A12,2026-06-25T23:14:48.335Z
G01,297,add,Review,G01-A14,2026-06-26T00:27:33.251Z
G01,297,remove,Waiting Review,G01-A14,2026-06-26T00:27:33.251Z
G01,297,remove,Review,G01-A14,2026-06-26T01:18:32.245Z
G01,298,add,DOCUMENTATION,G01-A15,2026-06-26T00:14:08.597Z
G01,298,add,M,G01-A15,2026-06-26T00:14:08.597Z
G01,298,add,Backlog,G01-A15,2026-06-26T00:14:16.708Z
G01,298,add,Doing,G01-A15,2026-06-26T00:14:19.739Z
G01,298,remove,Backlog,G01-A15,2026-06-26T00:14:19.739Z
G01,298,add,Waiting Review,G01-A15,2026-06-26T01:59:12.699Z
G01,298,remove,Doing,G01-A15,2026-06-26T01:59:12.699Z
G01,298,add,Review,G01-A16,2026-06-26T02:02:52.666Z
G01,298,remove,Waiting Review,G01-A16,2026-06-26T02:02:52.666Z
G01,298,remove,Review,G01-A16,2026-06-26T03:08:52.087Z
G01,299,add,ART.14,G01-A16,2026-06-26T00:33:38.316Z
G01,299,add,CODE_REVIEW,G01-A16,2026-06-26T00:33:46.205Z
G01,299,add,P,G01-A16,2026-06-26T00:34:12.493Z
G01,299,add,Backlog,G01-A16,2026-06-26T01:33:37.783Z
G01,299,add,SIZE_M,G01-A16,2026-06-26T01:34:04.998Z
G01,299,remove,P,G01-A16,2026-06-26T01:34:04.998Z
G01,299,add,Doing,G01-A16,2026-06-26T01:34:10.369Z
G01,299,remove,Backlog,G01-A16,2026-06-26T01:34:10.369Z
G01,299,add,Waiting Review,G01-A16,2026-06-26T02:00:19.363Z
G01,299,remove,Doing,G01-A16,2026-06-26T02:00:19.363Z
G01,299,add,Review,G01-A17,2026-06-26T02:03:54.965Z
G01,299,remove,Waiting Review,G01-A17,2026-06-26T02:03:54.965Z
G01,299,remove,Review,G01-A14,2026-06-26T03:21:32.096Z
G01,300,add,CODE,G01-A17,2026-06-26T00:42:57.837Z
G01,300,add,G,G01-A17,2026-06-26T00:42:57.837Z
G01,300,add,Backlog,G01-A17,2026-06-26T00:43:06.457Z
G01,300,add,Doing,G01-A17,2026-06-26T00:43:13.224Z
G01,300,remove,Backlog,G01-A17,2026-06-26T00:43:13.224Z
G01,300,add,Waiting Review,G01-A17,2026-06-26T00:43:14.775Z
G01,300,remove,Doing,G01-A17,2026-06-26T00:43:14.775Z
G01,300,add,Review,G01-A15,2026-06-26T01:59:58.602Z
G01,300,remove,Waiting Review,G01-A15,2026-06-26T01:59:58.602Z
G01,300,remove,Review,G01-A15,2026-06-26T03:07:43.907Z
G01,301,add,DESIGN,G01-A12,2026-06-26T01:08:01.965Z
G01,301,add,P,G01-A12,2026-06-26T01:08:01.965Z
G01,301,add,Art. 15,G01-A12,2026-06-26T01:08:01.965Z
G01,301,add,Backlog,G01-A12,2026-06-26T01:08:09.137Z
G01,301,add,Doing,G01-A12,2026-06-26T01:08:11.814Z
G01,301,remove,Backlog,G01-A12,2026-06-26T01:08:11.814Z
G01,301,add,Waiting Review,G01-A12,2026-06-26T01:26:17.463Z
G01,301,remove,Doing,G01-A12,2026-06-26T01:26:17.463Z
G01,301,add,Review,G01-A13,2026-06-26T01:28:21.352Z
G01,301,remove,Waiting Review,G01-A13,2026-06-26T01:28:21.352Z
G01,301,remove,Review,G01-A13,2026-06-26T01:55:06.236Z
G01,302,add,DESIGN,G01-A12,2026-06-26T01:37:29.012Z
G01,302,add,PP,G01-A12,2026-06-26T01:37:29.012Z
G01,302,add,Art. 15,G01-A12,2026-06-26T01:37:29.012Z
G01,302,add,Backlog,G01-A12,2026-06-26T01:38:10.540Z
G01,302,add,Doing,G01-A12,2026-06-26T01:38:12.645Z
G01,302,remove,Backlog,G01-A12,2026-06-26T01:38:12.645Z
G01,302,add,Waiting Review,G01-A12,2026-06-26T01:51:26.168Z
G01,302,remove,Doing,G01-A12,2026-06-26T01:51:26.168Z
G01,302,add,Review,G01-A13,2026-06-26T01:55:09.372Z
G01,302,remove,Waiting Review,G01-A13,2026-06-26T01:55:09.372Z
G01,302,remove,Review,G01-A13,2026-06-26T02:01:41.244Z
G01,303,add,ART.18,G01-A16,2026-06-26T02:40:14.595Z
G01,303,add,DOCUMENTATION,G01-A16,2026-06-26T02:40:49.366Z
G01,303,add,M,G01-A16,2026-06-26T02:40:49.366Z
G01,303,add,ART.14,G01-A16,2026-06-26T02:40:49.366Z
G01,303,add,ART.16,G01-A16,2026-06-26T02:40:49.366Z
G01,303,add,Art. 15,G01-A16,2026-06-26T02:40:49.366Z
G01,303,add,Backlog,G01-A16,2026-06-26T02:40:55.764Z
G01,303,add,Doing,G01-A16,2026-06-26T02:40:59.735Z
G01,303,remove,Backlog,G01-A16,2026-06-26T02:40:59.735Z
G01,303,add,Waiting Review,G01-A16,2026-06-26T02:57:40.743Z
G01,303,remove,Doing,G01-A16,2026-06-26T02:57:40.743Z
G01,303,add,Review,G01-A14,2026-06-26T03:07:28.707Z
G01,303,remove,Waiting Review,G01-A14,2026-06-26T03:07:28.707Z
G01,303,remove,Review,G01-A14,2026-06-26T03:21:33.346Z
G01,304,add,CODE,G01-A17,2026-06-26T13:21:55.491Z
G01,304,add,G,G01-A17,2026-06-26T13:21:55.491Z
G01,304,add,Backlog,G01-A17,2026-06-26T13:21:59.705Z
G01,304,add,Doing,G01-A17,2026-06-26T13:22:01.502Z
G01,304,remove,Backlog,G01-A17,2026-06-26T13:22:01.502Z
G01,304,add,Waiting Review,G01-A17,2026-06-26T16:17:10.856Z
G01,304,remove,Doing,G01-A17,2026-06-26T16:17:10.856Z
G01,304,add,Review,G01-A16,2026-06-26T17:49:16.410Z
G01,304,remove,Waiting Review,G01-A16,2026-06-26T17:49:16.410Z
G01,304,remove,Review,G01-A16,2026-06-26T18:42:39.751Z
G02,1,add,DOCUMENTATION,[externo],2026-04-22T18:48:08.813Z
G02,1,add,SIZE_M,[externo],2026-04-22T18:51:26.050Z
G02,1,add,ART. 1,[externo],2026-04-23T03:42:15.321Z
G02,1,add,Backlog,[externo],2026-04-23T16:28:40.180Z
G02,1,add,Doing,[externo],2026-04-23T16:28:54.894Z
G02,1,remove,Backlog,[externo],2026-04-23T16:28:54.894Z
G02,1,add,Waiting Review,[externo],2026-04-23T18:20:08.782Z
G02,1,remove,Doing,[externo],2026-04-23T18:20:08.782Z
G02,1,add,Review,G02-A14,2026-04-23T18:34:41.090Z
G02,1,remove,Waiting Review,G02-A14,2026-04-23T18:34:41.090Z
G02,1,remove,Review,G02-A14,2026-04-23T18:49:38.612Z
G02,2,add,DOCUMENTATION,G02-A18,2026-04-22T18:49:00.419Z
G02,2,add,SIZE_P,G02-A18,2026-04-22T18:50:27.313Z
G02,2,add,SIZE_G,G02-A18,2026-04-22T18:50:27.313Z
G02,2,remove,SIZE_G,G02-A18,2026-04-22T18:50:30.466Z
G02,2,add,ART. 1,G02-A18,2026-04-23T11:59:02.434Z
G02,2,add,Backlog,G02-A18,2026-04-23T17:40:42.733Z
G02,2,add,Doing,G02-A18,2026-04-23T17:40:50.870Z
G02,2,remove,Backlog,G02-A18,2026-04-23T17:40:50.870Z
G02,2,add,Waiting Review,G02-A18,2026-04-23T18:48:24.814Z
G02,2,remove,Doing,G02-A18,2026-04-23T18:48:24.814Z
G02,2,add,Review,G02-A12,2026-04-26T20:17:25.300Z
G02,2,remove,Waiting Review,G02-A12,2026-04-26T20:17:25.300Z
G02,2,remove,Review,G02-A12,2026-04-26T22:00:21.727Z
G02,3,add,DOCUMENTATION,G02-A19,2026-04-22T18:55:07.458Z
G02,3,add,SIZE_M,G02-A19,2026-04-22T18:55:07.458Z
G02,3,remove,SIZE_M,G02-A19,2026-04-23T17:16:49.461Z
G02,3,add,SIZE_P,G02-A19,2026-04-23T17:16:57.267Z
G02,3,add,Backlog,G02-A19,2026-04-23T17:17:33.707Z
G02,3,add,ART. 1,G02-A19,2026-04-23T17:17:44.276Z
G02,3,add,Doing,G02-A19,2026-04-23T17:18:21.324Z
G02,3,remove,Backlog,G02-A19,2026-04-23T17:18:21.324Z
G02,3,add,Waiting Review,G02-A19,2026-04-23T18:16:05.411Z
G02,3,remove,Doing,G02-A19,2026-04-23T18:16:05.411Z
G02,3,add,Review,G02-A16,2026-04-27T17:50:51.033Z
G02,3,remove,Waiting Review,G02-A16,2026-04-27T17:50:51.033Z
G02,3,remove,Review,G02-A16,2026-04-27T18:58:18.983Z
G02,4,add,DOCUMENTATION,G02-A12,2026-04-22T18:54:50.087Z
G02,4,add,SIZE_M,G02-A12,2026-04-22T18:54:57.837Z
G02,4,add,Backlog,G02-A12,2026-04-23T17:00:33.127Z
G02,4,add,ART. 1,G02-A12,2026-04-23T17:00:48.739Z
G02,4,add,Doing,G02-A12,2026-04-23T17:04:43.399Z
G02,4,remove,Backlog,G02-A12,2026-04-23T17:04:43.399Z
G02,4,add,Waiting Review,G02-A12,2026-04-23T18:48:31.643Z
G02,4,remove,Doing,G02-A12,2026-04-23T18:48:31.643Z
G02,4,add,Review,[externo],2026-04-27T11:56:17.142Z
G02,4,remove,Waiting Review,[externo],2026-04-27T11:56:17.142Z
G02,4,remove,Review,[externo],2026-04-27T12:28:36.749Z
G02,5,add,DOCUMENTATION,G02-A14,2026-04-22T19:00:54.615Z
G02,5,add,SIZE_M,G02-A14,2026-04-22T19:00:54.615Z
G02,5,add,ART. 1,G02-A14,2026-04-23T10:48:22.717Z
G02,5,add,Doing,G02-A14,2026-04-27T17:06:19.280Z
G02,5,add,Waiting Review,G02-A14,2026-04-27T18:37:33.161Z
G02,5,remove,Doing,G02-A14,2026-04-27T18:37:33.161Z
G02,5,add,Review,G02-A15,2026-04-28T10:59:49.715Z
G02,5,remove,Waiting Review,G02-A15,2026-04-28T10:59:49.715Z
G02,5,add,Waiting Review,G02-A15,2026-04-28T11:00:00.028Z
G02,5,remove,Review,G02-A15,2026-04-28T11:00:00.028Z
G02,5,add,Review,G02-A12,2026-04-28T21:08:51.477Z
G02,5,remove,Waiting Review,G02-A12,2026-04-28T21:08:51.477Z
G02,5,remove,Review,G02-A12,2026-04-28T23:28:27.089Z
G02,6,add,DOCUMENTATION,G02-A19,2026-04-22T19:00:55.463Z
G02,6,add,SIZE_M,G02-A19,2026-04-22T19:00:55.463Z
G02,6,add,Backlog,G02-A19,2026-04-28T17:07:21.634Z
G02,6,remove,SIZE_M,G02-A19,2026-04-28T17:07:40.639Z
G02,6,add,SIZE_P,G02-A19,2026-04-28T17:07:46.661Z
G02,6,add,Doing,G02-A19,2026-04-28T17:08:06.647Z
G02,6,remove,Backlog,G02-A19,2026-04-28T17:08:06.647Z
G02,6,add,Waiting Review,G02-A19,2026-04-28T17:37:46.768Z
G02,6,remove,Doing,G02-A19,2026-04-28T17:37:46.768Z
G02,6,add,Review,[externo],2026-04-28T22:27:39.802Z
G02,6,remove,Waiting Review,[externo],2026-04-28T22:27:39.802Z
G02,6,remove,Review,[externo],2026-04-28T22:37:49.014Z
G02,7,add,DOCUMENTATION,G02-A15,2026-04-22T19:38:48.330Z
G02,7,add,SIZE_M,G02-A15,2026-04-22T19:38:48.330Z
G02,7,add,ART. 1,G02-A15,2026-04-23T14:39:11.346Z
G02,7,add,Backlog,G02-A15,2026-04-27T16:59:00.957Z
G02,7,add,Doing,G02-A15,2026-04-27T16:59:03.937Z
G02,7,remove,Backlog,G02-A15,2026-04-27T16:59:03.937Z
G02,7,add,Waiting Review,G02-A15,2026-04-27T18:37:38.539Z
G02,7,remove,Doing,G02-A15,2026-04-27T18:37:38.539Z
G02,7,add,Review,G02-A12,2026-04-28T21:08:55.070Z
G02,7,remove,Waiting Review,G02-A12,2026-04-28T21:08:55.070Z
G02,7,remove,Review,G02-A12,2026-04-28T23:28:29.091Z
G02,8,add,DOCUMENTATION,G02-A15,2026-04-22T20:04:21.971Z
G02,8,add,SIZE_M,G02-A15,2026-04-22T20:04:21.971Z
G02,8,add,ART. 1,G02-A15,2026-04-23T14:38:53.446Z
G02,8,add,Doing,G02-A14,2026-04-23T17:27:28.017Z
G02,8,add,Backlog,G02-A15,2026-04-23T17:44:35.995Z
G02,8,remove,Backlog,G02-A15,2026-04-23T17:44:38.063Z
G02,8,add,Waiting Review,G02-A14,2026-04-23T18:34:14.462Z
G02,8,remove,Doing,G02-A14,2026-04-23T18:34:14.462Z
G02,8,add,Review,[externo],2026-04-23T18:48:44.707Z
G02,8,remove,Waiting Review,[externo],2026-04-23T18:48:44.707Z
G02,8,remove,Review,[externo],2026-04-23T18:51:12.905Z
G02,9,add,DOCUMENTATION,G02-A15,2026-04-22T20:08:01.714Z
G02,9,add,SIZE_M,G02-A15,2026-04-22T20:08:01.714Z
G02,9,add,ART. 3,G02-A15,2026-04-23T14:43:48.288Z
G02,9,add,Backlog,G02-A15,2026-04-29T18:26:14.894Z
G02,9,add,Doing,G02-A15,2026-04-29T18:26:17.241Z
G02,9,remove,Backlog,G02-A15,2026-04-29T18:26:17.241Z
G02,9,add,Waiting Review,G02-A15,2026-04-29T20:28:00.524Z
G02,9,remove,Doing,G02-A15,2026-04-29T20:28:00.524Z
G02,9,add,Review,G02-A12,2026-05-01T21:01:00.752Z
G02,9,remove,Waiting Review,G02-A12,2026-05-01T21:01:00.752Z
G02,9,remove,Review,G02-A12,2026-05-01T21:17:40.407Z
G02,10,add,DOCUMENTATION,G02-A12,2026-04-23T00:13:05.829Z
G02,10,add,DESIGN,G02-A12,2026-04-23T00:13:05.829Z
G02,10,add,SIZE_M,G02-A12,2026-04-23T00:13:05.829Z
G02,10,add,ART. 1,G02-A12,2026-04-23T17:01:24.383Z
G02,10,add,Doing,G02-A12,2026-04-26T22:56:02.025Z
G02,10,add,Waiting Review,G02-A12,2026-04-27T01:17:12.688Z
G02,10,remove,Doing,G02-A12,2026-04-27T01:17:12.688Z
G02,10,add,Review,[externo],2026-04-27T11:55:51.501Z
G02,10,remove,Waiting Review,[externo],2026-04-27T11:55:51.501Z
G02,10,remove,Review,[externo],2026-04-27T12:28:41.103Z
G02,11,add,Review,G02-A12,2026-04-23T00:15:44.178Z
G02,11,add,DOCUMENTATION,G02-A12,2026-04-23T00:15:44.178Z
G02,11,add,SIZE_M,G02-A12,2026-04-23T00:16:01.902Z
G02,11,remove,Review,G02-A12,2026-04-23T00:18:15.899Z
G02,11,add,ART. 1,G02-A12,2026-04-23T17:01:07.565Z
G02,11,add,Backlog,G02-A12,2026-04-29T17:05:01.311Z
G02,11,add,Doing,G02-A12,2026-04-29T17:05:06.804Z
G02,11,remove,Backlog,G02-A12,2026-04-29T17:05:06.804Z
G02,11,add,Waiting Review,G02-A12,2026-04-29T21:31:38.081Z
G02,11,remove,Doing,G02-A12,2026-04-29T21:31:38.081Z
G02,11,add,Review,G02-A15,2026-05-01T21:04:21.387Z
G02,11,remove,Waiting Review,G02-A15,2026-05-01T21:04:21.387Z
G02,11,remove,Review,G02-A15,2026-05-01T21:05:39.676Z
G02,13,add,DOCUMENTATION,G02-A18,2026-04-23T12:00:25.500Z
G02,13,add,DESIGN,G02-A18,2026-04-23T12:00:25.500Z
G02,13,add,SIZE_M,G02-A18,2026-04-23T12:00:25.500Z
G02,13,add,ART. 1,G02-A18,2026-04-23T12:00:25.500Z
G02,13,remove,ART. 1,G02-A18,2026-04-23T17:06:47.200Z
G02,13,add,ART. 2,G02-A18,2026-04-23T17:06:55.075Z
G02,13,add,Backlog,G02-A12,2026-04-26T22:55:42.953Z
G02,13,add,Doing,G02-A12,2026-04-26T22:55:45.304Z
G02,13,remove,Backlog,G02-A12,2026-04-26T22:55:45.304Z
G02,13,add,Waiting Review,G02-A12,2026-04-27T01:17:15.700Z
G02,13,remove,Doing,G02-A12,2026-04-27T01:17:15.700Z
G02,13,add,Review,G02-A12,2026-05-01T17:37:52.511Z
G02,13,remove,Waiting Review,G02-A12,2026-05-01T17:37:52.511Z
G02,13,remove,Review,G02-A12,2026-05-01T20:02:48.478Z
G02,14,add,DOCUMENTATION,G02-A13,2026-04-23T13:26:48.770Z
G02,14,add,SIZE_M,G02-A13,2026-04-23T13:26:48.770Z
G02,14,add,SIZE_P,G02-A13,2026-04-23T17:51:17.132Z
G02,14,remove,SIZE_M,G02-A13,2026-04-23T17:51:17.132Z
G02,14,add,Backlog,G02-A13,2026-04-23T17:52:26.447Z
G02,14,add,Doing,G02-A13,2026-04-23T17:52:28.955Z
G02,14,remove,Backlog,G02-A13,2026-04-23T17:52:28.955Z
G02,14,add,Waiting Review,G02-A13,2026-04-23T18:16:45.892Z
G02,14,remove,Doing,G02-A13,2026-04-23T18:16:45.892Z
G02,14,add,Review,G02-A16,2026-04-23T18:49:47.553Z
G02,14,remove,Waiting Review,G02-A16,2026-04-23T18:49:47.553Z
G02,14,remove,Review,G02-A16,2026-04-23T19:02:10.665Z
G02,15,add,DOCUMENTATION,G02-A16,2026-04-23T17:08:11.089Z
G02,15,add,SIZE_M,G02-A16,2026-04-23T17:08:11.089Z
G02,15,add,ART. 3,G02-A16,2026-04-23T17:08:11.089Z
G02,15,add,Backlog,G02-A16,2026-04-30T13:54:15.894Z
G02,15,add,Doing,G02-A16,2026-04-30T13:54:17.859Z
G02,15,remove,Backlog,G02-A16,2026-04-30T13:54:17.859Z
G02,15,add,Waiting Review,G02-A16,2026-04-30T15:43:37.235Z
G02,15,remove,Doing,G02-A16,2026-04-30T15:43:37.235Z
G02,15,add,Review,[externo],2026-05-01T17:15:04.087Z
G02,15,remove,Waiting Review,[externo],2026-05-01T17:15:04.087Z
G02,15,remove,Review,[externo],2026-05-01T18:24:47.249Z
G02,16,add,ART. 1,G02-A14,2026-04-23T17:26:42.766Z
G02,16,add,DOCUMENTATION,G02-A14,2026-04-23T17:26:42.766Z
G02,16,add,SIZE_M,G02-A14,2026-04-23T17:26:42.766Z
G02,16,add,Backlog,G02-A15,2026-04-23T17:45:35.642Z
G02,16,add,Doing,G02-A15,2026-04-23T17:45:38.062Z
G02,16,remove,Backlog,G02-A15,2026-04-23T17:45:38.062Z
G02,16,add,Waiting Review,G02-A15,2026-04-23T18:34:22.230Z
G02,16,remove,Doing,G02-A15,2026-04-23T18:34:22.230Z
G02,16,add,Review,[externo],2026-04-23T18:52:49.183Z
G02,16,remove,Waiting Review,[externo],2026-04-23T18:52:49.183Z
G02,16,remove,Review,[externo],2026-04-23T18:53:45.018Z
G02,17,add,DOCUMENTATION,G02-A13,2026-04-23T17:59:19.605Z
G02,17,add,SIZE_P,G02-A13,2026-04-23T17:59:19.605Z
G02,17,add,Backlog,G02-A13,2026-04-23T18:17:04.277Z
G02,17,add,Doing,G02-A13,2026-04-23T18:17:08.759Z
G02,17,remove,Backlog,G02-A13,2026-04-23T18:17:08.759Z
G02,17,add,SIZE_M,G02-A13,2026-04-23T18:32:31.229Z
G02,17,remove,SIZE_P,G02-A13,2026-04-23T18:32:31.229Z
G02,17,add,Waiting Review,G02-A13,2026-04-23T18:41:25.747Z
G02,17,remove,Doing,G02-A13,2026-04-23T18:41:25.747Z
G02,17,add,Review,G02-A19,2026-04-27T17:13:24.954Z
G02,17,remove,Waiting Review,G02-A19,2026-04-27T17:13:24.954Z
G02,17,remove,Review,G02-A19,2026-04-28T13:07:57.772Z
G02,18,add,DOCUMENTATION,G02-A19,2026-04-23T18:16:37.027Z
G02,18,add,SIZE_P,G02-A19,2026-04-23T18:16:37.027Z
G02,18,add,ART. 1,G02-A19,2026-04-23T18:16:37.027Z
G02,18,add,Backlog,G02-A19,2026-04-23T18:17:03.187Z
G02,18,add,Doing,G02-A19,2026-04-23T18:17:06.645Z
G02,18,remove,Backlog,G02-A19,2026-04-23T18:17:06.645Z
G02,18,add,Waiting Review,G02-A19,2026-04-23T18:26:45.799Z
G02,18,remove,Doing,G02-A19,2026-04-23T18:26:45.799Z
G02,18,add,Review,G02-A16,2026-04-28T17:10:37.707Z
G02,18,remove,Waiting Review,G02-A16,2026-04-28T17:10:37.707Z
G02,18,remove,Review,G02-A16,2026-04-28T17:28:58.885Z
G02,19,add,DOCUMENTATION,G02-A18,2026-04-24T11:26:41.370Z
G02,19,add,SIZE_PP,G02-A18,2026-04-24T11:26:41.370Z
G02,19,add,ART. 1,G02-A18,2026-04-24T11:26:41.370Z
G02,19,add,Backlog,G02-A18,2026-04-24T11:26:51.316Z
G02,19,add,Doing,G02-A18,2026-04-24T11:26:55.003Z
G02,19,remove,Backlog,G02-A18,2026-04-24T11:26:55.003Z
G02,19,add,Waiting Review,G02-A18,2026-04-24T11:52:02.772Z
G02,19,remove,Doing,G02-A18,2026-04-24T11:52:02.772Z
G02,19,add,Review,G02-A12,2026-04-26T19:52:23.723Z
G02,19,remove,Waiting Review,G02-A12,2026-04-26T19:52:23.723Z
G02,19,remove,Review,G02-A12,2026-04-26T20:17:05.475Z
G02,20,add,DOCUMENTATION,[externo],2026-04-24T11:36:00.488Z
G02,20,add,SIZE_P,[externo],2026-04-24T11:36:00.488Z
G02,20,add,Backlog,[externo],2026-04-24T11:36:26.555Z
G02,20,add,Doing,[externo],2026-04-24T11:36:38.649Z
G02,20,remove,Backlog,[externo],2026-04-24T11:36:38.649Z
G02,20,add,Waiting Review,[externo],2026-04-24T12:17:34.630Z
G02,20,remove,Doing,[externo],2026-04-24T12:17:34.630Z
G02,20,add,Review,G02-A12,2026-04-24T13:15:46.330Z
G02,20,remove,Waiting Review,G02-A12,2026-04-24T13:15:46.330Z
G02,20,remove,Review,G02-A12,2026-04-24T13:39:06.391Z
G02,21,add,SIZE_P,G02-A12,2026-04-26T01:35:28.468Z
G02,21,add,Backlog,G02-A12,2026-04-26T01:36:05.852Z
G02,21,add,Doing,G02-A12,2026-04-26T01:37:46.825Z
G02,21,remove,Backlog,G02-A12,2026-04-26T01:37:46.825Z
G02,21,add,Waiting Review,G02-A12,2026-04-26T02:01:01.259Z
G02,21,remove,Doing,G02-A12,2026-04-26T02:01:01.259Z
G02,21,add,Review,[externo],2026-04-27T11:56:11.104Z
G02,21,remove,Waiting Review,[externo],2026-04-27T11:56:11.104Z
G02,21,remove,Review,[externo],2026-04-27T12:28:36.043Z
G02,22,add,SIZE_P,G02-A12,2026-04-26T02:18:58.855Z
G02,22,add,Backlog,G02-A12,2026-04-26T02:19:24.955Z
G02,22,add,Doing,G02-A12,2026-04-26T02:19:30.111Z
G02,22,remove,Backlog,G02-A12,2026-04-26T02:19:30.111Z
G02,22,add,Waiting Review,G02-A12,2026-04-26T02:42:28.939Z
G02,22,remove,Doing,G02-A12,2026-04-26T02:42:28.939Z
G02,22,add,Review,[externo],2026-04-27T11:56:08.576Z
G02,22,remove,Waiting Review,[externo],2026-04-27T11:56:08.576Z
G02,22,remove,Review,[externo],2026-04-27T12:28:38.389Z
G02,23,add,DOCUMENTATION,G02-A12,2026-04-26T13:19:26.511Z
G02,23,add,SIZE_M,G02-A12,2026-04-26T13:19:26.511Z
G02,23,add,ART. 1,G02-A12,2026-04-26T13:19:31.798Z
G02,23,add,Backlog,G02-A12,2026-04-26T13:19:51.962Z
G02,23,add,Doing,G02-A12,2026-04-26T13:19:53.229Z
G02,23,remove,Backlog,G02-A12,2026-04-26T13:19:53.229Z
G02,23,remove,SIZE_M,G02-A12,2026-04-26T14:52:40.919Z
G02,23,add,SIZE_G,G02-A12,2026-04-26T14:52:51.821Z
G02,23,add,SIZE_GG,G02-A12,2026-04-26T18:35:58.076Z
G02,23,remove,SIZE_G,G02-A12,2026-04-26T18:35:58.076Z
G02,23,add,Waiting Review,G02-A12,2026-04-26T19:52:17.159Z
G02,23,remove,Doing,G02-A12,2026-04-26T19:52:17.159Z
G02,23,add,Review,[externo],2026-04-27T11:55:55.204Z
G02,23,remove,Waiting Review,[externo],2026-04-27T11:55:55.204Z
G02,23,remove,Review,[externo],2026-04-27T12:28:55.710Z
G02,24,add,DOCUMENTATION,G02-A12,2026-04-26T17:43:09.399Z
G02,24,add,SIZE_PP,G02-A12,2026-04-26T17:43:09.399Z
G02,24,add,ART. 1,G02-A12,2026-04-26T17:43:09.399Z
G02,24,add,Backlog,G02-A12,2026-04-26T17:44:18.221Z
G02,24,add,Doing,G02-A12,2026-04-26T17:44:19.502Z
G02,24,remove,Backlog,G02-A12,2026-04-26T17:44:19.502Z
G02,24,add,Waiting Review,G02-A12,2026-04-26T18:34:20.603Z
G02,24,remove,Doing,G02-A12,2026-04-26T18:34:20.603Z
G02,24,add,Review,[externo],2026-04-27T11:56:04.387Z
G02,24,remove,Waiting Review,[externo],2026-04-27T11:56:04.387Z
G02,24,remove,Review,[externo],2026-04-27T12:28:39.206Z
G02,25,add,DOCUMENTATION,G02-A12,2026-04-26T18:37:04.724Z
G02,25,add,SIZE_PP,G02-A12,2026-04-26T18:37:04.724Z
G02,25,add,ART. 1,G02-A12,2026-04-26T18:37:04.724Z
G02,25,add,Backlog,G02-A12,2026-04-26T18:37:21.655Z
G02,25,add,Doing,G02-A12,2026-04-26T18:37:23.094Z
G02,25,remove,Backlog,G02-A12,2026-04-26T18:37:23.094Z
G02,25,add,Waiting Review,G02-A12,2026-04-26T19:01:43.754Z
G02,25,remove,Doing,G02-A12,2026-04-26T19:01:43.754Z
G02,25,add,Review,[externo],2026-04-27T11:56:02.146Z
G02,25,remove,Waiting Review,[externo],2026-04-27T11:56:02.146Z
G02,25,remove,Review,[externo],2026-04-27T12:28:39.785Z
G02,26,add,DOCUMENTATION,G02-A12,2026-04-26T19:03:32.233Z
G02,26,add,SIZE_PP,G02-A12,2026-04-26T19:03:32.233Z
G02,26,add,ART. 1,G02-A12,2026-04-26T19:03:32.233Z
G02,26,add,Backlog,G02-A12,2026-04-26T19:04:16.819Z
G02,26,add,Doing,G02-A12,2026-04-26T19:04:18.097Z
G02,26,remove,Backlog,G02-A12,2026-04-26T19:04:18.097Z
G02,26,add,Waiting Review,G02-A12,2026-04-26T19:40:15.701Z
G02,26,remove,Doing,G02-A12,2026-04-26T19:40:15.701Z
G02,26,add,Review,[externo],2026-04-27T11:56:00.039Z
G02,26,remove,Waiting Review,[externo],2026-04-27T11:56:00.039Z
G02,26,remove,Review,[externo],2026-04-27T12:28:40.406Z
G02,27,add,SIZE_PP,G02-A12,2026-04-26T19:30:11.966Z
G02,27,add,Backlog,G02-A12,2026-04-26T19:30:35.841Z
G02,27,add,Doing,G02-A12,2026-04-26T19:30:37.510Z
G02,27,remove,Backlog,G02-A12,2026-04-26T19:30:37.510Z
G02,27,add,Waiting Review,G02-A12,2026-04-26T19:42:56.926Z
G02,27,remove,Doing,G02-A12,2026-04-26T19:42:56.926Z
G02,27,add,Review,[externo],2026-04-27T11:55:57.059Z
G02,27,remove,Waiting Review,[externo],2026-04-27T11:55:57.059Z
G02,27,remove,Review,[externo],2026-04-27T12:28:54.428Z
G02,28,add,DOCUMENTATION,G02-A12,2026-04-26T19:41:40.027Z
G02,28,add,SIZE_PP,G02-A12,2026-04-26T19:41:40.027Z
G02,28,add,ART. 1,G02-A12,2026-04-26T19:41:40.027Z
G02,28,add,Backlog,G02-A12,2026-04-26T19:42:52.210Z
G02,28,add,Doing,G02-A12,2026-04-26T19:42:54.290Z
G02,28,remove,Backlog,G02-A12,2026-04-26T19:42:54.290Z
G02,28,add,Waiting Review,G02-A12,2026-04-26T20:17:10.976Z
G02,28,remove,Doing,G02-A12,2026-04-26T20:17:10.976Z
G02,28,add,Review,[externo],2026-04-27T11:55:53.069Z
G02,28,remove,Waiting Review,[externo],2026-04-27T11:55:53.069Z
G02,28,remove,Review,[externo],2026-04-27T12:28:41.808Z
G02,29,add,DOCUMENTATION,G02-A12,2026-04-27T00:24:12.569Z
G02,29,add,DESIGN,G02-A12,2026-04-27T00:24:12.569Z
G02,29,add,SIZE_M,G02-A12,2026-04-27T00:24:12.569Z
G02,29,add,ART. 1,G02-A12,2026-04-27T00:24:12.569Z
G02,29,add,Backlog,G02-A12,2026-04-27T00:24:32.985Z
G02,29,add,Doing,G02-A12,2026-04-27T00:24:34.753Z
G02,29,remove,Backlog,G02-A12,2026-04-27T00:24:34.753Z
G02,29,add,Waiting Review,G02-A12,2026-04-27T01:17:00.340Z
G02,29,remove,Doing,G02-A12,2026-04-27T01:17:00.340Z
G02,29,add,Review,[externo],2026-04-27T11:56:15.501Z
G02,29,remove,Waiting Review,[externo],2026-04-27T11:56:15.501Z
G02,29,remove,Review,[externo],2026-04-27T12:28:37.543Z
G02,30,add,DOCUMENTATION,G02-A12,2026-04-27T12:22:25.792Z
G02,30,add,SIZE_PP,G02-A12,2026-04-27T12:22:25.792Z
G02,30,add,ART. 1,G02-A12,2026-04-27T12:22:25.792Z
G02,30,add,Backlog,G02-A12,2026-04-27T12:23:08.407Z
G02,30,add,Doing,G02-A12,2026-04-27T12:23:10.173Z
G02,30,remove,Backlog,G02-A12,2026-04-27T12:23:10.173Z
G02,30,add,Waiting Review,G02-A12,2026-04-27T12:27:49.416Z
G02,30,remove,Doing,G02-A12,2026-04-27T12:27:49.416Z
G02,30,add,Review,[externo],2026-04-27T12:28:06.960Z
G02,30,remove,Waiting Review,[externo],2026-04-27T12:28:06.960Z
G02,30,remove,Review,[externo],2026-04-27T12:28:35.139Z
G02,31,add,DOCUMENTATION,[externo],2026-04-27T12:32:03.097Z
G02,31,add,SIZE_M,[externo],2026-04-27T12:32:03.097Z
G02,31,add,ART. 1,[externo],2026-04-27T12:32:03.097Z
G02,31,add,Backlog,[externo],2026-04-27T12:32:31.852Z
G02,31,add,Doing,[externo],2026-04-27T12:32:34.025Z
G02,31,remove,Backlog,[externo],2026-04-27T12:32:34.025Z
G02,31,add,Waiting Review,[externo],2026-04-27T13:17:35.797Z
G02,31,remove,Doing,[externo],2026-04-27T13:17:35.797Z
G02,31,add,Review,G02-A16,2026-04-27T17:07:35.180Z
G02,31,remove,Waiting Review,G02-A16,2026-04-27T17:07:35.180Z
G02,31,remove,Review,G02-A16,2026-04-27T17:08:50.290Z
G02,32,add,DOCUMENTATION,G02-A19,2026-04-27T17:09:14.489Z
G02,32,add,SIZE_M,G02-A19,2026-04-27T17:09:14.489Z
G02,32,add,ART. 1,G02-A19,2026-04-27T17:09:24.698Z
G02,32,add,Backlog,G02-A19,2026-04-27T17:09:28.253Z
G02,32,add,Doing,G02-A19,2026-04-27T18:21:18.019Z
G02,32,remove,Backlog,G02-A19,2026-04-27T18:21:18.019Z
G02,32,add,Waiting Review,G02-A19,2026-04-27T18:52:23.624Z
G02,32,remove,Doing,G02-A19,2026-04-27T18:52:23.624Z
G02,32,add,Review,G02-A16,2026-04-28T17:10:43.306Z
G02,32,remove,Waiting Review,G02-A16,2026-04-28T17:10:43.306Z
G02,32,remove,Review,G02-A16,2026-04-28T17:29:02.585Z
G02,33,add,DESIGN,G02-A12,2026-04-27T17:42:51.547Z
G02,33,add,SIZE_M,G02-A12,2026-04-27T17:42:51.547Z
G02,33,add,ART. 2,G02-A12,2026-04-27T17:42:51.547Z
G02,33,add,Backlog,G02-A12,2026-04-27T17:43:18.641Z
G02,33,add,Doing,G02-A12,2026-04-27T18:37:46.270Z
G02,33,remove,Backlog,G02-A12,2026-04-27T18:37:46.270Z
G02,33,add,Waiting Review,G02-A12,2026-04-27T18:56:00.814Z
G02,33,remove,Doing,G02-A12,2026-04-27T18:56:00.814Z
G02,33,add,Review,[externo],2026-04-29T17:48:04.329Z
G02,33,remove,Waiting Review,[externo],2026-04-29T17:48:04.329Z
G02,33,remove,Review,[externo],2026-04-29T17:49:25.751Z
G02,34,add,DOCUMENTATION,G02-A19,2026-04-27T17:32:26.522Z
G02,34,add,SIZE_P,G02-A19,2026-04-27T17:32:26.522Z
G02,34,add,ART. 1,G02-A19,2026-04-27T17:32:26.522Z
G02,34,add,Backlog,G02-A19,2026-04-27T17:32:32.015Z
G02,34,add,Doing,G02-A19,2026-04-27T17:32:36.478Z
G02,34,remove,Backlog,G02-A19,2026-04-27T17:32:36.478Z
G02,34,add,Waiting Review,G02-A19,2026-04-27T17:41:36.536Z
G02,34,remove,Doing,G02-A19,2026-04-27T17:41:36.536Z
G02,34,add,Review,G02-A16,2026-04-28T17:10:41.439Z
G02,34,remove,Waiting Review,G02-A16,2026-04-28T17:10:41.439Z
G02,34,remove,Review,G02-A16,2026-04-28T17:29:00.979Z
G02,35,add,DOCUMENTATION,[externo],2026-04-27T18:36:40.283Z
G02,35,add,SIZE_M,[externo],2026-04-27T18:36:40.283Z
G02,35,add,ART. 3,[externo],2026-04-27T18:36:40.283Z
G02,35,add,Backlog,[externo],2026-04-27T18:37:28.133Z
G02,35,add,Doing,[externo],2026-04-28T17:35:15.637Z
G02,35,remove,Backlog,[externo],2026-04-28T17:35:15.637Z
G02,35,add,Waiting Review,[externo],2026-04-28T18:05:17.046Z
G02,35,remove,Doing,[externo],2026-04-28T18:05:17.046Z
G02,35,add,Review,G02-A16,2026-04-28T18:05:36.220Z
G02,35,remove,Waiting Review,G02-A16,2026-04-28T18:05:36.220Z
G02,35,remove,Review,G02-A16,2026-04-28T18:05:38.522Z
G02,36,add,DESIGN,G02-A18,2026-04-27T18:38:51.109Z
G02,36,add,SIZE_M,G02-A18,2026-04-27T18:38:51.109Z
G02,36,add,ART. 2,G02-A18,2026-04-27T18:38:51.109Z
G02,36,add,Backlog,G02-A18,2026-04-27T18:39:00.209Z
G02,36,add,Doing,G02-A18,2026-04-27T18:39:03.087Z
G02,36,remove,Backlog,G02-A18,2026-04-27T18:39:03.087Z
G02,36,add,Waiting Review,G02-A18,2026-04-27T21:41:09.510Z
G02,36,remove,Doing,G02-A18,2026-04-27T21:41:09.510Z
G02,36,add,Review,G02-A12,2026-05-01T17:37:49.374Z
G02,36,remove,Waiting Review,G02-A12,2026-05-01T17:37:49.374Z
G02,36,remove,Review,G02-A12,2026-05-01T20:02:50.212Z
G02,37,add,ART. 2,G02-A12,2026-04-28T01:47:15.732Z
G02,37,add,DOCUMENTATION,G02-A12,2026-04-28T01:47:28.609Z
G02,37,add,DESIGN,G02-A12,2026-04-28T01:47:28.609Z
G02,37,add,SIZE_M,G02-A12,2026-04-28T01:47:28.609Z
G02,37,add,Backlog,G02-A12,2026-04-28T01:49:13.075Z
G02,37,add,Doing,G02-A12,2026-04-28T01:49:14.763Z
G02,37,remove,Backlog,G02-A12,2026-04-28T01:49:14.763Z
G02,37,add,Waiting Review,G02-A12,2026-04-28T02:39:58.405Z
G02,37,remove,Doing,G02-A12,2026-04-28T02:39:58.405Z
G02,37,add,Review,[externo],2026-04-29T17:48:00.899Z
G02,37,remove,Waiting Review,[externo],2026-04-29T17:48:00.899Z
G02,37,remove,Review,[externo],2026-04-29T17:49:23.458Z
G02,38,add,DOCUMENTATION,G02-A12,2026-04-28T16:26:46.492Z
G02,38,add,DESIGN,G02-A12,2026-04-28T16:26:46.492Z
G02,38,add,SIZE_P,G02-A12,2026-04-28T16:26:46.492Z
G02,38,add,ART. 2,G02-A12,2026-04-28T16:26:46.492Z
G02,38,add,Backlog,G02-A12,2026-04-28T16:30:11.724Z
G02,38,add,Doing,G02-A12,2026-04-28T16:30:14.018Z
G02,38,remove,Backlog,G02-A12,2026-04-28T16:30:14.018Z
G02,38,add,Waiting Review,G02-A12,2026-04-28T17:56:46.146Z
G02,38,remove,Doing,G02-A12,2026-04-28T17:56:46.146Z
G02,38,add,Review,[externo],2026-04-29T17:47:58.215Z
G02,38,remove,Waiting Review,[externo],2026-04-29T17:47:58.215Z
G02,38,remove,Review,[externo],2026-04-29T17:49:25.161Z
G02,39,add,ART. 2,G02-A14,2026-04-28T17:10:06.082Z
G02,39,add,DOCUMENTATION,G02-A14,2026-04-28T17:11:03.329Z
G02,39,add,SIZE_G,G02-A14,2026-04-28T17:11:03.329Z
G02,39,add,Doing,G02-A14,2026-04-28T17:12:34.408Z
G02,39,add,Waiting Review,G02-A14,2026-04-28T18:57:02.672Z
G02,39,remove,Doing,G02-A14,2026-04-28T18:57:02.672Z
G02,39,add,Review,G02-A18,2026-04-29T17:26:56.375Z
G02,39,remove,Waiting Review,G02-A18,2026-04-29T17:26:56.375Z
G02,39,remove,Review,G02-A18,2026-04-29T18:01:55.732Z
G02,40,add,DESIGN,G02-A18,2026-04-28T17:07:46.620Z
G02,40,add,SIZE_M,G02-A18,2026-04-28T17:07:46.620Z
G02,40,add,ART. 2,G02-A18,2026-04-28T17:07:46.620Z
G02,40,add,Backlog,G02-A18,2026-04-28T17:08:36.265Z
G02,40,add,Doing,G02-A18,2026-04-28T17:08:39.700Z
G02,40,remove,Backlog,G02-A18,2026-04-28T17:08:39.700Z
G02,40,add,Waiting Review,G02-A18,2026-04-28T18:54:22.755Z
G02,40,remove,Doing,G02-A18,2026-04-28T18:54:22.755Z
G02,40,add,Review,G02-A12,2026-05-01T17:37:55.522Z
G02,40,remove,Waiting Review,G02-A12,2026-05-01T17:37:55.522Z
G02,40,remove,Review,G02-A12,2026-05-01T20:02:52.592Z
G02,41,add,ART. 3,G02-A15,2026-04-28T17:08:31.876Z
G02,41,remove,ART. 3,G02-A15,2026-04-28T17:08:38.143Z
G02,41,add,DOCUMENTATION,G02-A15,2026-04-28T17:09:32.804Z
G02,41,add,SIZE_PP,G02-A15,2026-04-28T17:09:32.804Z
G02,41,add,Backlog,G02-A15,2026-04-28T17:12:29.455Z
G02,41,add,Doing,G02-A15,2026-04-28T17:12:31.026Z
G02,41,remove,Backlog,G02-A15,2026-04-28T17:12:31.026Z
G02,41,add,Waiting Review,G02-A15,2026-04-28T17:40:11.755Z
G02,41,remove,Doing,G02-A15,2026-04-28T17:40:11.755Z
G02,41,add,Review,G02-A16,2026-04-28T17:52:53.468Z
G02,41,remove,Waiting Review,G02-A16,2026-04-28T17:52:53.468Z
G02,41,remove,Review,G02-A16,2026-04-28T18:05:52.978Z
G02,42,add,ART. 2,G02-A13,2026-04-28T17:21:14.874Z
G02,42,add,DOCUMENTATION,G02-A13,2026-04-28T17:21:14.874Z
G02,42,add,Doing,G02-A13,2026-04-28T17:21:14.874Z
G02,42,add,SIZE_G,G02-A13,2026-04-28T17:21:14.874Z
G02,42,add,Waiting Review,G02-A13,2026-04-28T22:31:12.790Z
G02,42,remove,Doing,G02-A13,2026-04-28T22:31:12.790Z
G02,42,add,Review,G02-A18,2026-04-29T17:51:02.047Z
G02,42,remove,Waiting Review,G02-A18,2026-04-29T17:51:02.047Z
G02,42,remove,Review,G02-A18,2026-04-29T18:29:32.164Z
G02,43,add,DOCUMENTATION,G02-A19,2026-04-28T17:39:00.987Z
G02,43,add,SIZE_P,G02-A19,2026-04-28T17:39:00.987Z
G02,43,add,ART. 3,G02-A19,2026-04-28T17:39:00.987Z
G02,43,add,Backlog,G02-A19,2026-04-28T17:39:07.197Z
G02,43,add,Doing,G02-A19,2026-04-28T17:45:06.404Z
G02,43,remove,Backlog,G02-A19,2026-04-28T17:45:06.404Z
G02,43,add,Waiting Review,G02-A19,2026-04-28T17:49:39.718Z
G02,43,remove,Doing,G02-A19,2026-04-28T17:49:39.718Z
G02,43,add,Review,[externo],2026-04-28T22:27:41.170Z
G02,43,remove,Waiting Review,[externo],2026-04-28T22:27:41.170Z
G02,43,remove,Review,[externo],2026-04-28T22:37:50.551Z
G02,44,add,SIZE_M,G02-A19,2026-04-28T17:48:05.132Z
G02,44,add,ART. 1,G02-A19,2026-04-28T17:48:05.132Z
G02,44,add,DOCUMENTATION,G02-A19,2026-04-28T17:48:08.918Z
G02,44,remove,ART. 1,G02-A19,2026-04-28T17:48:09.819Z
G02,44,add,ART. 3,G02-A19,2026-04-28T17:48:14.335Z
G02,44,add,Backlog,G02-A19,2026-04-28T17:49:34.301Z
G02,44,add,Doing,G02-A19,2026-04-28T17:56:43.559Z
G02,44,remove,Backlog,G02-A19,2026-04-28T17:56:43.559Z
G02,44,add,Waiting Review,G02-A19,2026-04-28T18:56:02.604Z
G02,44,remove,Doing,G02-A19,2026-04-28T18:56:02.604Z
G02,44,add,Review,[externo],2026-04-28T22:27:43.512Z
G02,44,remove,Waiting Review,[externo],2026-04-28T22:27:43.512Z
G02,44,remove,Review,[externo],2026-04-28T22:37:51.652Z
G02,45,add,ART. 2,G02-A12,2026-04-28T18:00:28.121Z
G02,45,add,DOCUMENTATION,G02-A12,2026-04-28T18:00:50.245Z
G02,45,add,DESIGN,G02-A12,2026-04-28T18:00:50.245Z
G02,45,add,SIZE_M,G02-A12,2026-04-28T18:00:50.245Z
G02,45,add,Backlog,G02-A12,2026-04-28T18:01:09.661Z
G02,45,add,Doing,G02-A12,2026-04-28T18:01:14.390Z
G02,45,remove,Backlog,G02-A12,2026-04-28T18:01:14.390Z
G02,45,add,Waiting Review,G02-A12,2026-04-28T21:02:21.090Z
G02,45,remove,Doing,G02-A12,2026-04-28T21:02:21.090Z
G02,45,add,Review,[externo],2026-04-29T17:47:54.403Z
G02,45,remove,Waiting Review,[externo],2026-04-29T17:47:54.403Z
G02,45,remove,Review,[externo],2026-04-29T17:49:19.634Z
G02,46,add,DOCUMENTATION,[externo],2026-04-28T18:06:42.494Z
G02,46,add,SIZE_M,[externo],2026-04-28T18:06:42.494Z
G02,46,add,ART. 3,[externo],2026-04-28T18:06:42.494Z
G02,46,add,Backlog,[externo],2026-04-28T18:07:03.945Z
G02,46,add,Doing,[externo],2026-04-28T18:07:08.802Z
G02,46,remove,Backlog,[externo],2026-04-28T18:07:08.802Z
G02,46,add,Waiting Review,[externo],2026-04-28T19:28:47.999Z
G02,46,remove,Doing,[externo],2026-04-28T19:28:47.999Z
G02,46,add,Review,G02-A19,2026-04-29T17:30:31.282Z
G02,46,remove,Waiting Review,G02-A19,2026-04-29T17:30:31.282Z
G02,46,remove,Review,G02-A19,2026-04-29T17:52:16.953Z
G02,47,add,ART. 2,G02-A12,2026-04-28T18:44:09.222Z
G02,47,add,DOCUMENTATION,G02-A12,2026-04-28T18:44:26.565Z
G02,47,add,DESIGN,G02-A12,2026-04-28T18:44:26.565Z
G02,47,add,SIZE_PP,G02-A12,2026-04-28T18:44:26.565Z
G02,47,add,Backlog,G02-A12,2026-04-28T18:45:42.416Z
G02,47,add,Doing,G02-A12,2026-04-28T18:45:44.354Z
G02,47,remove,Backlog,G02-A12,2026-04-28T18:45:44.354Z
G02,47,add,Waiting Review,G02-A12,2026-04-28T21:01:47.331Z
G02,47,remove,Doing,G02-A12,2026-04-28T21:01:47.331Z
G02,47,add,Review,[externo],2026-04-29T17:47:55.970Z
G02,47,remove,Waiting Review,[externo],2026-04-29T17:47:55.970Z
G02,47,remove,Review,[externo],2026-04-29T17:49:22.320Z
G02,48,add,DOCUMENTATION,[externo],2026-04-29T17:07:39.405Z
G02,48,add,SIZE_M,[externo],2026-04-29T17:07:39.405Z
G02,48,add,ART. 3,[externo],2026-04-29T17:07:39.405Z
G02,48,add,Backlog,[externo],2026-04-29T17:09:40.719Z
G02,48,add,Doing,[externo],2026-04-29T20:58:00.036Z
G02,48,remove,Backlog,[externo],2026-04-29T20:58:00.036Z
G02,48,add,Waiting Review,[externo],2026-04-29T21:26:56.928Z
G02,48,remove,Doing,[externo],2026-04-29T21:26:56.928Z
G02,48,add,Review,G02-A19,2026-04-30T13:15:45.013Z
G02,48,remove,Waiting Review,G02-A19,2026-04-30T13:15:45.013Z
G02,48,remove,Review,G02-A19,2026-04-30T13:34:21.623Z
G02,49,add,DESIGN,G02-A15,2026-04-29T17:08:45.652Z
G02,49,add,SIZE_M,G02-A15,2026-04-29T17:08:45.652Z
G02,49,remove,DESIGN,G02-A16,2026-04-29T17:17:08.293Z
G02,49,add,Presentation,G02-A16,2026-04-29T17:17:20.096Z
G02,49,add,Backlog,G02-A15,2026-04-29T20:28:08.558Z
G02,49,add,Doing,G02-A15,2026-04-30T03:24:41.183Z
G02,49,remove,Backlog,G02-A15,2026-04-30T03:24:41.183Z
G02,49,add,Waiting Review,G02-A15,2026-04-30T05:57:37.970Z
G02,49,remove,Doing,G02-A15,2026-04-30T05:57:37.970Z
G02,49,add,Review,G02-A13,2026-04-30T11:55:59.252Z
G02,49,remove,Waiting Review,G02-A13,2026-04-30T11:55:59.252Z
G02,49,remove,Review,G02-A13,2026-04-30T11:56:53.831Z
G02,50,add,SIZE_G,G02-A16,2026-04-29T17:16:52.042Z
G02,50,add,Presentation,G02-A16,2026-04-29T17:17:03.454Z
G02,50,add,Backlog,G02-A16,2026-04-29T17:21:57.895Z
G02,50,add,Doing,G02-A16,2026-04-29T17:22:36.140Z
G02,50,remove,Backlog,G02-A16,2026-04-29T17:22:36.140Z
G02,50,add,Waiting Review,G02-A16,2026-04-29T18:36:54.674Z
G02,50,remove,Doing,G02-A16,2026-04-29T18:36:54.674Z
G02,50,add,Review,G02-A14,2026-04-30T21:38:09.027Z
G02,50,remove,Waiting Review,G02-A14,2026-04-30T21:38:09.027Z
G02,50,remove,Review,G02-A14,2026-04-30T21:38:12.262Z
G02,51,add,SIZE_P,G02-A19,2026-04-29T17:15:00.733Z
G02,51,add,ART. 1,G02-A19,2026-04-29T17:15:00.733Z
G02,51,add,DOCUMENTATION,G02-A19,2026-04-29T17:15:06.084Z
G02,51,remove,SIZE_P,G02-A19,2026-04-29T17:15:09.868Z
G02,51,add,SIZE_PP,G02-A19,2026-04-29T17:15:14.533Z
G02,51,add,Backlog,G02-A19,2026-04-29T17:15:21.440Z
G02,51,add,Doing,G02-A19,2026-04-29T17:15:23.338Z
G02,51,remove,Backlog,G02-A19,2026-04-29T17:15:23.338Z
G02,51,add,Waiting Review,G02-A19,2026-04-29T17:26:14.819Z
G02,51,remove,Doing,G02-A19,2026-04-29T17:26:14.819Z
G02,51,add,Review,G02-A12,2026-05-01T20:03:24.311Z
G02,51,remove,Waiting Review,G02-A12,2026-05-01T20:03:24.311Z
G02,51,remove,Review,G02-A12,2026-05-01T20:33:30.271Z
G02,52,add,DOCUMENTATION,G02-A13,2026-04-29T17:20:25.863Z
G02,52,add,ART. 3,G02-A13,2026-04-29T17:20:25.863Z
G02,52,add,Backlog,G02-A13,2026-04-29T17:21:00.832Z
G02,52,add,Doing,G02-A13,2026-04-29T18:10:29.016Z
G02,52,remove,Backlog,G02-A13,2026-04-29T18:10:29.016Z
G02,52,add,SIZE_G,G02-A13,2026-04-29T18:23:52.630Z
G02,52,add,Waiting Review,G02-A13,2026-04-29T23:12:50.050Z
G02,52,remove,Doing,G02-A13,2026-04-29T23:12:50.050Z
G02,52,add,Review,[externo],2026-05-01T18:56:02.415Z
G02,52,remove,Waiting Review,[externo],2026-05-01T18:56:02.415Z
G02,52,remove,Review,[externo],2026-05-01T19:35:01.662Z
G02,53,add,DOCUMENTATION,G02-A14,2026-04-29T17:28:43.995Z
G02,53,add,ART. 2,G02-A14,2026-04-29T17:28:43.995Z
G02,53,add,Backlog,G02-A14,2026-04-29T17:28:56.221Z
G02,53,add,Doing,G02-A14,2026-04-29T17:28:58.724Z
G02,53,remove,Backlog,G02-A14,2026-04-29T17:28:58.724Z
G02,53,add,Waiting Review,G02-A14,2026-04-29T18:36:24.487Z
G02,53,remove,Doing,G02-A14,2026-04-29T18:36:24.487Z
G02,53,add,Review,G02-A13,2026-04-30T11:56:32.934Z
G02,53,remove,Waiting Review,G02-A13,2026-04-30T11:56:32.934Z
G02,53,remove,Review,G02-A13,2026-04-30T11:56:58.213Z
G02,54,add,ART. 2,G02-A12,2026-04-29T17:40:28.313Z
G02,54,add,DOCUMENTATION,G02-A12,2026-04-29T17:40:46.260Z
G02,54,add,SIZE_PP,G02-A12,2026-04-29T17:40:46.260Z
G02,54,add,ART. 1,G02-A12,2026-04-29T17:40:46.260Z
G02,54,remove,ART. 2,G02-A12,2026-04-29T17:40:46.260Z
G02,54,add,Backlog,G02-A12,2026-04-29T17:41:11.944Z
G02,54,add,Doing,G02-A12,2026-04-29T17:41:22.417Z
G02,54,remove,Backlog,G02-A12,2026-04-29T17:41:22.417Z
G02,54,add,Waiting Review,G02-A12,2026-04-29T17:47:10.964Z
G02,54,remove,Doing,G02-A12,2026-04-29T17:47:10.964Z
G02,54,add,Review,[externo],2026-04-29T17:47:48.266Z
G02,54,remove,Waiting Review,[externo],2026-04-29T17:47:48.266Z
G02,54,remove,Review,[externo],2026-04-29T17:49:18.551Z
G02,55,add,ART. 1,G02-A12,2026-04-29T17:50:52.782Z
G02,55,add,Doing,G02-A12,2026-04-29T17:50:58.084Z
G02,55,remove,Doing,G02-A12,2026-04-29T17:50:59.560Z
G02,55,add,DOCUMENTATION,G02-A12,2026-04-29T17:51:24.082Z
G02,55,add,SIZE_M,G02-A12,2026-04-29T17:51:24.082Z
G02,55,add,Backlog,G02-A12,2026-04-29T17:51:53.210Z
G02,55,add,Doing,G02-A12,2026-04-29T17:51:58.099Z
G02,55,remove,Backlog,G02-A12,2026-04-29T17:51:58.099Z
G02,55,add,Waiting Review,G02-A12,2026-04-29T21:31:35.748Z
G02,55,remove,Doing,G02-A12,2026-04-29T21:31:35.748Z
G02,55,add,Review,G02-A13,2026-04-30T11:55:45.254Z
G02,55,remove,Waiting Review,G02-A13,2026-04-30T11:55:45.254Z
G02,55,remove,Review,G02-A13,2026-04-30T11:56:48.289Z
G02,56,add,DOCUMENTATION,[externo],2026-04-29T17:52:53.071Z
G02,56,add,SIZE_M,[externo],2026-04-29T17:52:53.071Z
G02,56,add,ART. 3,[externo],2026-04-29T17:52:53.071Z
G02,56,add,Backlog,[externo],2026-04-29T17:53:02.154Z
G02,56,add,Doing,[externo],2026-04-29T17:53:03.831Z
G02,56,remove,Backlog,[externo],2026-04-29T17:53:03.831Z
G02,56,add,Waiting Review,[externo],2026-04-29T18:19:19.156Z
G02,56,remove,Doing,[externo],2026-04-29T18:19:19.156Z
G02,56,add,Review,G02-A12,2026-05-01T21:00:59.327Z
G02,56,remove,Waiting Review,G02-A12,2026-05-01T21:00:59.327Z
G02,56,remove,Review,G02-A12,2026-05-01T21:17:38.923Z
G02,57,add,DOCUMENTATION,G02-A15,2026-04-29T17:54:56.137Z
G02,57,add,ART. 1,G02-A15,2026-04-29T17:54:56.137Z
G02,57,add,SIZE_P,G02-A15,2026-04-29T17:55:05.335Z
G02,57,add,Backlog,G02-A15,2026-04-29T17:56:05.184Z
G02,57,add,Doing,G02-A15,2026-04-29T17:56:06.933Z
G02,57,remove,Backlog,G02-A15,2026-04-29T17:56:06.933Z
G02,57,add,Waiting Review,G02-A15,2026-04-29T18:22:57.623Z
G02,57,remove,Doing,G02-A15,2026-04-29T18:22:57.623Z
G02,57,add,Review,G02-A12,2026-04-30T02:08:55.613Z
G02,57,remove,Waiting Review,G02-A12,2026-04-30T02:08:55.613Z
G02,57,remove,Review,G02-A12,2026-04-30T13:44:49.057Z
G02,58,add,DOCUMENTATION,G02-A19,2026-04-29T17:59:05.840Z
G02,58,add,SIZE_M,G02-A19,2026-04-29T17:59:05.840Z
G02,58,add,ART. 3,G02-A19,2026-04-29T17:59:05.840Z
G02,58,add,Backlog,G02-A19,2026-04-29T18:04:24.341Z
G02,58,add,Doing,G02-A19,2026-04-29T18:09:33.662Z
G02,58,remove,Backlog,G02-A19,2026-04-29T18:09:33.662Z
G02,58,add,Waiting Review,G02-A19,2026-04-29T18:56:41.926Z
G02,58,remove,Doing,G02-A19,2026-04-29T18:56:41.926Z
G02,58,add,Review,[externo],2026-04-29T20:01:17.812Z
G02,58,remove,Waiting Review,[externo],2026-04-29T20:01:17.812Z
G02,58,remove,Review,[externo],2026-05-01T17:15:12.174Z
G02,59,add,DOCUMENTATION,G02-A19,2026-04-29T18:04:13.016Z
G02,59,add,SIZE_PP,G02-A19,2026-04-29T18:04:13.016Z
G02,59,add,ART. 3,G02-A19,2026-04-29T18:04:13.016Z
G02,59,add,Backlog,G02-A19,2026-04-29T18:04:21.032Z
G02,59,add,Doing,G02-A19,2026-04-29T18:04:25.604Z
G02,59,remove,Backlog,G02-A19,2026-04-29T18:04:25.604Z
G02,59,add,Waiting Review,G02-A19,2026-04-29T18:09:28.861Z
G02,59,remove,Doing,G02-A19,2026-04-29T18:09:28.861Z
G02,59,add,Review,[externo],2026-04-29T20:01:20.983Z
G02,59,remove,Waiting Review,[externo],2026-04-29T20:01:20.983Z
G02,59,remove,Review,[externo],2026-05-01T17:15:11.453Z
G02,60,add,DOCUMENTATION,G02-A18,2026-04-29T18:20:35.152Z
G02,60,add,SIZE_P,G02-A18,2026-04-29T18:20:35.152Z
G02,60,add,ART. 1,G02-A18,2026-04-29T18:20:35.152Z
G02,60,add,Backlog,G02-A18,2026-04-29T18:20:48.636Z
G02,60,add,Doing,G02-A18,2026-05-01T02:08:18.295Z
G02,60,remove,Backlog,G02-A18,2026-05-01T02:08:18.295Z
G02,60,add,Waiting Review,G02-A18,2026-05-01T14:52:11.768Z
G02,60,remove,Doing,G02-A18,2026-05-01T14:52:11.768Z
G02,60,add,Review,G02-A12,2026-05-01T17:37:40.618Z
G02,60,remove,Waiting Review,G02-A12,2026-05-01T17:37:40.618Z
G02,60,remove,Review,G02-A12,2026-05-01T20:33:23.205Z
G02,61,add,ART. 2,G02-A12,2026-04-29T23:19:05.746Z
G02,61,add,DOCUMENTATION,G02-A12,2026-04-29T23:19:47.684Z
G02,61,add,DESIGN,G02-A12,2026-04-29T23:19:47.684Z
G02,61,add,SIZE_M,G02-A12,2026-04-29T23:19:53.663Z
G02,61,add,Backlog,G02-A12,2026-04-29T23:20:08.060Z
G02,61,add,Doing,G02-A12,2026-04-29T23:20:10.170Z
G02,61,remove,Backlog,G02-A12,2026-04-29T23:20:10.170Z
G02,61,add,Waiting Review,G02-A12,2026-04-30T02:03:26.291Z
G02,61,remove,Doing,G02-A12,2026-04-30T02:03:26.291Z
G02,61,add,Review,[externo],2026-05-01T19:35:09.209Z
G02,61,remove,Waiting Review,[externo],2026-05-01T19:35:09.209Z
G02,61,remove,Review,[externo],2026-05-01T19:51:03.491Z
G02,62,add,Presentation,G02-A12,2026-04-29T23:25:41.238Z
G02,62,add,SIZE_P,G02-A12,2026-04-29T23:25:49.991Z
G02,62,add,Backlog,G02-A12,2026-04-29T23:26:02.363Z
G02,62,add,Doing,G02-A12,2026-04-30T02:03:35.794Z
G02,62,remove,Backlog,G02-A12,2026-04-30T02:03:35.794Z
G02,62,add,Waiting Review,G02-A12,2026-04-30T02:03:37.794Z
G02,62,remove,Doing,G02-A12,2026-04-30T02:03:37.794Z
G02,62,add,Review,[externo],2026-05-01T19:35:07.231Z
G02,62,remove,Waiting Review,[externo],2026-05-01T19:35:07.231Z
G02,62,remove,Review,[externo],2026-05-01T19:51:00.807Z
G02,63,add,DOCUMENTATION,[externo],2026-04-30T13:28:39.743Z
G02,63,add,SIZE_P,[externo],2026-04-30T13:28:39.743Z
G02,63,add,ART. 3,[externo],2026-04-30T13:28:39.743Z
G02,63,add,Backlog,[externo],2026-04-30T13:28:46.838Z
G02,63,add,Doing,[externo],2026-04-30T13:28:48.201Z
G02,63,remove,Backlog,[externo],2026-04-30T13:28:48.201Z
G02,63,add,Waiting Review,[externo],2026-04-30T14:01:17.433Z
G02,63,remove,Doing,[externo],2026-04-30T14:01:17.433Z
G02,63,add,Review,G02-A19,2026-04-30T14:25:04.485Z
G02,63,remove,Waiting Review,G02-A19,2026-04-30T14:25:04.485Z
G02,63,remove,Review,G02-A19,2026-04-30T14:42:05.712Z
G02,64,add,DOCUMENTATION,G02-A19,2026-04-30T20:44:48.201Z
G02,64,add,SIZE_PP,G02-A19,2026-04-30T20:44:48.201Z
G02,64,add,ART. 1,G02-A19,2026-04-30T20:44:48.201Z
G02,64,add,Backlog,G02-A19,2026-04-30T20:44:55.083Z
G02,64,add,Doing,G02-A19,2026-04-30T20:44:59.352Z
G02,64,remove,Backlog,G02-A19,2026-04-30T20:44:59.352Z
G02,64,add,Waiting Review,G02-A19,2026-04-30T21:01:53.159Z
G02,64,remove,Doing,G02-A19,2026-04-30T21:01:53.159Z
G02,64,add,Review,G02-A12,2026-05-01T20:33:44.780Z
G02,64,remove,Waiting Review,G02-A12,2026-05-01T20:33:44.780Z
G02,64,remove,Review,G02-A12,2026-05-01T20:46:42.264Z
G02,65,add,DOCUMENTATION,G02-A19,2026-04-30T21:08:28.320Z
G02,65,add,SIZE_PP,G02-A19,2026-04-30T21:08:28.320Z
G02,65,add,ART. 1,G02-A19,2026-04-30T21:08:28.320Z
G02,65,add,Backlog,G02-A19,2026-04-30T21:08:34.571Z
G02,65,add,Doing,G02-A19,2026-04-30T21:08:35.204Z
G02,65,remove,Backlog,G02-A19,2026-04-30T21:08:35.204Z
G02,65,add,Waiting Review,G02-A19,2026-04-30T21:38:49.529Z
G02,65,remove,Doing,G02-A19,2026-04-30T21:38:49.529Z
G02,65,add,Review,G02-A12,2026-05-01T20:33:45.784Z
G02,65,remove,Waiting Review,G02-A12,2026-05-01T20:33:45.784Z
G02,65,remove,Review,G02-A12,2026-05-01T20:46:42.815Z
G02,66,add,user-story,G02-A13,2026-04-30T21:12:45.904Z
G02,66,add,Backlog,G02-A13,2026-04-30T21:13:09.621Z
G02,67,add,user-story,G02-A13,2026-04-30T21:13:35.064Z
G02,67,add,Backlog,G02-A13,2026-04-30T21:32:54.823Z
G02,68,add,user-story,G02-A13,2026-04-30T21:14:00.604Z
G02,68,add,Backlog,G02-A13,2026-04-30T21:32:55.997Z
G02,69,add,user-story,G02-A13,2026-04-30T21:14:23.353Z
G02,69,add,Backlog,G02-A13,2026-04-30T21:32:57.203Z
G02,70,add,user-story,G02-A13,2026-04-30T21:15:01.667Z
G02,70,add,Backlog,G02-A13,2026-04-30T21:32:58.285Z
G02,71,add,user-story,G02-A13,2026-04-30T21:15:21.509Z
G02,71,add,Backlog,G02-A13,2026-04-30T21:33:01.136Z
G02,72,add,user-story,G02-A13,2026-04-30T21:15:51.749Z
G02,72,add,Backlog,G02-A13,2026-04-30T21:33:04.133Z
G02,73,add,user-story,G02-A13,2026-04-30T21:16:22.629Z
G02,73,add,Backlog,G02-A13,2026-04-30T21:33:05.748Z
G02,74,add,user-story,G02-A13,2026-04-30T21:16:52.522Z
G02,74,add,Backlog,G02-A13,2026-04-30T21:33:07.258Z
G02,75,add,user-story,G02-A13,2026-04-30T21:17:14.752Z
G02,75,add,Backlog,G02-A13,2026-04-30T21:21:29.494Z
G02,76,add,user-story,G02-A13,2026-04-30T21:17:39.691Z
G02,76,add,Backlog,G02-A13,2026-04-30T21:21:28.199Z
G02,76,remove,Backlog,G02-A14,2026-05-14T13:50:57.104Z
G02,77,add,user-story,G02-A13,2026-04-30T21:18:05.082Z
G02,77,add,Backlog,G02-A13,2026-04-30T21:21:26.808Z
G02,77,remove,Backlog,G02-A14,2026-05-14T13:51:11.371Z
G02,78,add,user-story,G02-A13,2026-04-30T21:18:31.865Z
G02,78,add,Backlog,G02-A13,2026-04-30T21:21:25.356Z
G02,78,remove,Backlog,G02-A14,2026-05-14T13:50:48.370Z
G02,79,add,user-story,G02-A13,2026-04-30T21:18:55.664Z
G02,79,add,Backlog,G02-A13,2026-04-30T21:21:23.642Z
G02,79,remove,Backlog,G02-A14,2026-05-14T13:51:43.254Z
G02,80,add,user-story,G02-A13,2026-04-30T21:19:25.812Z
G02,80,add,Backlog,G02-A13,2026-04-30T21:21:21.354Z
G02,80,remove,Backlog,G02-A14,2026-05-14T13:51:24.197Z
G02,81,add,user-story,G02-A13,2026-04-30T21:19:48.989Z
G02,81,add,Backlog,G02-A13,2026-04-30T21:21:20.025Z
G02,81,add,Review,G02-A14,2026-05-14T13:52:11.856Z
G02,81,remove,Backlog,G02-A14,2026-05-14T13:52:11.856Z
G02,81,remove,Review,G02-A14,2026-05-14T13:52:13.589Z
G02,82,add,user-story,G02-A13,2026-04-30T21:20:12.744Z
G02,82,add,Backlog,G02-A13,2026-04-30T21:21:18.505Z
G02,82,remove,Backlog,G02-A14,2026-05-14T13:52:29.734Z
G02,83,add,user-story,G02-A13,2026-04-30T21:20:37.611Z
G02,83,add,Backlog,G02-A13,2026-04-30T21:21:16.893Z
G02,83,remove,Backlog,G02-A14,2026-05-14T13:52:21.277Z
G02,84,add,user-story,G02-A13,2026-04-30T21:21:02.328Z
G02,84,add,Backlog,G02-A13,2026-04-30T21:21:15.419Z
G02,84,remove,Backlog,G02-A14,2026-05-14T13:50:39.905Z
G02,85,add,DOCUMENTATION,G02-A13,2026-04-30T21:32:39.881Z
G02,85,add,SIZE_G,G02-A13,2026-04-30T21:32:39.881Z
G02,85,add,Backlog,G02-A13,2026-04-30T21:32:50.328Z
G02,85,add,Doing,G02-A13,2026-04-30T21:32:52.287Z
G02,85,remove,Backlog,G02-A13,2026-04-30T21:32:52.287Z
G02,85,add,Waiting Review,G02-A13,2026-04-30T23:47:13.108Z
G02,85,remove,Doing,G02-A13,2026-04-30T23:47:13.108Z
G02,85,add,Review,[externo],2026-05-01T18:55:59.779Z
G02,85,remove,Waiting Review,[externo],2026-05-01T18:55:59.779Z
G02,85,remove,Review,[externo],2026-05-01T19:35:02.924Z
G02,86,add,DESIGN,G02-A18,2026-05-01T16:04:40.036Z
G02,86,add,SIZE_G,G02-A18,2026-05-01T16:04:40.036Z
G02,86,add,ART. 3,G02-A18,2026-05-01T16:04:40.036Z
G02,86,add,Backlog,G02-A18,2026-05-01T16:04:51.307Z
G02,86,add,Doing,G02-A18,2026-05-01T16:04:52.428Z
G02,86,remove,Backlog,G02-A18,2026-05-01T16:04:52.428Z
G02,86,add,Waiting Review,G02-A18,2026-05-01T17:49:10.459Z
G02,86,remove,Doing,G02-A18,2026-05-01T17:49:10.459Z
G02,86,add,Review,[externo],2026-05-01T18:53:00.978Z
G02,86,remove,Waiting Review,[externo],2026-05-01T18:53:00.978Z
G02,86,remove,Review,[externo],2026-05-01T18:54:35.944Z
G02,87,add,DOCUMENTATION,G02-A12,2026-05-01T16:58:39.725Z
G02,87,add,SIZE_PP,G02-A12,2026-05-01T16:58:39.725Z
G02,87,add,ART. 2,G02-A12,2026-05-01T16:58:39.725Z
G02,87,add,Backlog,G02-A12,2026-05-01T16:58:50.393Z
G02,87,add,Doing,G02-A12,2026-05-01T16:58:54.573Z
G02,87,remove,Backlog,G02-A12,2026-05-01T16:58:54.573Z
G02,87,add,Waiting Review,G02-A12,2026-05-01T17:26:33.565Z
G02,87,remove,Doing,G02-A12,2026-05-01T17:26:33.565Z
G02,87,add,Review,[externo],2026-05-01T19:35:17.459Z
G02,87,remove,Waiting Review,[externo],2026-05-01T19:35:17.459Z
G02,87,remove,Review,[externo],2026-05-01T19:51:01.897Z
G02,88,add,SIZE_P,G02-A12,2026-05-01T17:26:06.660Z
G02,88,add,ART. 2,G02-A12,2026-05-01T17:26:06.660Z
G02,88,add,DOCUMENTATION,G02-A12,2026-05-01T17:26:10.113Z
G02,88,add,Backlog,G02-A12,2026-05-01T17:26:17.478Z
G02,88,add,Doing,G02-A12,2026-05-01T17:26:35.341Z
G02,88,remove,Backlog,G02-A12,2026-05-01T17:26:35.341Z
G02,88,add,Waiting Review,G02-A12,2026-05-01T17:44:05.208Z
G02,88,remove,Doing,G02-A12,2026-05-01T17:44:05.208Z
G02,88,add,Review,[externo],2026-05-01T19:35:15.032Z
G02,88,remove,Waiting Review,[externo],2026-05-01T19:35:15.032Z
G02,88,remove,Review,[externo],2026-05-01T19:51:02.680Z
G02,89,add,DOCUMENTATION,G02-A12,2026-05-01T20:56:06.732Z
G02,89,add,SIZE_PP,G02-A12,2026-05-01T20:56:06.732Z
G02,89,add,ART. 1,G02-A12,2026-05-01T20:56:06.732Z
G02,89,add,Backlog,G02-A12,2026-05-01T20:56:16.561Z
G02,89,add,Doing,G02-A12,2026-05-01T20:56:19.660Z
G02,89,remove,Backlog,G02-A12,2026-05-01T20:56:19.660Z
G02,89,add,Waiting Review,G02-A12,2026-05-01T21:00:46.138Z
G02,89,remove,Doing,G02-A12,2026-05-01T21:00:46.138Z
G02,89,add,Review,G02-A15,2026-05-01T21:02:34.985Z
G02,89,remove,Waiting Review,G02-A15,2026-05-01T21:02:34.985Z
G02,89,remove,Review,G02-A15,2026-05-01T21:03:30.635Z
G02,90,add,DOCUMENTATION,G02-A12,2026-05-02T00:49:08.403Z
G02,90,add,SIZE_M,G02-A12,2026-05-02T00:49:08.403Z
G02,90,add,ART. 3,G02-A12,2026-05-02T00:49:08.403Z
G02,90,add,Backlog,G02-A12,2026-05-02T00:49:16.464Z
G02,90,add,Doing,G02-A12,2026-05-02T00:49:18.335Z
G02,90,remove,Backlog,G02-A12,2026-05-02T00:49:18.335Z
G02,90,add,Waiting Review,G02-A12,2026-05-02T00:53:40.513Z
G02,90,remove,Doing,G02-A12,2026-05-02T00:53:40.513Z
G02,90,add,Review,G02-A15,2026-05-02T00:55:54.690Z
G02,90,remove,Waiting Review,G02-A15,2026-05-02T00:55:54.690Z
G02,90,remove,Review,G02-A15,2026-05-02T00:58:26.507Z
G02,91,add,DOCUMENTATION,G02-A12,2026-05-03T20:55:48.816Z
G02,91,add,SIZE_PP,G02-A12,2026-05-03T20:55:48.816Z
G02,91,add,ART. 2,G02-A12,2026-05-03T20:55:48.816Z
G02,91,add,Backlog,G02-A12,2026-05-03T20:56:08.701Z
G02,91,add,Doing,G02-A12,2026-05-03T20:56:10.697Z
G02,91,remove,Backlog,G02-A12,2026-05-03T20:56:10.697Z
G02,91,add,Waiting Review,G02-A12,2026-05-03T20:57:56.693Z
G02,91,remove,Doing,G02-A12,2026-05-03T20:57:56.693Z
G02,91,add,Review,[externo],2026-05-04T14:07:20.611Z
G02,91,remove,Waiting Review,[externo],2026-05-04T14:07:20.611Z
G02,91,remove,Review,[externo],2026-05-04T14:09:12.958Z
G02,92,add,DOCUMENTATION,G02-A14,2026-05-04T17:34:44.636Z
G02,92,add,DESIGN,G02-A14,2026-05-04T17:34:44.636Z
G02,92,add,SIZE_M,G02-A14,2026-05-04T17:34:44.636Z
G02,92,add,ART. 4,G02-A14,2026-05-04T17:34:44.636Z
G02,92,remove,DESIGN,G02-A14,2026-05-04T17:34:52.786Z
G02,92,add,Doing,G02-A14,2026-05-04T17:34:58.889Z
G02,92,add,Waiting Review,G02-A14,2026-05-04T19:34:52.386Z
G02,92,remove,Doing,G02-A14,2026-05-04T19:34:52.386Z
G02,92,add,Review,[externo],2026-05-13T18:04:48.729Z
G02,92,remove,Waiting Review,[externo],2026-05-13T18:04:48.729Z
G02,92,remove,Review,[externo],2026-05-13T18:17:41.230Z
G02,93,add,DOCUMENTATION,G02-A19,2026-05-04T17:35:10.974Z
G02,93,add,ART. 5,G02-A19,2026-05-04T17:35:42.724Z
G02,93,add,SIZE_G,G02-A19,2026-05-11T17:16:22.137Z
G02,93,add,Backlog,G02-A19,2026-05-11T17:16:27.571Z
G02,93,add,Doing,G02-A19,2026-05-11T17:17:53.174Z
G02,93,remove,Backlog,G02-A19,2026-05-11T17:17:53.174Z
G02,93,add,Waiting Review,G02-A19,2026-05-11T18:57:05.610Z
G02,93,remove,Doing,G02-A19,2026-05-11T18:57:05.610Z
G02,93,add,Review,G02-A13,2026-05-13T18:13:23.898Z
G02,93,remove,Waiting Review,G02-A13,2026-05-13T18:13:23.898Z
G02,93,remove,Review,G02-A13,2026-05-13T18:41:46.844Z
G02,94,add,DOCUMENTATION,[externo],2026-05-04T17:35:16.840Z
G02,94,add,SIZE_M,[externo],2026-05-04T17:35:16.840Z
G02,94,add,ART. 5,[externo],2026-05-04T17:35:16.840Z
G02,94,add,Backlog,[externo],2026-05-05T17:32:28.279Z
G02,94,add,Doing,[externo],2026-05-05T17:32:30.515Z
G02,94,remove,Backlog,[externo],2026-05-05T17:32:30.515Z
G02,94,add,Waiting Review,[externo],2026-05-05T18:40:27.132Z
G02,94,remove,Doing,[externo],2026-05-05T18:40:27.132Z
G02,94,add,Review,G02-A18,2026-05-11T13:04:26.803Z
G02,94,remove,Waiting Review,G02-A18,2026-05-11T13:04:26.803Z
G02,94,remove,Review,G02-A18,2026-05-12T13:18:07.326Z
G02,95,add,ART. 5,G02-A16,2026-05-04T17:35:43.641Z
G02,95,add,DOCUMENTATION,G02-A16,2026-05-04T17:38:11.823Z
G02,95,add,Backlog,G02-A16,2026-05-05T17:42:05.932Z
G02,95,add,Doing,G02-A16,2026-05-05T17:42:08.894Z
G02,95,remove,Backlog,G02-A16,2026-05-05T17:42:08.894Z
G02,95,add,Waiting Review,G02-A16,2026-05-05T18:48:19.115Z
G02,95,remove,Doing,G02-A16,2026-05-05T18:48:19.115Z
G02,95,add,SIZE_P,G02-A16,2026-05-06T17:11:23.721Z
G02,95,add,Review,G02-A12,2026-05-16T00:53:46.030Z
G02,95,remove,Waiting Review,G02-A12,2026-05-16T00:53:46.030Z
G02,95,remove,Review,G02-A12,2026-05-16T01:40:20.590Z
G02,96,add,SIZE_M,G02-A15,2026-05-04T17:43:52.598Z
G02,96,add,Presentation,G02-A15,2026-05-04T17:43:52.598Z
G02,96,add,Backlog,G02-A13,2026-05-13T17:24:09.409Z
G02,96,add,Doing,G02-A13,2026-05-13T17:24:10.833Z
G02,96,remove,Backlog,G02-A13,2026-05-13T17:24:10.833Z
G02,96,add,Waiting Review,G02-A13,2026-05-13T18:02:13.811Z
G02,96,remove,Doing,G02-A13,2026-05-13T18:02:13.811Z
G02,96,add,Review,G02-A16,2026-05-15T18:07:52.789Z
G02,96,remove,Waiting Review,G02-A16,2026-05-15T18:07:52.789Z
G02,96,remove,Review,G02-A16,2026-05-15T18:21:45.703Z
G02,97,add,DOCUMENTATION,G02-A13,2026-05-04T17:36:30.630Z
G02,97,add,SIZE_G,G02-A13,2026-05-04T17:36:30.630Z
G02,97,add,ART. 5,G02-A13,2026-05-04T17:37:09.262Z
G02,97,add,Backlog,G02-A13,2026-05-05T18:05:32.457Z
G02,97,add,Doing,G02-A13,2026-05-05T18:05:42.661Z
G02,97,remove,Backlog,G02-A13,2026-05-05T18:05:42.661Z
G02,97,add,Waiting Review,G02-A13,2026-05-05T18:50:35.153Z
G02,97,remove,Doing,G02-A13,2026-05-05T18:50:35.153Z
G02,97,add,Review,G02-A12,2026-05-16T01:40:08.029Z
G02,97,remove,Waiting Review,G02-A12,2026-05-16T01:40:08.029Z
G02,97,remove,Review,G02-A12,2026-05-16T01:50:00.280Z
G02,98,add,DOCUMENTATION,G02-A16,2026-05-04T17:38:01.253Z
G02,98,add,ART. 4,G02-A16,2026-05-04T17:38:01.253Z
G02,98,add,Backlog,G02-A16,2026-06-09T17:00:54.781Z
G02,98,add,Doing,G02-A16,2026-06-09T17:01:03.494Z
G02,98,remove,Backlog,G02-A16,2026-06-09T17:01:03.494Z
G02,98,add,Waiting Review,G02-A16,2026-06-09T17:06:23.515Z
G02,98,remove,Doing,G02-A16,2026-06-09T17:06:23.515Z
G02,98,add,Review,G02-A12,2026-06-10T16:36:29.064Z
G02,98,remove,Waiting Review,G02-A12,2026-06-10T16:36:29.064Z
G02,98,remove,Review,G02-A12,2026-06-11T15:19:12.756Z
G02,99,add,ART. 4,G02-A12,2026-05-04T17:39:58.868Z
G02,99,add,DOCUMENTATION,G02-A12,2026-05-04T17:40:08.653Z
G02,99,add,SIZE_G,G02-A12,2026-05-04T17:40:08.653Z
G02,99,add,SIZE_M,G02-A12,2026-05-04T17:40:15.430Z
G02,99,remove,SIZE_G,G02-A12,2026-05-04T17:40:18.469Z
G02,99,add,Backlog,G02-A12,2026-05-06T17:06:31.880Z
G02,99,add,Doing,G02-A12,2026-05-06T17:06:34.665Z
G02,99,remove,Backlog,G02-A12,2026-05-06T17:06:34.665Z
G02,99,add,Waiting Review,G02-A12,2026-05-06T18:55:39.985Z
G02,99,remove,Doing,G02-A12,2026-05-06T18:55:39.985Z
G02,99,add,Review,G02-A15,2026-05-16T00:29:00.389Z
G02,99,remove,Waiting Review,G02-A15,2026-05-16T00:29:00.389Z
G02,99,remove,Review,G02-A15,2026-05-16T00:38:11.491Z
G02,100,add,DOCUMENTATION,G02-A12,2026-05-04T17:42:04.003Z
G02,100,add,SIZE_G,G02-A12,2026-05-04T17:42:04.003Z
G02,100,add,ART. 5,G02-A12,2026-05-04T17:42:04.003Z
G02,100,add,Backlog,G02-A12,2026-05-05T17:05:50.026Z
G02,100,add,Doing,G02-A12,2026-05-05T17:05:52.100Z
G02,100,remove,Backlog,G02-A12,2026-05-05T17:05:52.100Z
G02,100,add,Waiting Review,G02-A12,2026-05-05T18:47:18.071Z
G02,100,remove,Doing,G02-A12,2026-05-05T18:47:18.071Z
G02,100,add,Review,G02-A16,2026-05-15T18:22:44.559Z
G02,100,remove,Waiting Review,G02-A16,2026-05-15T18:22:44.559Z
G02,100,remove,Review,G02-A16,2026-05-15T18:52:52.125Z
G02,100,add,Review,G02-A15,2026-05-16T00:29:06.861Z
G02,101,add,ART. 4,G02-A15,2026-05-04T17:49:06.426Z
G02,101,add,ART. 5,G02-A15,2026-05-04T17:49:06.426Z
G02,101,add,SIZE_G,G02-A15,2026-05-04T17:51:42.887Z
G02,101,add,Backlog,G02-A19,2026-05-14T17:19:18.652Z
G02,101,remove,SIZE_G,G02-A19,2026-05-14T17:21:45.721Z
G02,101,add,SIZE_GG,G02-A19,2026-05-14T17:21:52.133Z
G02,101,add,Doing,G02-A19,2026-05-15T17:07:28.072Z
G02,101,remove,Backlog,G02-A19,2026-05-15T17:07:28.072Z
G02,101,add,Waiting Review,G02-A19,2026-05-15T21:52:21.773Z
G02,101,remove,Doing,G02-A19,2026-05-15T21:52:21.773Z
G02,101,add,Review,G02-A12,2026-05-16T01:09:18.766Z
G02,101,remove,Waiting Review,G02-A12,2026-05-16T01:09:18.766Z
G02,101,remove,Review,G02-A12,2026-05-16T01:49:52.129Z
G02,102,add,SIZE_M,G02-A15,2026-05-04T17:52:27.961Z
G02,102,add,DOCUMENTATION,G02-A15,2026-05-04T17:52:36.208Z
G02,102,add,Backlog,G02-A13,2026-05-06T16:59:51.368Z
G02,102,add,Doing,G02-A13,2026-05-06T16:59:54.269Z
G02,102,remove,Backlog,G02-A13,2026-05-06T16:59:54.269Z
G02,102,remove,SIZE_M,G02-A13,2026-05-06T17:29:56.190Z
G02,102,add,SIZE_P,G02-A13,2026-05-06T17:30:09.057Z
G02,102,add,Waiting Review,G02-A13,2026-05-06T17:30:13.438Z
G02,102,remove,Doing,G02-A13,2026-05-06T17:30:13.438Z
G02,102,add,Review,G02-A18,2026-05-06T17:31:37.423Z
G02,102,remove,Waiting Review,G02-A18,2026-05-06T17:31:37.423Z
G02,102,remove,Review,G02-A18,2026-05-06T18:55:53.177Z
G02,103,add,CODE_REVIEW,G02-A15,2026-05-04T17:53:57.813Z
G02,103,add,SIZE_M,G02-A15,2026-05-04T17:53:57.813Z
G02,103,add,Backlog,G02-A19,2026-05-06T17:31:26.833Z
G02,103,add,Doing,G02-A19,2026-05-06T17:31:29.269Z
G02,103,remove,Backlog,G02-A19,2026-05-06T17:31:29.269Z
G02,103,add,Waiting Review,G02-A19,2026-05-06T17:50:54.388Z
G02,103,remove,Doing,G02-A19,2026-05-06T17:50:54.388Z
G02,103,add,Review,G02-A16,2026-05-16T01:34:33.650Z
G02,103,remove,Waiting Review,G02-A16,2026-05-16T01:34:33.650Z
G02,103,remove,Review,G02-A16,2026-05-16T01:35:24.727Z
G02,103,add,Review,G02-A12,2026-05-16T01:40:03.545Z
G02,104,add,DOCUMENTATION,G02-A19,2026-05-05T17:12:40.267Z
G02,104,add,SIZE_G,G02-A19,2026-05-05T17:12:40.267Z
G02,104,add,Backlog,G02-A19,2026-05-05T17:12:55.193Z
G02,104,add,Doing,G02-A19,2026-05-05T17:13:04.443Z
G02,104,remove,Backlog,G02-A19,2026-05-05T17:13:04.443Z
G02,104,add,Waiting Review,G02-A19,2026-05-05T18:49:02.112Z
G02,104,remove,Doing,G02-A19,2026-05-05T18:49:02.112Z
G02,104,add,Review,G02-A14,2026-05-05T20:13:13.726Z
G02,104,remove,Waiting Review,G02-A14,2026-05-05T20:13:13.726Z
G02,104,remove,Review,G02-A14,2026-05-05T20:24:43.224Z
G02,105,add,DOCUMENTATION,G02-A18,2026-05-05T17:22:33.385Z
G02,105,add,SIZE_PP,G02-A18,2026-05-05T17:22:33.385Z
G02,105,add,ART. 3,G02-A18,2026-05-05T17:22:33.385Z
G02,105,add,Backlog,G02-A18,2026-05-05T17:23:00.357Z
G02,105,add,Doing,G02-A18,2026-05-05T17:23:03.802Z
G02,105,remove,Backlog,G02-A18,2026-05-05T17:23:03.802Z
G02,105,add,Waiting Review,G02-A18,2026-05-05T18:40:11.378Z
G02,105,remove,Doing,G02-A18,2026-05-05T18:40:11.378Z
G02,105,add,Review,G02-A15,2026-05-05T23:05:00.571Z
G02,105,remove,Waiting Review,G02-A15,2026-05-05T23:05:00.571Z
G02,105,remove,Review,G02-A15,2026-05-05T23:25:09.953Z
G02,106,add,ART. 4,G02-A15,2026-05-05T17:25:35.019Z
G02,106,add,DOCUMENTATION,G02-A15,2026-05-05T17:25:35.019Z
G02,106,add,SIZE_M,G02-A15,2026-05-05T17:25:35.019Z
G02,106,add,Backlog,G02-A15,2026-05-05T17:27:35.435Z
G02,106,add,Doing,G02-A15,2026-05-05T17:28:26.792Z
G02,106,remove,Backlog,G02-A15,2026-05-05T17:28:26.792Z
G02,106,add,Waiting Review,G02-A15,2026-05-05T18:51:22.866Z
G02,106,remove,Doing,G02-A15,2026-05-05T18:51:22.866Z
G02,106,add,Review,G02-A12,2026-05-15T19:22:24.114Z
G02,106,remove,Waiting Review,G02-A12,2026-05-15T19:22:24.114Z
G02,106,remove,Review,G02-A12,2026-05-16T01:40:16.522Z
G02,107,add,DOCUMENTATION,G02-A14,2026-05-05T17:27:01.684Z
G02,107,add,SIZE_G,G02-A14,2026-05-05T17:27:01.684Z
G02,107,add,ART. 4,G02-A14,2026-05-05T17:27:01.684Z
G02,107,add,Doing,G02-A14,2026-05-05T17:27:16.722Z
G02,107,add,Waiting Review,G02-A14,2026-05-05T18:50:49.897Z
G02,107,remove,Doing,G02-A14,2026-05-05T18:50:49.897Z
G02,107,add,Review,G02-A15,2026-05-05T23:27:07.668Z
G02,107,remove,Waiting Review,G02-A15,2026-05-05T23:27:07.668Z
G02,107,remove,Review,G02-A15,2026-05-05T23:41:13.677Z
G02,108,add,ART. 5,G02-A16,2026-05-05T17:32:26.813Z
G02,108,add,DOCUMENTATION,G02-A16,2026-05-05T17:32:26.813Z
G02,108,add,SIZE_P,G02-A16,2026-05-06T17:13:03.608Z
G02,108,add,Backlog,G02-A16,2026-05-06T17:13:09.374Z
G02,108,add,Doing,G02-A16,2026-05-06T17:13:49.909Z
G02,108,remove,Backlog,G02-A16,2026-05-06T17:13:49.909Z
G02,108,add,Waiting Review,G02-A16,2026-05-06T18:56:49.031Z
G02,108,remove,Doing,G02-A16,2026-05-06T18:56:49.031Z
G02,108,add,Review,G02-A12,2026-05-16T00:53:43.089Z
G02,108,remove,Waiting Review,G02-A12,2026-05-16T00:53:43.089Z
G02,108,remove,Review,G02-A12,2026-05-16T01:40:19.477Z
G02,109,add,ART. 5,[externo],2026-05-05T18:22:43.955Z
G02,109,add,DOCUMENTATION,[externo],2026-05-05T18:22:43.955Z
G02,109,add,Doing,[externo],2026-05-05T18:22:43.955Z
G02,109,add,SIZE_M,[externo],2026-05-05T18:22:43.955Z
G02,109,remove,ART. 5,[externo],2026-05-05T18:23:19.099Z
G02,109,remove,DOCUMENTATION,[externo],2026-05-05T18:23:19.099Z
G02,109,remove,Doing,[externo],2026-05-05T18:23:19.099Z
G02,109,remove,SIZE_M,[externo],2026-05-05T18:23:19.099Z
G02,109,add,Waiting Review,[externo],2026-05-05T18:23:40.924Z
G02,109,add,Review,G02-A15,2026-05-05T18:24:28.385Z
G02,109,remove,Waiting Review,G02-A15,2026-05-05T18:24:28.385Z
G02,109,remove,Review,G02-A15,2026-05-05T18:24:32.664Z
G02,110,add,DOCUMENTATION,[externo],2026-05-05T18:26:02.856Z
G02,110,add,SIZE_M,[externo],2026-05-05T18:26:02.856Z
G02,110,add,ART. 5,[externo],2026-05-05T18:26:02.856Z
G02,110,add,SIZE_G,[externo],2026-05-06T17:09:36.439Z
G02,110,remove,SIZE_M,[externo],2026-05-06T17:09:36.439Z
G02,110,add,Backlog,[externo],2026-05-06T17:09:40.933Z
G02,110,add,Doing,[externo],2026-05-06T17:09:43.270Z
G02,110,remove,Backlog,[externo],2026-05-06T17:09:43.270Z
G02,110,add,Waiting Review,[externo],2026-05-06T18:53:42.878Z
G02,110,remove,Doing,[externo],2026-05-06T18:53:42.878Z
G02,110,add,Review,G02-A18,2026-05-11T13:04:10.784Z
G02,110,remove,Waiting Review,G02-A18,2026-05-11T13:04:10.784Z
G02,110,remove,Review,G02-A18,2026-05-12T13:18:05.578Z
G02,111,add,Review,G02-A13,2026-05-06T16:58:58.589Z
G02,111,add,REQUIREMENTS,G02-A13,2026-05-06T16:58:58.589Z
G02,111,remove,Review,G02-A18,2026-05-06T17:31:40.738Z
G02,112,add,ART. 5,G02-A16,2026-05-06T17:10:32.493Z
G02,112,add,DOCUMENTATION,G02-A16,2026-05-06T17:10:32.493Z
G02,112,add,Doing,G02-A16,2026-05-13T17:21:19.371Z
G02,112,add,SIZE_G,G02-A16,2026-05-13T17:21:27.323Z
G02,112,add,Waiting Review,G02-A16,2026-05-14T13:11:16.713Z
G02,112,remove,Doing,G02-A16,2026-05-14T13:11:16.713Z
G02,112,add,Review,G02-A15,2026-05-16T00:28:09.271Z
G02,112,remove,Waiting Review,G02-A15,2026-05-16T00:28:09.271Z
G02,112,remove,Review,G02-A15,2026-05-16T00:38:07.428Z
G02,113,add,ART. 4,G02-A14,2026-05-06T17:12:22.369Z
G02,113,add,DOCUMENTATION,G02-A14,2026-05-06T17:12:22.369Z
G02,113,add,Doing,G02-A14,2026-05-06T17:12:22.369Z
G02,113,add,SIZE_M,G02-A14,2026-05-06T17:12:22.369Z
G02,113,add,Waiting Review,G02-A14,2026-05-06T18:55:20.273Z
G02,113,remove,Doing,G02-A14,2026-05-06T18:55:20.273Z
G02,113,add,Review,[externo],2026-05-13T18:04:45.437Z
G02,113,remove,Waiting Review,[externo],2026-05-13T18:04:45.437Z
G02,113,remove,Review,[externo],2026-05-13T18:17:40.444Z
G02,114,add,ART. 4,G02-A15,2026-05-06T17:18:48.156Z
G02,114,add,DOCUMENTATION,G02-A15,2026-05-06T17:18:48.156Z
G02,114,add,SIZE_M,G02-A15,2026-05-06T17:18:48.156Z
G02,114,add,Waiting Review,G02-A15,2026-05-06T17:18:48.156Z
G02,114,add,Backlog,G02-A15,2026-05-06T17:19:37.687Z
G02,114,remove,Waiting Review,G02-A15,2026-05-06T17:19:37.687Z
G02,114,add,Doing,G02-A15,2026-05-06T17:19:42.442Z
G02,114,remove,Backlog,G02-A15,2026-05-06T17:19:42.442Z
G02,114,add,Waiting Review,G02-A15,2026-05-06T18:56:35.992Z
G02,114,remove,Doing,G02-A15,2026-05-06T18:56:35.992Z
G02,114,add,Review,G02-A12,2026-05-15T19:22:21.661Z
G02,114,remove,Waiting Review,G02-A12,2026-05-15T19:22:21.661Z
G02,114,remove,Review,G02-A12,2026-05-16T01:11:45.885Z
G02,115,add,DOCUMENTATION,G02-A18,2026-05-06T17:26:20.959Z
G02,115,add,SIZE_M,G02-A18,2026-05-06T17:26:20.959Z
G02,115,add,ART. 5,G02-A18,2026-05-06T17:26:20.959Z
G02,115,add,Backlog,G02-A18,2026-05-06T17:26:37.906Z
G02,115,add,Doing,G02-A18,2026-05-06T17:26:40.982Z
G02,115,remove,Backlog,G02-A18,2026-05-06T17:26:40.982Z
G02,115,add,Waiting Review,G02-A18,2026-05-06T18:55:47.509Z
G02,115,remove,Doing,G02-A18,2026-05-06T18:55:47.509Z
G02,115,add,Review,G02-A14,2026-05-06T22:34:36.881Z
G02,115,remove,Waiting Review,G02-A14,2026-05-06T22:34:36.881Z
G02,115,remove,Review,G02-A14,2026-05-06T22:34:40.983Z
G02,116,add,DOCUMENTATION,G02-A19,2026-05-06T17:31:09.878Z
G02,116,add,SIZE_P,G02-A19,2026-05-06T17:31:09.878Z
G02,116,add,Waiting Review,G02-A19,2026-05-06T17:31:09.878Z
G02,116,add,Review,G02-A13,2026-05-13T12:05:16.068Z
G02,116,remove,Waiting Review,G02-A13,2026-05-13T12:05:16.068Z
G02,116,remove,Review,G02-A13,2026-05-13T12:05:21.585Z
G02,117,add,DOCUMENTATION,G02-A13,2026-05-06T17:53:10.852Z
G02,117,add,SIZE_G,G02-A13,2026-05-06T17:53:10.852Z
G02,117,add,Backlog,G02-A13,2026-05-06T17:53:22.449Z
G02,117,add,Doing,G02-A13,2026-05-06T17:53:23.855Z
G02,117,remove,Backlog,G02-A13,2026-05-06T17:53:23.855Z
G02,117,add,Waiting Review,G02-A13,2026-05-06T18:55:13.434Z
G02,117,remove,Doing,G02-A13,2026-05-06T18:55:13.434Z
G02,117,add,Review,G02-A12,2026-05-16T00:54:17.840Z
G02,117,remove,Waiting Review,G02-A12,2026-05-16T00:54:17.840Z
G02,117,remove,Review,G02-A12,2026-05-16T01:40:24.814Z
G02,118,add,DOCUMENTATION,G02-A19,2026-05-06T17:55:27.388Z
G02,118,add,SIZE_G,G02-A19,2026-05-06T17:55:27.388Z
G02,118,add,Backlog,G02-A19,2026-05-06T17:55:38.375Z
G02,118,add,Doing,G02-A19,2026-05-06T17:55:40.765Z
G02,118,remove,Backlog,G02-A19,2026-05-06T17:55:40.765Z
G02,118,add,Waiting Review,G02-A19,2026-05-06T18:56:42.307Z
G02,118,remove,Doing,G02-A19,2026-05-06T18:56:42.307Z
G02,118,add,Review,G02-A13,2026-05-12T12:51:17.277Z
G02,118,remove,Waiting Review,G02-A13,2026-05-12T12:51:17.277Z
G02,118,remove,Review,G02-A13,2026-05-12T12:51:22.724Z
G02,119,add,ART. 4,G02-A15,2026-05-07T10:32:09.172Z
G02,119,add,DESIGN,G02-A15,2026-05-07T10:32:29.220Z
G02,119,add,SIZE_M,G02-A15,2026-05-07T10:32:29.220Z
G02,119,add,Backlog,G02-A15,2026-05-07T10:34:36.388Z
G02,119,add,Doing,G02-A15,2026-05-07T17:02:25.166Z
G02,119,remove,Backlog,G02-A15,2026-05-07T17:02:25.166Z
G02,119,add,Waiting Review,G02-A15,2026-05-07T18:50:45.502Z
G02,119,remove,Doing,G02-A15,2026-05-07T18:50:45.502Z
G02,119,add,Review,G02-A12,2026-05-15T19:22:17.870Z
G02,119,remove,Waiting Review,G02-A12,2026-05-15T19:22:17.870Z
G02,119,remove,Review,G02-A12,2026-05-16T01:11:35.148Z
G02,120,add,DOCUMENTATION,G02-A19,2026-05-07T13:19:33.703Z
G02,120,add,SIZE_M,G02-A19,2026-05-07T13:19:33.703Z
G02,120,add,ART. 5,G02-A19,2026-05-07T13:19:33.703Z
G02,120,add,Backlog,G02-A19,2026-05-07T13:19:44.698Z
G02,120,add,Doing,G02-A19,2026-05-07T17:17:16.389Z
G02,120,remove,Backlog,G02-A19,2026-05-07T17:17:16.389Z
G02,120,add,Waiting Review,G02-A19,2026-05-07T18:29:04.662Z
G02,120,remove,Doing,G02-A19,2026-05-07T18:29:04.662Z
G02,120,add,Review,G02-A12,2026-05-08T01:40:23.643Z
G02,120,remove,Waiting Review,G02-A12,2026-05-08T01:40:23.643Z
G02,120,remove,Review,G02-A12,2026-05-08T03:03:08.864Z
G02,121,add,REQUIREMENTS,G02-A13,2026-05-07T17:17:06.192Z
G02,121,add,DOCUMENTATION,G02-A13,2026-05-07T17:17:06.192Z
G02,121,add,SIZE_M,G02-A13,2026-05-07T17:17:06.192Z
G02,121,add,Backlog,G02-A13,2026-05-07T17:18:26.488Z
G02,121,add,Doing,G02-A13,2026-05-07T18:19:54.865Z
G02,121,remove,Backlog,G02-A13,2026-05-07T18:19:54.865Z
G02,121,add,Waiting Review,G02-A13,2026-05-07T18:33:59.270Z
G02,121,remove,Doing,G02-A13,2026-05-07T18:33:59.270Z
G02,121,add,SIZE_P,G02-A13,2026-05-07T18:35:06.080Z
G02,121,remove,SIZE_M,G02-A13,2026-05-07T18:35:06.080Z
G02,121,remove,DOCUMENTATION,G02-A12,2026-05-07T18:54:20.270Z
G02,121,remove,REQUIREMENTS,G02-A12,2026-05-07T18:54:20.270Z
G02,121,remove,SIZE_P,G02-A12,2026-05-07T18:54:20.270Z
G02,121,remove,Waiting Review,G02-A12,2026-05-07T18:54:20.270Z
G02,121,add,Backlog,G02-A12,2026-05-07T18:55:35.226Z
G02,121,add,Doing,G02-A12,2026-05-07T18:55:37.891Z
G02,121,remove,Backlog,G02-A12,2026-05-07T18:55:37.891Z
G02,121,add,Waiting Review,G02-A12,2026-05-07T18:55:39.802Z
G02,121,remove,Doing,G02-A12,2026-05-07T18:55:39.802Z
G02,121,add,Review,[externo],2026-05-08T12:04:34.591Z
G02,121,remove,Waiting Review,[externo],2026-05-08T12:04:34.591Z
G02,121,remove,Review,[externo],2026-05-08T12:04:36.843Z
G02,122,add,ART. 5,G02-A16,2026-05-07T17:24:17.160Z
G02,122,add,DOCUMENTATION,G02-A16,2026-05-07T17:24:17.160Z
G02,122,add,Backlog,G02-A16,2026-05-07T17:27:22.861Z
G02,122,add,Doing,G02-A16,2026-05-07T17:27:25.064Z
G02,122,remove,Backlog,G02-A16,2026-05-07T17:27:25.064Z
G02,122,add,SIZE_M,G02-A16,2026-05-07T17:28:35.903Z
G02,122,add,Waiting Review,G02-A16,2026-05-07T18:52:23.972Z
G02,122,remove,Doing,G02-A16,2026-05-07T18:52:23.972Z
G02,122,add,Review,G02-A12,2026-05-16T00:53:41.799Z
G02,122,remove,Waiting Review,G02-A12,2026-05-16T00:53:41.799Z
G02,122,remove,Review,G02-A12,2026-05-16T01:40:21.852Z
G02,123,add,DOCUMENTATION,G02-A13,2026-05-07T17:31:38.317Z
G02,123,add,SIZE_G,G02-A13,2026-05-07T17:32:00.966Z
G02,123,add,ART. 4,G02-A13,2026-05-07T17:32:00.966Z
G02,123,add,Backlog,G02-A13,2026-05-07T17:32:10.344Z
G02,123,add,Doing,G02-A13,2026-05-07T18:19:56.820Z
G02,123,remove,Backlog,G02-A13,2026-05-07T18:19:56.820Z
G02,123,add,SIZE_P,G02-A13,2026-05-07T18:34:15.823Z
G02,123,remove,SIZE_G,G02-A13,2026-05-07T18:34:15.823Z
G02,123,remove,SIZE_P,G02-A13,2026-05-07T18:34:28.196Z
G02,123,add,SIZE_M,G02-A13,2026-05-07T18:34:36.612Z
G02,123,add,Waiting Review,G02-A13,2026-05-07T18:35:27.449Z
G02,123,remove,Doing,G02-A13,2026-05-07T18:35:27.449Z
G02,123,add,Review,G02-A12,2026-05-16T01:40:05.786Z
G02,123,remove,Waiting Review,G02-A12,2026-05-16T01:40:05.786Z
G02,123,remove,Review,G02-A12,2026-05-16T01:50:01.917Z
G02,124,add,DOCUMENTATION,G02-A18,2026-05-07T17:58:41.971Z
G02,124,add,SIZE_P,G02-A18,2026-05-07T17:58:41.971Z
G02,124,add,ART. 5,G02-A18,2026-05-07T17:58:41.971Z
G02,124,add,Backlog,G02-A18,2026-05-07T17:58:57.985Z
G02,124,add,Doing,G02-A18,2026-05-07T17:59:03.733Z
G02,124,remove,Backlog,G02-A18,2026-05-07T17:59:03.733Z
G02,124,add,Waiting Review,G02-A18,2026-05-07T18:51:12.758Z
G02,124,remove,Doing,G02-A18,2026-05-07T18:51:12.758Z
G02,124,add,Review,[externo],2026-05-11T12:49:53.274Z
G02,124,remove,Waiting Review,[externo],2026-05-11T12:49:53.274Z
G02,124,remove,Review,[externo],2026-05-11T16:02:59.398Z
G02,125,add,DOCUMENTATION,[externo],2026-05-07T17:59:11.905Z
G02,125,add,SIZE_M,[externo],2026-05-07T17:59:11.905Z
G02,125,add,ART. 5,[externo],2026-05-07T17:59:11.905Z
G02,125,add,Backlog,[externo],2026-05-07T17:59:22.241Z
G02,125,add,Doing,[externo],2026-05-07T17:59:25.972Z
G02,125,remove,Backlog,[externo],2026-05-07T17:59:25.972Z
G02,125,add,Waiting Review,[externo],2026-05-07T18:47:04.973Z
G02,125,remove,Doing,[externo],2026-05-07T18:47:04.973Z
G02,125,add,Review,G02-A18,2026-05-11T13:04:17.941Z
G02,125,remove,Waiting Review,G02-A18,2026-05-11T13:04:17.941Z
G02,125,remove,Review,G02-A18,2026-05-12T13:18:08.611Z
G02,126,add,SIZE_PP,G02-A19,2026-05-07T18:32:53.926Z
G02,126,add,Backlog,G02-A19,2026-05-07T18:33:12.606Z
G02,126,add,Doing,G02-A19,2026-05-07T18:33:18.746Z
G02,126,remove,Backlog,G02-A19,2026-05-07T18:33:18.746Z
G02,126,add,Waiting Review,G02-A19,2026-05-07T18:42:51.053Z
G02,126,remove,Doing,G02-A19,2026-05-07T18:42:51.053Z
G02,126,add,Review,G02-A12,2026-05-08T01:40:27.939Z
G02,126,remove,Waiting Review,G02-A12,2026-05-08T01:40:27.939Z
G02,126,remove,Review,G02-A12,2026-05-08T03:03:10.373Z
G02,127,add,REQUIREMENTS,G02-A13,2026-05-07T18:42:15.447Z
G02,127,add,DOCUMENTATION,G02-A13,2026-05-07T18:42:15.447Z
G02,127,add,SIZE_P,G02-A13,2026-05-07T18:42:15.447Z
G02,127,add,Backlog,G02-A13,2026-05-07T18:42:37.334Z
G02,127,add,Doing,G02-A13,2026-05-07T18:42:42.579Z
G02,127,remove,Backlog,G02-A13,2026-05-07T18:42:42.579Z
G02,127,add,Waiting Review,G02-A13,2026-05-07T18:47:54.118Z
G02,127,remove,Doing,G02-A13,2026-05-07T18:47:54.118Z
G02,127,add,Review,G02-A19,2026-05-07T18:50:08.919Z
G02,127,remove,Waiting Review,G02-A19,2026-05-07T18:50:08.919Z
G02,127,remove,Review,G02-A19,2026-05-07T19:04:03.874Z
G02,128,add,DOCUMENTATION,G02-A12,2026-05-07T18:51:26.851Z
G02,128,add,REQUIREMENTS,G02-A12,2026-05-07T18:51:26.851Z
G02,128,add,SIZE_P,G02-A12,2026-05-07T18:51:26.851Z
G02,128,add,Waiting Review,G02-A12,2026-05-07T18:51:26.851Z
G02,128,add,Review,G02-A12,2026-05-16T01:11:03.410Z
G02,128,remove,Waiting Review,G02-A12,2026-05-16T01:11:03.410Z
G02,128,remove,Review,G02-A12,2026-05-16T01:49:53.899Z
G02,129,add,DOCUMENTATION,G02-A12,2026-05-07T18:52:06.226Z
G02,129,add,SIZE_P,G02-A12,2026-05-07T18:52:06.226Z
G02,129,add,Waiting Review,G02-A12,2026-05-07T18:52:06.226Z
G02,129,remove,DOCUMENTATION,G02-A12,2026-05-07T18:54:55.326Z
G02,129,remove,SIZE_P,G02-A12,2026-05-07T18:54:55.326Z
G02,129,remove,Waiting Review,G02-A12,2026-05-07T18:54:55.326Z
G02,129,add,Backlog,G02-A12,2026-05-07T18:55:33.591Z
G02,129,add,Doing,G02-A12,2026-05-07T18:55:36.692Z
G02,129,remove,Backlog,G02-A12,2026-05-07T18:55:36.692Z
G02,129,add,Waiting Review,G02-A12,2026-05-07T18:55:41.174Z
G02,129,remove,Doing,G02-A12,2026-05-07T18:55:41.174Z
G02,129,add,Review,[externo],2026-05-08T12:04:37.798Z
G02,129,remove,Waiting Review,[externo],2026-05-08T12:04:37.798Z
G02,129,remove,Review,[externo],2026-05-08T12:04:38.771Z
G02,130,add,DESIGN,G02-A12,2026-05-07T18:58:10.539Z
G02,130,add,SIZE_G,G02-A12,2026-05-07T18:58:10.539Z
G02,130,add,ART. 4,G02-A12,2026-05-07T18:58:10.539Z
G02,130,add,Backlog,G02-A12,2026-05-07T18:58:16.365Z
G02,130,add,Doing,G02-A12,2026-05-07T18:58:18.550Z
G02,130,remove,Backlog,G02-A12,2026-05-07T18:58:18.550Z
G02,130,add,Waiting Review,G02-A12,2026-05-07T20:50:26.429Z
G02,130,remove,Doing,G02-A12,2026-05-07T20:50:26.429Z
G02,130,add,Review,G02-A16,2026-05-15T18:22:26.287Z
G02,130,remove,Waiting Review,G02-A16,2026-05-15T18:22:26.287Z
G02,130,remove,Review,G02-A16,2026-05-15T18:52:51.035Z
G02,130,add,Review,G02-A15,2026-05-16T00:28:54.903Z
G02,131,add,DOCUMENTATION,G02-A12,2026-05-08T03:03:51.905Z
G02,131,add,SIZE_PP,G02-A12,2026-05-08T03:03:51.905Z
G02,131,add,Backlog,G02-A12,2026-05-08T03:04:51.487Z
G02,131,add,Doing,G02-A12,2026-05-08T03:04:53.127Z
G02,131,remove,Backlog,G02-A12,2026-05-08T03:04:53.127Z
G02,131,add,Waiting Review,G02-A12,2026-05-08T03:14:00.621Z
G02,131,remove,Doing,G02-A12,2026-05-08T03:14:00.621Z
G02,131,add,Review,G02-A15,2026-05-16T00:28:52.019Z
G02,131,remove,Waiting Review,G02-A15,2026-05-16T00:28:52.019Z
G02,131,remove,Review,G02-A15,2026-05-16T00:38:11.904Z
G02,132,add,DESIGN,G02-A15,2026-05-08T03:50:19.524Z
G02,132,add,ART. 4,G02-A15,2026-05-08T03:50:19.524Z
G02,132,add,SIZE_GG,G02-A15,2026-05-08T03:50:19.524Z
G02,132,add,Backlog,G02-A15,2026-05-08T03:50:32.547Z
G02,132,add,Doing,G02-A15,2026-05-11T18:37:15.437Z
G02,132,remove,Backlog,G02-A15,2026-05-11T18:37:15.437Z
G02,132,add,Waiting Review,G02-A15,2026-05-12T08:27:52.936Z
G02,132,remove,Doing,G02-A15,2026-05-12T08:27:52.936Z
G02,132,add,Review,G02-A16,2026-05-15T18:23:01.832Z
G02,132,remove,Waiting Review,G02-A16,2026-05-15T18:23:01.832Z
G02,132,remove,Review,G02-A16,2026-05-15T18:52:49.871Z
G02,133,add,DESIGN,G02-A12,2026-05-08T03:12:18.526Z
G02,133,add,SIZE_M,G02-A12,2026-05-08T03:12:18.526Z
G02,133,add,ART. 4,G02-A12,2026-05-08T03:12:18.526Z
G02,133,add,Backlog,G02-A12,2026-05-08T03:13:55.417Z
G02,133,add,Doing,G02-A12,2026-05-08T03:13:58.507Z
G02,133,remove,Backlog,G02-A12,2026-05-08T03:13:58.507Z
G02,133,add,Waiting Review,G02-A12,2026-05-08T10:53:11.208Z
G02,133,remove,Doing,G02-A12,2026-05-08T10:53:11.208Z
G02,133,add,Review,G02-A15,2026-05-16T00:28:49.330Z
G02,133,remove,Waiting Review,G02-A15,2026-05-16T00:28:49.330Z
G02,133,remove,Review,G02-A15,2026-05-16T00:38:13.515Z
G02,134,add,DOCUMENTATION,G02-A12,2026-05-10T23:17:03.941Z
G02,134,add,ART. 5,G02-A12,2026-05-10T23:17:03.941Z
G02,134,add,SIZE_M,G02-A12,2026-05-10T23:17:20.052Z
G02,134,add,Backlog,G02-A12,2026-05-10T23:17:24.145Z
G02,134,add,Doing,G02-A12,2026-05-10T23:17:26.616Z
G02,134,remove,Backlog,G02-A12,2026-05-10T23:17:26.616Z
G02,134,add,Waiting Review,G02-A12,2026-05-11T12:17:41.042Z
G02,134,remove,Doing,G02-A12,2026-05-11T12:17:41.042Z
G02,134,add,Review,G02-A16,2026-05-15T18:22:50.827Z
G02,134,remove,Waiting Review,G02-A16,2026-05-15T18:22:50.827Z
G02,134,remove,Review,G02-A16,2026-05-15T18:52:53.242Z
G02,134,add,Review,G02-A15,2026-05-16T00:28:47.091Z
G02,135,add,DOCUMENTATION,G02-A18,2026-05-11T11:36:50.896Z
G02,135,add,SIZE_P,G02-A18,2026-05-11T11:36:50.896Z
G02,135,add,ART. 5,G02-A18,2026-05-11T11:36:50.896Z
G02,135,add,Backlog,G02-A18,2026-05-11T11:36:59.721Z
G02,135,add,Doing,G02-A18,2026-05-11T11:37:01.134Z
G02,135,remove,Backlog,G02-A18,2026-05-11T11:37:01.134Z
G02,135,add,Waiting Review,G02-A18,2026-05-11T12:39:51.079Z
G02,135,remove,Doing,G02-A18,2026-05-11T12:39:51.079Z
G02,135,add,Review,[externo],2026-05-11T12:49:50.287Z
G02,135,remove,Waiting Review,[externo],2026-05-11T12:49:50.287Z
G02,135,remove,Review,[externo],2026-05-11T16:02:58.367Z
G02,136,add,DOCUMENTATION,G02-A12,2026-05-11T14:07:17.405Z
G02,136,add,SIZE_P,G02-A12,2026-05-11T14:07:17.405Z
G02,136,add,Backlog,G02-A12,2026-05-11T14:08:28.321Z
G02,136,add,Doing,G02-A12,2026-05-11T14:08:30.150Z
G02,136,remove,Backlog,G02-A12,2026-05-11T14:08:30.150Z
G02,136,add,Waiting Review,G02-A12,2026-05-11T15:03:40.429Z
G02,136,remove,Doing,G02-A12,2026-05-11T15:03:40.429Z
G02,136,add,Review,G02-A16,2026-05-15T18:22:15.378Z
G02,136,remove,Waiting Review,G02-A16,2026-05-15T18:22:15.378Z
G02,136,remove,Review,G02-A16,2026-05-15T18:52:48.256Z
G02,136,add,Review,G02-A15,2026-05-16T00:28:37.784Z
G02,137,add,DESIGN,[externo],2026-05-11T14:41:05.090Z
G02,137,add,SIZE_P,[externo],2026-05-11T14:41:05.090Z
G02,137,add,ART. 6,[externo],2026-05-11T14:41:05.090Z
G02,137,add,Backlog,[externo],2026-05-11T14:41:36.651Z
G02,137,add,Doing,[externo],2026-05-11T14:42:34.855Z
G02,137,remove,Backlog,[externo],2026-05-11T14:42:34.855Z
G02,137,add,Waiting Review,[externo],2026-05-11T16:02:53.496Z
G02,137,remove,Doing,[externo],2026-05-11T16:02:53.496Z
G02,137,add,Review,G02-A12,2026-05-12T12:27:56.136Z
G02,137,remove,Waiting Review,G02-A12,2026-05-12T12:27:56.136Z
G02,137,remove,Review,G02-A12,2026-05-12T12:54:07.972Z
G02,138,add,DOCUMENTATION,G02-A12,2026-05-11T15:03:26.773Z
G02,138,add,SIZE_M,G02-A12,2026-05-11T15:03:26.773Z
G02,138,add,ART. 5,G02-A12,2026-05-11T15:03:26.773Z
G02,138,remove,ART. 5,G02-A12,2026-05-11T15:03:28.150Z
G02,138,add,Backlog,G02-A12,2026-05-11T15:03:36.113Z
G02,138,add,Doing,G02-A12,2026-05-11T15:03:42.129Z
G02,138,remove,Backlog,G02-A12,2026-05-11T15:03:42.129Z
G02,138,add,Waiting Review,G02-A12,2026-05-11T15:49:48.063Z
G02,138,remove,Doing,G02-A12,2026-05-11T15:49:48.063Z
G02,138,add,Review,G02-A15,2026-05-16T00:28:34.216Z
G02,138,remove,Waiting Review,G02-A15,2026-05-16T00:28:34.216Z
G02,138,remove,Review,G02-A15,2026-05-16T00:38:17.527Z
G02,139,add,DOCUMENTATION,[externo],2026-05-11T18:15:31.693Z
G02,139,add,SIZE_G,[externo],2026-05-11T18:15:31.693Z
G02,139,add,ART. 2,[externo],2026-05-11T18:15:31.693Z
G02,139,add,Backlog,[externo],2026-05-11T18:18:23.212Z
G02,139,add,Doing,[externo],2026-05-12T10:44:59.631Z
G02,139,remove,Backlog,[externo],2026-05-12T10:44:59.631Z
G02,139,add,Waiting Review,[externo],2026-05-12T12:27:53.368Z
G02,139,remove,Doing,[externo],2026-05-12T12:27:53.368Z
G02,139,add,Review,G02-A12,2026-05-12T12:28:04.065Z
G02,139,remove,Waiting Review,G02-A12,2026-05-12T12:28:04.065Z
G02,139,remove,Review,G02-A12,2026-05-12T12:54:09.385Z
G02,140,add,DOCUMENTATION,G02-A12,2026-05-11T18:44:28.471Z
G02,140,add,SIZE_G,G02-A12,2026-05-11T18:44:28.471Z
G02,140,add,ART. 5,G02-A12,2026-05-11T18:44:28.471Z
G02,140,add,Backlog,G02-A12,2026-05-11T18:44:37.122Z
G02,140,add,Doing,G02-A12,2026-05-11T18:44:39.303Z
G02,140,remove,Backlog,G02-A12,2026-05-11T18:44:39.303Z
G02,140,remove,DOCUMENTATION,G02-A12,2026-05-11T21:49:50.195Z
G02,140,remove,SIZE_G,G02-A12,2026-05-11T21:49:52.026Z
G02,140,add,DOCUMENTATION,G02-A12,2026-05-11T21:50:04.986Z
G02,140,add,SIZE_GG,G02-A12,2026-05-11T21:50:04.986Z
G02,140,add,Waiting Review,G02-A12,2026-05-12T03:16:38.448Z
G02,140,remove,Doing,G02-A12,2026-05-12T03:16:38.448Z
G02,140,add,Review,G02-A16,2026-05-15T18:22:56.151Z
G02,140,remove,Waiting Review,G02-A16,2026-05-15T18:22:56.151Z
G02,140,remove,Review,G02-A16,2026-05-15T18:52:54.283Z
G02,140,add,Review,G02-A15,2026-05-16T00:28:44.585Z
G02,141,add,DOCUMENTATION,G02-A14,2026-05-11T18:39:02.256Z
G02,141,add,SIZE_G,G02-A14,2026-05-11T18:39:02.256Z
G02,141,add,ART. 3,G02-A14,2026-05-11T18:39:02.256Z
G02,141,add,Doing,G02-A14,2026-05-11T18:39:23.600Z
G02,141,add,Waiting Review,G02-A14,2026-05-11T19:18:52.432Z
G02,141,remove,Doing,G02-A14,2026-05-11T19:18:52.432Z
G02,141,add,Review,[externo],2026-05-13T18:04:37.740Z
G02,141,remove,Waiting Review,[externo],2026-05-13T18:04:37.740Z
G02,141,remove,Review,[externo],2026-05-13T18:17:39.640Z
G02,142,add,SIZE_P,G02-A12,2026-05-12T03:19:22.353Z
G02,142,add,DOCUMENTATION,G02-A12,2026-05-12T03:19:41.382Z
G02,142,add,Backlog,G02-A12,2026-05-12T03:19:44.337Z
G02,142,add,Doing,G02-A12,2026-05-12T03:19:49.482Z
G02,142,remove,Backlog,G02-A12,2026-05-12T03:19:49.482Z
G02,142,add,Waiting Review,G02-A12,2026-05-12T05:04:13.413Z
G02,142,remove,Doing,G02-A12,2026-05-12T05:04:13.413Z
G02,142,add,Review,G02-A15,2026-05-16T00:28:34.232Z
G02,142,remove,Waiting Review,G02-A15,2026-05-16T00:28:34.232Z
G02,142,remove,Review,G02-A15,2026-05-16T00:38:15.242Z
G02,143,add,DOCUMENTATION,G02-A12,2026-05-12T03:25:28.576Z
G02,143,add,SIZE_M,G02-A12,2026-05-12T03:25:28.576Z
G02,143,add,ART. 5,G02-A12,2026-05-12T03:25:28.576Z
G02,143,add,Backlog,G02-A12,2026-05-12T03:25:38.014Z
G02,143,add,Doing,G02-A12,2026-05-12T03:25:41.005Z
G02,143,remove,Backlog,G02-A12,2026-05-12T03:25:41.005Z
G02,143,add,Waiting Review,G02-A12,2026-05-12T05:07:48.983Z
G02,143,remove,Doing,G02-A12,2026-05-12T05:07:48.983Z
G02,143,add,Review,G02-A16,2026-05-15T18:08:05.556Z
G02,143,remove,Waiting Review,G02-A16,2026-05-15T18:08:05.556Z
G02,143,remove,Review,G02-A16,2026-05-15T18:21:43.756Z
G02,143,add,Review,G02-A15,2026-05-16T00:28:33.320Z
G02,144,add,DOCUMENTATION,G02-A12,2026-05-12T11:02:53.592Z
G02,144,add,SIZE_M,G02-A12,2026-05-12T11:02:53.592Z
G02,144,add,ART. 5,G02-A12,2026-05-12T11:02:53.592Z
G02,144,add,Backlog,G02-A12,2026-05-12T11:03:00.462Z
G02,144,add,Doing,G02-A12,2026-05-12T11:03:03.344Z
G02,144,remove,Backlog,G02-A12,2026-05-12T11:03:03.344Z
G02,144,add,Waiting Review,G02-A12,2026-05-12T12:54:14.341Z
G02,144,remove,Doing,G02-A12,2026-05-12T12:54:14.341Z
G02,144,add,Review,G02-A16,2026-05-15T18:08:03.448Z
G02,144,remove,Waiting Review,G02-A16,2026-05-15T18:08:03.448Z
G02,144,remove,Review,G02-A16,2026-05-15T18:21:49.064Z
G02,144,add,Review,G02-A15,2026-05-16T00:28:34.076Z
G02,145,add,ART. 2,G02-A13,2026-05-12T12:52:50.932Z
G02,145,add,ART. 5,G02-A13,2026-05-12T12:52:50.932Z
G02,145,add,REQUIREMENTS,G02-A13,2026-05-12T12:53:19.663Z
G02,145,add,DOCUMENTATION,G02-A13,2026-05-12T12:53:19.663Z
G02,145,add,SIZE_G,G02-A13,2026-05-12T12:53:19.663Z
G02,145,add,Backlog,G02-A13,2026-05-12T12:53:35.635Z
G02,145,add,Doing,G02-A13,2026-05-12T12:53:38.431Z
G02,145,remove,Backlog,G02-A13,2026-05-12T12:53:38.431Z
G02,145,add,Waiting Review,G02-A13,2026-05-12T17:08:08.230Z
G02,145,remove,Doing,G02-A13,2026-05-12T17:08:08.230Z
G02,145,add,Review,G02-A19,2026-05-13T18:23:52.418Z
G02,145,remove,Waiting Review,G02-A19,2026-05-13T18:23:52.418Z
G02,145,remove,Review,G02-A19,2026-05-13T18:44:00.740Z
G02,146,add,SIZE_M,G02-A12,2026-05-12T13:32:52.472Z
G02,146,add,ART. 5,G02-A12,2026-05-12T13:32:52.472Z
G02,146,add,Backlog,G02-A12,2026-05-12T13:33:06.036Z
G02,146,add,DOCUMENTATION,G02-A12,2026-05-12T13:33:11.058Z
G02,146,add,Doing,G02-A12,2026-05-12T13:33:13.845Z
G02,146,remove,Backlog,G02-A12,2026-05-12T13:33:13.845Z
G02,146,add,Waiting Review,G02-A12,2026-05-12T18:50:11.343Z
G02,146,remove,Doing,G02-A12,2026-05-12T18:50:11.343Z
G02,146,add,Review,G02-A16,2026-05-15T18:08:01.609Z
G02,146,remove,Waiting Review,G02-A16,2026-05-15T18:08:01.609Z
G02,146,remove,Review,G02-A16,2026-05-15T18:21:50.648Z
G02,146,add,Review,G02-A15,2026-05-16T00:28:34.143Z
G02,147,add,DOCUMENTATION,G02-A19,2026-05-12T17:02:27.891Z
G02,147,add,SIZE_G,G02-A19,2026-05-12T17:02:27.891Z
G02,147,add,ART. 5,G02-A19,2026-05-12T17:02:27.891Z
G02,147,add,Backlog,G02-A19,2026-05-12T17:02:30.409Z
G02,147,add,Doing,G02-A19,2026-05-12T17:02:35.911Z
G02,147,remove,Backlog,G02-A19,2026-05-12T17:02:35.911Z
G02,147,add,Waiting Review,G02-A19,2026-05-12T18:50:50.360Z
G02,147,remove,Doing,G02-A19,2026-05-12T18:50:50.360Z
G02,147,add,Review,G02-A13,2026-05-13T18:13:27.111Z
G02,147,remove,Waiting Review,G02-A13,2026-05-13T18:13:27.111Z
G02,147,remove,Review,G02-A13,2026-05-13T18:41:44.996Z
G02,148,add,DOCUMENTATION,G02-A13,2026-05-12T17:08:52.811Z
G02,148,add,SIZE_G,G02-A13,2026-05-12T17:08:52.811Z
G02,148,add,ART. 2,G02-A13,2026-05-12T17:08:52.811Z
G02,148,add,ART. 5,G02-A13,2026-05-12T17:08:52.811Z
G02,148,add,Backlog,G02-A13,2026-05-12T17:09:02.428Z
G02,148,add,Doing,G02-A13,2026-05-12T17:09:03.717Z
G02,148,remove,Backlog,G02-A13,2026-05-12T17:09:03.717Z
G02,148,add,Waiting Review,G02-A13,2026-05-13T12:23:53.997Z
G02,148,remove,Doing,G02-A13,2026-05-13T12:23:53.997Z
G02,148,add,Review,G02-A19,2026-05-14T17:37:23.316Z
G02,148,remove,Waiting Review,G02-A19,2026-05-14T17:37:23.316Z
G02,148,remove,Review,G02-A19,2026-05-14T18:19:13.031Z
G02,149,add,ART. 5,G02-A16,2026-05-12T17:34:21.802Z
G02,149,add,DOCUMENTATION,G02-A16,2026-05-12T17:34:21.802Z
G02,149,add,SIZE_G,G02-A16,2026-05-12T17:35:18.712Z
G02,149,add,Backlog,G02-A16,2026-05-12T17:35:24.793Z
G02,149,add,Doing,G02-A16,2026-05-12T17:35:28.731Z
G02,149,remove,Backlog,G02-A16,2026-05-12T17:35:28.731Z
G02,149,add,Waiting Review,G02-A16,2026-05-13T17:19:11.811Z
G02,149,remove,Doing,G02-A16,2026-05-13T17:19:11.811Z
G02,149,add,Review,G02-A12,2026-05-16T00:53:39.301Z
G02,149,remove,Waiting Review,G02-A12,2026-05-16T00:53:39.301Z
G02,149,remove,Review,G02-A12,2026-05-16T01:40:23.238Z
G02,150,add,DOCUMENTATION,G02-A14,2026-05-12T17:35:16.965Z
G02,150,add,SIZE_G,G02-A14,2026-05-12T17:35:16.965Z
G02,150,add,ART. 2,G02-A14,2026-05-12T17:35:16.965Z
G02,150,add,Doing,G02-A14,2026-05-12T17:35:20.281Z
G02,150,add,Waiting Review,G02-A14,2026-05-12T21:50:34.171Z
G02,150,remove,Doing,G02-A14,2026-05-12T21:50:34.171Z
G02,150,add,Review,[externo],2026-05-13T18:04:34.333Z
G02,150,remove,Waiting Review,[externo],2026-05-13T18:04:34.333Z
G02,150,remove,Review,[externo],2026-05-13T18:17:38.504Z
G02,151,add,DESIGN,G02-A15,2026-05-12T17:35:34.624Z
G02,151,add,SIZE_G,G02-A15,2026-05-12T17:35:34.624Z
G02,151,add,ART. 4,G02-A15,2026-05-12T17:35:34.624Z
G02,151,add,Backlog,G02-A15,2026-05-12T17:36:02.945Z
G02,151,add,Doing,G02-A15,2026-05-12T17:36:06.182Z
G02,151,remove,Backlog,G02-A15,2026-05-12T17:36:06.182Z
G02,151,add,Waiting Review,G02-A15,2026-05-12T18:46:49.763Z
G02,151,remove,Doing,G02-A15,2026-05-12T18:46:49.763Z
G02,151,add,Review,G02-A16,2026-05-15T18:07:59.331Z
G02,151,remove,Waiting Review,G02-A16,2026-05-15T18:07:59.331Z
G02,151,remove,Review,G02-A16,2026-05-15T18:21:53.786Z
G02,152,add,SIZE_M,[externo],2026-05-12T17:48:40.801Z
G02,152,add,ART. 6,[externo],2026-05-12T17:48:40.801Z
G02,152,add,ART. 7,[externo],2026-05-12T17:48:40.801Z
G02,152,add,ART. 8,[externo],2026-05-12T17:48:40.801Z
G02,152,add,ART. 9,[externo],2026-05-12T17:48:40.801Z
G02,152,add,DESIGN,[externo],2026-05-12T17:48:52.079Z
G02,152,add,Backlog,[externo],2026-05-12T17:53:04.058Z
G02,152,add,Doing,[externo],2026-05-12T17:53:07.383Z
G02,152,remove,Backlog,[externo],2026-05-12T17:53:07.383Z
G02,152,add,Waiting Review,[externo],2026-05-12T18:41:34.292Z
G02,152,remove,Doing,[externo],2026-05-12T18:41:34.292Z
G02,152,add,Review,G02-A16,2026-05-15T18:23:17.728Z
G02,152,remove,Waiting Review,G02-A16,2026-05-15T18:23:17.728Z
G02,152,remove,Review,G02-A16,2026-05-15T18:52:47.102Z
G02,153,add,DOCUMENTATION,G02-A12,2026-05-13T00:55:25.226Z
G02,153,add,SIZE_M,G02-A12,2026-05-13T00:55:25.226Z
G02,153,add,ART. 5,G02-A12,2026-05-13T00:55:25.226Z
G02,153,add,Backlog,G02-A12,2026-05-13T00:55:32.399Z
G02,153,add,Doing,G02-A12,2026-05-13T00:55:36.354Z
G02,153,remove,Backlog,G02-A12,2026-05-13T00:55:36.354Z
G02,153,add,Waiting Review,G02-A12,2026-05-14T00:34:16.046Z
G02,153,remove,Doing,G02-A12,2026-05-14T00:34:16.046Z
G02,153,add,Review,G02-A16,2026-05-15T18:07:44.974Z
G02,153,remove,Waiting Review,G02-A16,2026-05-15T18:07:44.974Z
G02,153,remove,Review,G02-A16,2026-05-15T18:21:41.813Z
G02,153,add,Review,G02-A15,2026-05-16T00:28:14.883Z
G02,154,add,DOCUMENTATION,G02-A18,2026-05-13T17:18:40.448Z
G02,154,add,SIZE_M,G02-A18,2026-05-13T17:18:40.448Z
G02,154,add,ART. 5,G02-A18,2026-05-13T17:18:40.448Z
G02,154,add,Backlog,G02-A18,2026-05-13T17:18:48.434Z
G02,154,add,Doing,G02-A18,2026-05-13T17:18:52.106Z
G02,154,remove,Backlog,G02-A18,2026-05-13T17:18:52.106Z
G02,154,add,Waiting Review,G02-A18,2026-05-13T19:55:31.559Z
G02,154,remove,Doing,G02-A18,2026-05-13T19:55:31.559Z
G02,154,add,Review,G02-A12,2026-05-16T01:40:01.934Z
G02,154,remove,Waiting Review,G02-A12,2026-05-16T01:40:01.934Z
G02,154,remove,Review,G02-A12,2026-05-16T01:49:56.572Z
G02,155,add,DESIGN,G02-A15,2026-05-13T17:21:12.397Z
G02,155,add,ART. 5,G02-A15,2026-05-13T17:21:12.397Z
G02,155,add,SIZE_M,G02-A15,2026-05-13T17:21:35.776Z
G02,155,add,Backlog,G02-A15,2026-05-13T17:21:54.772Z
G02,155,add,Doing,G02-A15,2026-05-13T17:21:57.673Z
G02,155,remove,Backlog,G02-A15,2026-05-13T17:21:57.673Z
G02,155,add,Waiting Review,G02-A15,2026-05-14T05:05:02.137Z
G02,155,remove,Doing,G02-A15,2026-05-14T05:05:02.137Z
G02,155,add,Review,G02-A16,2026-05-15T18:23:49.196Z
G02,155,remove,Waiting Review,G02-A16,2026-05-15T18:23:49.196Z
G02,155,remove,Review,G02-A16,2026-05-15T18:52:45.276Z
G02,156,add,ART. 5,G02-A16,2026-05-13T17:21:04.194Z
G02,156,add,DOCUMENTATION,G02-A16,2026-05-13T17:21:04.194Z
G02,156,add,SIZE_G,G02-A16,2026-05-14T13:11:34.109Z
G02,156,add,Backlog,G02-A16,2026-05-14T13:11:35.839Z
G02,156,add,Doing,G02-A16,2026-05-14T13:11:40.676Z
G02,156,remove,Backlog,G02-A16,2026-05-14T13:11:40.676Z
G02,156,add,Waiting Review,G02-A16,2026-05-15T16:30:51.577Z
G02,156,remove,Doing,G02-A16,2026-05-15T16:30:51.577Z
G02,156,add,Review,G02-A15,2026-05-16T00:28:03.132Z
G02,156,remove,Waiting Review,G02-A15,2026-05-16T00:28:03.132Z
G02,156,remove,Review,G02-A15,2026-05-16T00:37:40.162Z
G02,157,add,Presentation,G02-A13,2026-05-13T17:23:28.513Z
G02,157,add,SIZE_M,G02-A13,2026-05-13T17:23:28.513Z
G02,157,add,Backlog,G02-A19,2026-05-27T17:45:10.529Z
G02,157,add,Doing,G02-A19,2026-05-27T17:45:27.537Z
G02,157,remove,Backlog,G02-A19,2026-05-27T17:45:27.537Z
G02,157,add,Waiting Review,G02-A19,2026-05-27T19:00:24.508Z
G02,157,remove,Doing,G02-A19,2026-05-27T19:00:24.508Z
G02,157,add,Review,G02-A12,2026-05-28T22:17:05.971Z
G02,157,remove,Waiting Review,G02-A12,2026-05-28T22:17:05.971Z
G02,157,remove,Review,G02-A12,2026-05-29T01:29:44.809Z
G02,158,add,ART. 5,G02-A19,2026-05-13T17:24:57.606Z
G02,158,add,DOCUMENTATION,G02-A19,2026-05-13T17:24:57.606Z
G02,158,add,SIZE_G,G02-A19,2026-05-13T17:24:57.606Z
G02,158,add,Waiting Review,G02-A19,2026-05-13T17:24:57.606Z
G02,158,add,Review,G02-A13,2026-05-13T23:49:59.936Z
G02,158,remove,Waiting Review,G02-A13,2026-05-13T23:49:59.936Z
G02,158,remove,Review,G02-A13,2026-05-13T23:50:24.621Z
G02,159,add,DOCUMENTATION,G02-A19,2026-05-13T17:26:36.572Z
G02,159,add,SIZE_G,G02-A19,2026-05-13T17:26:36.572Z
G02,159,add,ART. 5,G02-A19,2026-05-13T17:26:36.572Z
G02,159,add,Backlog,G02-A19,2026-05-13T17:26:49.278Z
G02,159,add,Doing,G02-A19,2026-05-13T17:27:24.512Z
G02,159,remove,Backlog,G02-A19,2026-05-13T17:27:24.512Z
G02,159,add,Waiting Review,G02-A19,2026-05-13T18:20:55.354Z
G02,159,remove,Doing,G02-A19,2026-05-13T18:20:55.354Z
G02,159,add,Review,G02-A13,2026-05-13T23:50:19.211Z
G02,159,remove,Waiting Review,G02-A13,2026-05-13T23:50:19.211Z
G02,159,remove,Review,G02-A13,2026-05-13T23:50:26.587Z
G02,160,add,DOCUMENTATION,[externo],2026-05-13T17:27:36.359Z
G02,160,add,SIZE_M,[externo],2026-05-13T17:27:36.359Z
G02,160,add,ART. 5,[externo],2026-05-13T17:27:36.359Z
G02,160,add,Backlog,[externo],2026-05-13T17:27:59.771Z
G02,160,add,Doing,[externo],2026-05-13T17:28:17.935Z
G02,160,remove,Backlog,[externo],2026-05-13T17:28:17.935Z
G02,160,add,Waiting Review,[externo],2026-05-13T18:22:02.408Z
G02,160,remove,Doing,[externo],2026-05-13T18:22:02.408Z
G02,160,add,Review,G02-A16,2026-05-13T18:22:47.645Z
G02,160,remove,Waiting Review,G02-A16,2026-05-13T18:22:47.645Z
G02,160,remove,Review,G02-A16,2026-05-13T18:38:58.987Z
G02,161,add,DOCUMENTATION,G02-A14,2026-05-13T17:27:50.302Z
G02,161,add,SIZE_G,G02-A14,2026-05-13T17:27:50.302Z
G02,161,add,ART. 5,G02-A14,2026-05-13T17:27:50.302Z
G02,161,add,Doing,G02-A14,2026-05-13T17:27:53.681Z
G02,161,add,Waiting Review,G02-A14,2026-05-13T19:43:13.538Z
G02,161,remove,Doing,G02-A14,2026-05-13T19:43:13.538Z
G02,161,add,Review,G02-A12,2026-05-16T01:40:04.666Z
G02,161,remove,Waiting Review,G02-A12,2026-05-16T01:40:04.666Z
G02,161,remove,Review,G02-A12,2026-05-16T01:49:59.254Z
G02,162,add,DOCUMENTATION,G02-A19,2026-05-13T18:44:13.363Z
G02,162,add,SIZE_M,G02-A19,2026-05-13T18:44:13.363Z
G02,162,add,ART. 5,G02-A19,2026-05-13T18:44:13.363Z
G02,162,add,Backlog,G02-A19,2026-05-13T18:44:25.944Z
G02,162,add,Doing,G02-A19,2026-05-13T18:44:28.379Z
G02,162,remove,Backlog,G02-A19,2026-05-13T18:44:28.379Z
G02,162,add,Waiting Review,G02-A19,2026-05-13T19:02:45.443Z
G02,162,remove,Doing,G02-A19,2026-05-13T19:02:45.443Z
G02,162,add,Review,G02-A12,2026-05-16T01:40:02.189Z
G02,162,remove,Waiting Review,G02-A12,2026-05-16T01:40:02.189Z
G02,162,remove,Review,G02-A12,2026-05-16T01:49:58.227Z
G02,163,add,DOCUMENTATION,G02-A19,2026-05-13T19:03:21.125Z
G02,163,add,SIZE_M,G02-A19,2026-05-13T19:03:21.125Z
G02,163,add,ART. 5,G02-A19,2026-05-13T19:03:21.125Z
G02,163,remove,SIZE_M,G02-A19,2026-05-14T17:22:07.410Z
G02,163,add,SIZE_P,G02-A19,2026-05-14T17:22:11.309Z
G02,163,add,Backlog,G02-A19,2026-05-14T17:22:14.327Z
G02,163,add,Doing,G02-A19,2026-05-14T17:22:17.941Z
G02,163,remove,Backlog,G02-A19,2026-05-14T17:22:17.941Z
G02,163,add,Waiting Review,G02-A19,2026-05-14T17:37:10.560Z
G02,163,remove,Doing,G02-A19,2026-05-14T17:37:10.560Z
G02,163,add,Review,G02-A12,2026-05-16T01:09:20.304Z
G02,163,remove,Waiting Review,G02-A12,2026-05-16T01:09:20.304Z
G02,163,remove,Review,G02-A12,2026-05-16T01:49:55.248Z
G02,164,add,DOCUMENTATION,G02-A12,2026-05-14T01:03:45.087Z
G02,164,add,SIZE_M,G02-A12,2026-05-14T01:03:45.087Z
G02,164,add,ART. 5,G02-A12,2026-05-14T01:03:45.087Z
G02,164,add,Backlog,G02-A12,2026-05-14T01:03:51.300Z
G02,164,add,Doing,G02-A12,2026-05-14T01:03:53.095Z
G02,164,remove,Backlog,G02-A12,2026-05-14T01:03:53.095Z
G02,164,add,Waiting Review,G02-A12,2026-05-14T03:31:42.803Z
G02,164,remove,Doing,G02-A12,2026-05-14T03:31:42.803Z
G02,164,add,Review,G02-A16,2026-05-15T18:07:43.564Z
G02,164,remove,Waiting Review,G02-A16,2026-05-15T18:07:43.564Z
G02,164,remove,Review,G02-A16,2026-05-15T18:14:20.771Z
G02,164,add,Review,G02-A15,2026-05-16T00:28:17.291Z
G02,165,add,SIZE_M,G02-A18,2026-05-14T12:35:11.042Z
G02,165,add,Presentation,G02-A18,2026-05-14T12:35:11.042Z
G02,165,add,Backlog,G02-A18,2026-05-14T12:35:21.734Z
G02,165,add,Doing,G02-A18,2026-05-14T12:35:24.689Z
G02,165,remove,Backlog,G02-A18,2026-05-14T12:35:24.689Z
G02,165,add,Waiting Review,G02-A18,2026-05-14T13:44:24.215Z
G02,165,remove,Doing,G02-A18,2026-05-14T13:44:24.215Z
G02,165,add,Review,G02-A12,2026-05-16T01:40:00.133Z
G02,165,remove,Waiting Review,G02-A12,2026-05-16T01:40:00.133Z
G02,165,remove,Review,G02-A12,2026-05-16T01:50:04.204Z
G02,166,add,ART. 4,G02-A19,2026-05-14T17:19:01.538Z
G02,166,add,ART. 5,G02-A19,2026-05-14T17:19:01.538Z
G02,166,add,SIZE_G,G02-A19,2026-05-14T17:19:01.538Z
G02,166,remove,SIZE_G,G02-A19,2026-05-14T17:22:21.127Z
G02,166,add,SIZE_GG,G02-A19,2026-05-14T17:22:26.999Z
G02,166,add,Backlog,G02-A15,2026-05-14T18:54:44.369Z
G02,166,add,Doing,G02-A15,2026-05-14T18:54:47.050Z
G02,166,remove,Backlog,G02-A15,2026-05-14T18:54:47.050Z
G02,166,add,Waiting Review,G02-A15,2026-05-14T20:24:42.794Z
G02,166,remove,Doing,G02-A15,2026-05-14T20:24:42.794Z
G02,166,add,Review,G02-A15,2026-05-14T20:36:18.668Z
G02,166,remove,Waiting Review,G02-A15,2026-05-14T20:36:18.668Z
G02,166,remove,Review,G02-A12,2026-05-16T01:40:14.267Z
G02,167,add,DOCUMENTATION,[externo],2026-05-14T17:27:02.674Z
G02,167,add,SIZE_M,[externo],2026-05-14T17:27:02.674Z
G02,167,add,ART. 5,[externo],2026-05-14T17:27:02.674Z
G02,167,add,Backlog,[externo],2026-05-14T17:27:47.230Z
G02,167,add,Doing,[externo],2026-05-14T17:28:02.481Z
G02,167,remove,Backlog,[externo],2026-05-14T17:28:02.481Z
G02,167,add,Waiting Review,[externo],2026-05-15T02:42:51.232Z
G02,167,remove,Doing,[externo],2026-05-15T02:42:51.232Z
G02,167,add,Review,G02-A15,2026-05-15T10:55:19.400Z
G02,167,remove,Waiting Review,G02-A15,2026-05-15T10:55:19.400Z
G02,167,remove,Review,G02-A15,2026-05-15T10:58:47.060Z
G02,168,add,DOCUMENTATION,G02-A19,2026-05-14T18:20:30.085Z
G02,168,add,SIZE_M,G02-A19,2026-05-14T18:20:30.085Z
G02,168,add,ART. 5,G02-A19,2026-05-14T18:20:30.085Z
G02,168,add,Backlog,G02-A19,2026-05-14T18:20:36.652Z
G02,168,add,Doing,G02-A19,2026-05-14T18:20:39.282Z
G02,168,remove,Backlog,G02-A19,2026-05-14T18:20:39.282Z
G02,168,add,Waiting Review,G02-A19,2026-05-14T18:57:43.523Z
G02,168,remove,Doing,G02-A19,2026-05-14T18:57:43.523Z
G02,168,add,Review,G02-A15,2026-05-16T00:28:06.824Z
G02,168,remove,Waiting Review,G02-A15,2026-05-16T00:28:06.824Z
G02,168,remove,Review,G02-A15,2026-05-16T00:38:05.687Z
G02,169,add,ART. 5,G02-A12,2026-05-14T23:44:06.225Z
G02,169,add,DOCUMENTATION,G02-A12,2026-05-14T23:46:13.908Z
G02,169,add,SIZE_M,G02-A12,2026-05-14T23:46:13.908Z
G02,169,add,Backlog,G02-A12,2026-05-14T23:46:41.858Z
G02,169,add,Doing,G02-A12,2026-05-14T23:46:44.952Z
G02,169,remove,Backlog,G02-A12,2026-05-14T23:46:44.952Z
G02,169,add,Waiting Review,G02-A12,2026-05-15T18:51:50.814Z
G02,169,remove,Doing,G02-A12,2026-05-15T18:51:50.814Z
G02,169,add,Review,G02-A15,2026-05-16T00:38:27.832Z
G02,169,remove,Waiting Review,G02-A15,2026-05-16T00:38:27.832Z
G02,169,remove,Review,G02-A15,2026-05-16T00:48:20.860Z
G02,170,add,DOCUMENTATION,G02-A13,2026-05-15T12:20:48.608Z
G02,170,add,SIZE_M,G02-A13,2026-05-15T12:20:48.608Z
G02,170,add,ART. 4,G02-A13,2026-05-15T12:20:48.608Z
G02,170,add,ART. 5,G02-A13,2026-05-15T12:20:48.608Z
G02,170,add,Backlog,G02-A13,2026-05-15T12:20:58.794Z
G02,170,add,Doing,G02-A13,2026-05-15T12:21:00.550Z
G02,170,remove,Backlog,G02-A13,2026-05-15T12:21:00.550Z
G02,170,add,Waiting Review,G02-A13,2026-05-15T14:12:02.258Z
G02,170,remove,Doing,G02-A13,2026-05-15T14:12:02.258Z
G02,170,add,Review,G02-A12,2026-05-16T01:40:06.903Z
G02,170,remove,Waiting Review,G02-A12,2026-05-16T01:40:06.903Z
G02,170,remove,Review,G02-A12,2026-05-16T01:49:59.599Z
G02,171,add,ART. 4,G02-A15,2026-05-15T17:53:08.892Z
G02,171,add,DOCUMENTATION,G02-A15,2026-05-15T17:53:27.727Z
G02,171,add,DESIGN,G02-A15,2026-05-15T17:53:27.727Z
G02,171,add,SIZE_G,G02-A15,2026-05-15T17:53:35.368Z
G02,171,add,Backlog,G02-A15,2026-05-15T17:53:55.843Z
G02,171,add,Doing,G02-A15,2026-05-15T17:53:57.653Z
G02,171,remove,Backlog,G02-A15,2026-05-15T17:53:57.653Z
G02,171,add,Waiting Review,G02-A15,2026-05-15T21:24:08.870Z
G02,171,remove,Doing,G02-A15,2026-05-15T21:24:08.870Z
G02,171,add,Review,G02-A12,2026-05-16T00:53:32.850Z
G02,171,remove,Waiting Review,G02-A12,2026-05-16T00:53:32.850Z
G02,171,remove,Review,G02-A12,2026-05-16T01:40:15.577Z
G02,172,add,DOCUMENTATION,G02-A12,2026-05-15T18:52:52.461Z
G02,172,add,SIZE_G,G02-A12,2026-05-15T18:52:52.461Z
G02,172,add,ART. 5,G02-A12,2026-05-15T18:52:52.461Z
G02,172,add,Backlog,G02-A12,2026-05-15T18:52:58.043Z
G02,172,add,Doing,G02-A12,2026-05-15T18:52:59.572Z
G02,172,remove,Backlog,G02-A12,2026-05-15T18:52:59.572Z
G02,172,add,Waiting Review,G02-A12,2026-05-15T19:18:08.871Z
G02,172,remove,Doing,G02-A12,2026-05-15T19:18:08.871Z
G02,172,add,Review,G02-A15,2026-05-16T00:38:26.110Z
G02,172,remove,Waiting Review,G02-A15,2026-05-16T00:38:26.110Z
G02,172,remove,Review,G02-A15,2026-05-16T00:48:22.694Z
G02,173,add,ART. 5,G02-A12,2026-05-15T19:18:32.669Z
G02,173,add,DOCUMENTATION,G02-A12,2026-05-15T19:18:40.308Z
G02,173,add,SIZE_PP,G02-A12,2026-05-15T19:18:40.308Z
G02,173,add,Backlog,G02-A12,2026-05-15T19:18:50.491Z
G02,173,add,Doing,G02-A12,2026-05-15T19:18:53.365Z
G02,173,remove,Backlog,G02-A12,2026-05-15T19:18:53.365Z
G02,173,add,Waiting Review,G02-A12,2026-05-15T19:28:26.482Z
G02,173,remove,Doing,G02-A12,2026-05-15T19:28:26.482Z
G02,173,add,Review,G02-A15,2026-05-16T00:38:24.180Z
G02,173,remove,Waiting Review,G02-A15,2026-05-16T00:38:24.180Z
G02,173,remove,Review,G02-A15,2026-05-16T00:48:24.405Z
G02,174,add,Backlog,G02-A12,2026-05-16T01:17:14.038Z
G02,174,add,Doing,G02-A12,2026-05-16T01:17:15.527Z
G02,174,remove,Backlog,G02-A12,2026-05-16T01:17:15.527Z
G02,174,add,DOCUMENTATION,G02-A12,2026-05-16T01:39:46.262Z
G02,174,add,SIZE_PP,G02-A12,2026-05-16T01:39:46.262Z
G02,174,add,ART. 5,G02-A12,2026-05-16T01:39:46.262Z
G02,174,add,Waiting Review,G02-A12,2026-05-16T01:39:53.727Z
G02,174,remove,Doing,G02-A12,2026-05-16T01:39:53.727Z
G02,174,add,Review,G02-A15,2026-05-16T01:50:11.750Z
G02,174,remove,Waiting Review,G02-A15,2026-05-16T01:50:11.750Z
G02,174,remove,Review,G02-A15,2026-05-16T01:53:24.162Z
G02,175,add,DOCUMENTATION,G02-A12,2026-05-16T01:28:59.191Z
G02,175,add,SIZE_PP,G02-A12,2026-05-16T01:28:59.191Z
G02,175,add,ART. 5,G02-A12,2026-05-16T01:28:59.191Z
G02,175,add,SIZE_GG,G02-A12,2026-05-16T01:28:59.191Z
G02,175,remove,SIZE_GG,G02-A12,2026-05-16T01:29:01.197Z
G02,175,add,Backlog,G02-A12,2026-05-16T01:29:09.047Z
G02,175,add,Doing,G02-A12,2026-05-16T01:29:11.302Z
G02,175,remove,Backlog,G02-A12,2026-05-16T01:29:11.302Z
G02,175,add,Waiting Review,G02-A12,2026-05-16T01:39:30.003Z
G02,175,remove,Doing,G02-A12,2026-05-16T01:39:30.003Z
G02,175,add,Review,G02-A15,2026-05-16T01:50:10.034Z
G02,175,remove,Waiting Review,G02-A15,2026-05-16T01:50:10.034Z
G02,175,remove,Review,G02-A15,2026-05-16T01:53:23.519Z
G02,176,add,Backlog,G02-A12,2026-05-16T01:53:47.874Z
G02,176,add,Doing,G02-A12,2026-05-16T01:53:49.826Z
G02,176,remove,Backlog,G02-A12,2026-05-16T01:53:49.826Z
G02,176,add,DOCUMENTATION,G02-A12,2026-05-16T01:54:01.688Z
G02,176,add,ART. 4,G02-A12,2026-05-16T01:54:01.688Z
G02,176,add,SIZE_PP,G02-A12,2026-05-16T01:54:06.694Z
G02,176,add,Waiting Review,G02-A15,2026-05-16T02:31:47.597Z
G02,176,remove,Doing,G02-A15,2026-05-16T02:31:47.597Z
G02,176,add,Review,G02-A15,2026-05-16T02:31:54.329Z
G02,176,remove,Waiting Review,G02-A15,2026-05-16T02:31:54.329Z
G02,176,remove,Review,G02-A15,2026-05-16T02:33:11.479Z
G02,177,add,ART. 4,G02-A12,2026-05-16T02:12:31.963Z
G02,177,add,DOCUMENTATION,G02-A12,2026-05-16T02:12:31.963Z
G02,177,add,Doing,G02-A12,2026-05-16T02:12:31.963Z
G02,177,add,SIZE_PP,G02-A12,2026-05-16T02:12:31.963Z
G02,177,add,Waiting Review,G02-A15,2026-05-16T02:31:49.404Z
G02,177,remove,Doing,G02-A15,2026-05-16T02:31:49.404Z
G02,177,add,Review,G02-A15,2026-05-16T02:31:55.514Z
G02,177,remove,Waiting Review,G02-A15,2026-05-16T02:31:55.514Z
G02,177,remove,Review,G02-A15,2026-05-16T02:33:13.673Z
G02,178,add,ART. 4,G02-A12,2026-05-16T02:15:05.592Z
G02,178,add,DOCUMENTATION,G02-A12,2026-05-16T02:15:05.592Z
G02,178,add,Doing,G02-A12,2026-05-16T02:15:05.592Z
G02,178,add,SIZE_PP,G02-A12,2026-05-16T02:15:05.592Z
G02,178,remove,ART. 4,G02-A12,2026-05-16T02:15:15.813Z
G02,178,add,Waiting Review,G02-A15,2026-05-16T02:31:50.422Z
G02,178,remove,Doing,G02-A15,2026-05-16T02:31:50.422Z
G02,178,add,Review,G02-A15,2026-05-16T02:31:56.803Z
G02,178,remove,Waiting Review,G02-A15,2026-05-16T02:31:56.803Z
G02,178,remove,Review,G02-A15,2026-05-16T02:33:10.316Z
G02,179,add,DESIGN,G02-A13,2026-05-18T17:25:30.849Z
G02,179,add,SIZE_M,G02-A13,2026-05-18T17:25:30.849Z
G02,179,add,ART. 7,G02-A13,2026-05-18T17:25:30.849Z
G02,179,add,Doing,G02-A13,2026-05-18T17:25:46.074Z
G02,179,add,Waiting Review,G02-A13,2026-05-18T18:56:34.718Z
G02,179,remove,Doing,G02-A13,2026-05-18T18:56:34.718Z
G02,179,add,Review,G02-A14,2026-05-19T18:10:09.491Z
G02,179,remove,Waiting Review,G02-A14,2026-05-19T18:10:09.491Z
G02,179,remove,Review,G02-A14,2026-05-19T18:10:18.839Z
G02,179,add,Review,G02-A13,2026-05-19T18:54:42.051Z
G02,180,add,DESIGN,G02-A18,2026-05-18T17:26:07.054Z
G02,180,add,SIZE_M,G02-A18,2026-05-18T17:26:07.054Z
G02,180,add,ART. 7,G02-A18,2026-05-18T17:26:07.054Z
G02,180,add,Backlog,G02-A18,2026-05-18T17:26:40.076Z
G02,180,add,Doing,G02-A18,2026-05-18T17:26:41.375Z
G02,180,remove,Backlog,G02-A18,2026-05-18T17:26:41.375Z
G02,180,add,Waiting Review,G02-A18,2026-05-18T23:33:33.061Z
G02,180,remove,Doing,G02-A18,2026-05-18T23:33:33.061Z
G02,180,add,Review,G02-A14,2026-05-19T18:10:11.793Z
G02,180,remove,Waiting Review,G02-A14,2026-05-19T18:10:11.793Z
G02,180,remove,Review,G02-A14,2026-05-19T18:10:20.125Z
G02,181,add,DOCUMENTATION,G02-A14,2026-05-18T17:43:41.383Z
G02,181,add,SIZE_M,G02-A14,2026-05-18T17:43:41.383Z
G02,181,add,ART. 9,G02-A14,2026-05-18T17:43:41.383Z
G02,181,add,Doing,G02-A14,2026-05-18T17:43:58.103Z
G02,181,add,Waiting Review,G02-A14,2026-05-18T18:57:04.312Z
G02,181,remove,Doing,G02-A14,2026-05-18T18:57:04.312Z
G02,181,add,Review,G02-A12,2026-05-19T13:10:26.328Z
G02,181,remove,Waiting Review,G02-A12,2026-05-19T13:10:26.328Z
G02,181,remove,Review,G02-A12,2026-05-19T18:51:12.970Z
G02,182,add,DOCUMENTATION,G02-A19,2026-05-18T17:51:58.420Z
G02,182,add,ART. 9,G02-A19,2026-05-18T17:51:58.420Z
G02,182,add,Backlog,G02-A19,2026-05-20T17:05:31.634Z
G02,182,add,SIZE_G,G02-A19,2026-05-25T17:48:38.969Z
G02,182,add,Doing,G02-A19,2026-05-25T17:48:46.542Z
G02,182,remove,Backlog,G02-A19,2026-05-25T17:48:46.542Z
G02,182,add,Waiting Review,G02-A19,2026-05-25T19:20:00.616Z
G02,182,remove,Doing,G02-A19,2026-05-25T19:20:00.616Z
G02,182,add,Review,G02-A13,2026-05-29T13:14:11.159Z
G02,182,remove,Waiting Review,G02-A13,2026-05-29T13:14:11.159Z
G02,182,remove,Review,G02-A13,2026-05-29T13:14:18.693Z
G02,183,add,Curso: Eng. Computação,G02-A15,2026-05-18T17:43:12.915Z
G02,183,add,ART. 9,G02-A15,2026-05-18T17:43:12.915Z
G02,183,remove,Curso: Eng. Computação,G02-A15,2026-05-18T17:43:17.888Z
G02,183,add,DOCUMENTATION,G02-A15,2026-05-18T17:44:01.346Z
G02,183,add,SIZE_M,G02-A15,2026-05-18T17:44:01.346Z
G02,183,add,Backlog,G02-A15,2026-05-18T17:44:53.847Z
G02,183,add,Doing,G02-A15,2026-05-18T17:45:00.044Z
G02,183,remove,Backlog,G02-A15,2026-05-18T17:45:00.044Z
G02,183,add,Waiting Review,G02-A15,2026-05-18T18:55:37.322Z
G02,183,remove,Doing,G02-A15,2026-05-18T18:55:37.322Z
G02,183,add,Review,G02-A15,2026-05-18T19:57:52.114Z
G02,183,remove,Waiting Review,G02-A15,2026-05-18T19:57:52.114Z
G02,183,add,Waiting Review,G02-A15,2026-05-19T09:03:53.604Z
G02,183,remove,Review,G02-A15,2026-05-19T09:03:53.604Z
G02,183,add,Review,G02-A12,2026-05-19T13:10:21.475Z
G02,183,remove,Waiting Review,G02-A12,2026-05-19T13:10:21.475Z
G02,183,remove,Review,G02-A12,2026-05-19T18:51:11.462Z
G02,184,add,DOCUMENTATION,G02-A19,2026-05-18T17:52:40.354Z
G02,184,add,ART. 9,G02-A19,2026-05-18T17:52:40.354Z
G02,184,add,Backlog,G02-A19,2026-05-20T17:05:29.670Z
G02,184,add,Doing,G02-A19,2026-05-29T18:31:40.682Z
G02,184,remove,Backlog,G02-A19,2026-05-29T18:31:40.682Z
G02,184,add,SIZE_PP,G02-A19,2026-05-29T18:32:03.719Z
G02,184,add,Waiting Review,G02-A19,2026-05-29T18:42:26.885Z
G02,184,remove,Doing,G02-A19,2026-05-29T18:42:26.885Z
G02,184,add,Review,G02-A12,2026-05-29T23:13:56.872Z
G02,184,remove,Waiting Review,G02-A12,2026-05-29T23:13:56.872Z
G02,184,remove,Review,G02-A12,2026-05-30T00:42:24.308Z
G02,185,add,DOCUMENTATION,G02-A19,2026-05-18T17:53:19.022Z
G02,185,add,ART. 9,G02-A19,2026-05-18T17:53:19.022Z
G02,185,add,Backlog,G02-A19,2026-05-20T17:05:28.151Z
G02,185,add,SIZE_PP,G02-A19,2026-05-29T18:33:34.293Z
G02,185,add,Doing,G02-A19,2026-05-29T18:42:30.151Z
G02,185,remove,Backlog,G02-A19,2026-05-29T18:42:30.151Z
G02,185,add,Waiting Review,G02-A19,2026-05-29T19:49:52.591Z
G02,185,remove,Doing,G02-A19,2026-05-29T19:49:52.591Z
G02,185,add,Review,G02-A12,2026-05-29T23:13:55.654Z
G02,185,remove,Waiting Review,G02-A12,2026-05-29T23:13:55.654Z
G02,185,remove,Review,G02-A12,2026-05-30T00:42:23.156Z
G02,186,add,DOCUMENTATION,G02-A19,2026-05-18T17:53:57.616Z
G02,186,add,ART. 9,G02-A19,2026-05-18T17:53:57.616Z
G02,186,add,Backlog,G02-A19,2026-05-20T17:05:26.492Z
G02,186,add,SIZE_P,G02-A19,2026-05-29T18:32:20.591Z
G02,186,add,Doing,G02-A19,2026-05-29T23:31:43.206Z
G02,186,remove,Backlog,G02-A19,2026-05-29T23:31:43.206Z
G02,186,add,Waiting Review,G02-A19,2026-05-29T23:47:06.724Z
G02,186,remove,Doing,G02-A19,2026-05-29T23:47:06.724Z
G02,186,add,Review,G02-A15,2026-05-30T01:17:32.748Z
G02,186,remove,Waiting Review,G02-A15,2026-05-30T01:17:32.748Z
G02,186,remove,Review,G02-A12,2026-05-30T01:18:01.628Z
G02,187,add,DOCUMENTATION,G02-A19,2026-05-18T17:54:45.185Z
G02,187,add,ART. 9,G02-A19,2026-05-18T17:54:45.185Z
G02,187,add,Backlog,G02-A19,2026-05-20T17:05:22.097Z
G02,187,add,SIZE_PP,G02-A19,2026-05-29T18:32:38.074Z
G02,187,add,Doing,G02-A19,2026-05-29T23:21:19.162Z
G02,187,remove,Backlog,G02-A19,2026-05-29T23:21:19.162Z
G02,187,add,Waiting Review,G02-A19,2026-05-29T23:31:11.916Z
G02,187,remove,Doing,G02-A19,2026-05-29T23:31:11.916Z
G02,187,add,Review,G02-A15,2026-05-29T23:48:57.188Z
G02,187,remove,Waiting Review,G02-A15,2026-05-29T23:48:57.188Z
G02,187,remove,Review,G02-A15,2026-05-30T00:12:07.491Z
G02,188,add,ART. 9,G02-A19,2026-05-18T17:49:38.305Z
G02,188,add,DOCUMENTATION,G02-A19,2026-05-18T17:49:45.526Z
G02,188,add,Backlog,G02-A19,2026-05-20T17:05:17.040Z
G02,188,add,SIZE_P,G02-A19,2026-05-29T18:32:52.964Z
G02,188,add,Doing,G02-A19,2026-05-29T23:13:36.710Z
G02,188,remove,Backlog,G02-A19,2026-05-29T23:13:36.710Z
G02,188,add,Waiting Review,G02-A19,2026-05-29T23:21:16.777Z
G02,188,remove,Doing,G02-A19,2026-05-29T23:21:16.777Z
G02,188,add,Review,G02-A15,2026-05-29T23:24:38.306Z
G02,188,remove,Waiting Review,G02-A15,2026-05-29T23:24:38.306Z
G02,188,remove,Review,G02-A15,2026-05-29T23:30:57.232Z
G02,189,add,DOCUMENTATION,G02-A19,2026-05-18T17:49:25.141Z
G02,189,add,ART. 9,G02-A19,2026-05-18T17:49:25.141Z
G02,189,add,Backlog,G02-A19,2026-05-20T17:05:11.107Z
G02,189,add,SIZE_PP,G02-A19,2026-05-29T18:33:23.241Z
G02,189,add,Doing,G02-A19,2026-05-29T20:20:05.639Z
G02,189,remove,Backlog,G02-A19,2026-05-29T20:20:05.639Z
G02,189,add,Waiting Review,G02-A19,2026-05-29T20:28:10.301Z
G02,189,remove,Doing,G02-A19,2026-05-29T20:28:10.301Z
G02,189,add,Review,G02-A12,2026-05-29T23:13:52.183Z
G02,189,remove,Waiting Review,G02-A12,2026-05-29T23:13:52.183Z
G02,189,remove,Review,G02-A12,2026-05-30T00:42:20.225Z
G02,190,add,DOCUMENTATION,G02-A19,2026-05-18T17:48:44.812Z
G02,190,add,ART. 9,G02-A19,2026-05-18T17:48:44.812Z
G02,190,add,Backlog,G02-A19,2026-05-20T17:05:09.590Z
G02,190,add,SIZE_P,G02-A19,2026-05-29T18:33:09.812Z
G02,190,add,Doing,G02-A19,2026-05-29T22:59:54.994Z
G02,190,remove,Backlog,G02-A19,2026-05-29T22:59:54.994Z
G02,190,add,Waiting Review,G02-A19,2026-05-29T23:13:34.358Z
G02,190,remove,Doing,G02-A19,2026-05-29T23:13:34.358Z
G02,190,add,Review,G02-A12,2026-05-29T23:13:46.466Z
G02,190,remove,Waiting Review,G02-A12,2026-05-29T23:13:46.466Z
G02,190,remove,Review,G02-A12,2026-05-30T00:42:14.108Z
G02,191,add,DOCUMENTATION,G02-A19,2026-05-18T17:48:19.352Z
G02,191,add,ART. 9,G02-A19,2026-05-18T17:48:19.352Z
G02,191,remove,ART. 9,G02-A15,2026-05-19T17:35:02.578Z
G02,191,add,SIZE_P,G02-A15,2026-05-19T17:35:27.514Z
G02,191,add,Backlog,G02-A15,2026-05-19T17:35:59.740Z
G02,191,add,Doing,G02-A15,2026-05-19T17:36:02.664Z
G02,191,remove,Backlog,G02-A15,2026-05-19T17:36:02.664Z
G02,191,add,Waiting Review,G02-A15,2026-05-19T20:04:38.862Z
G02,191,remove,Doing,G02-A15,2026-05-19T20:04:38.862Z
G02,191,add,Review,G02-A14,2026-05-27T17:30:09.783Z
G02,191,remove,Waiting Review,G02-A14,2026-05-27T17:30:09.783Z
G02,191,remove,Review,G02-A14,2026-05-27T19:00:37.370Z
G02,192,add,DOCUMENTATION,G02-A19,2026-05-18T17:51:06.686Z
G02,192,add,ART. 9,G02-A19,2026-05-18T17:51:06.686Z
G02,192,add,Backlog,G02-A19,2026-05-20T17:05:32.816Z
G02,192,add,SIZE_M,G02-A19,2026-05-27T17:16:49.975Z
G02,192,add,Doing,G02-A19,2026-05-27T17:16:54.132Z
G02,192,remove,Backlog,G02-A19,2026-05-27T17:16:54.132Z
G02,192,add,Waiting Review,G02-A19,2026-05-27T17:39:48.368Z
G02,192,remove,Doing,G02-A19,2026-05-27T17:39:48.368Z
G02,192,add,Review,G02-A13,2026-05-28T17:49:07.880Z
G02,192,remove,Waiting Review,G02-A13,2026-05-28T17:49:07.880Z
G02,192,remove,Review,G02-A12,2026-05-29T01:29:36.830Z
G02,193,add,DOCUMENTATION,G02-A19,2026-05-18T17:57:04.851Z
G02,193,add,Backlog,G02-A19,2026-05-20T17:05:05.703Z
G02,193,add,Doing,G02-A15,2026-05-29T21:13:36.961Z
G02,193,remove,Backlog,G02-A15,2026-05-29T21:13:36.961Z
G02,193,add,Waiting Review,G02-A15,2026-05-29T22:17:40.596Z
G02,193,remove,Doing,G02-A15,2026-05-29T22:17:40.596Z
G02,193,add,Review,G02-A12,2026-05-30T01:17:50.893Z
G02,193,remove,Waiting Review,G02-A12,2026-05-30T01:17:50.893Z
G02,193,remove,Review,G02-A12,2026-05-30T01:38:25.667Z
G02,194,add,DOCUMENTATION,G02-A19,2026-05-18T18:31:19.723Z
G02,194,add,SIZE_M,G02-A19,2026-05-18T18:31:19.723Z
G02,194,add,Backlog,G02-A19,2026-05-18T18:31:28.610Z
G02,194,add,Doing,G02-A19,2026-05-18T18:31:29.970Z
G02,194,remove,Backlog,G02-A19,2026-05-18T18:31:29.970Z
G02,194,add,Waiting Review,G02-A19,2026-05-18T18:54:54.448Z
G02,194,remove,Doing,G02-A19,2026-05-18T18:54:54.448Z
G02,194,add,Review,G02-A15,2026-05-19T13:09:09.270Z
G02,194,remove,Waiting Review,G02-A15,2026-05-19T13:09:09.270Z
G02,194,remove,Review,G02-A15,2026-05-19T13:09:51.708Z
G02,195,add,Backlog,G02-A19,2026-05-19T12:10:09.587Z
G02,195,add,DOCUMENTATION,G02-A19,2026-05-19T12:10:22.764Z
G02,195,add,SIZE_M,G02-A19,2026-05-19T12:10:22.764Z
G02,195,add,Doing,G02-A19,2026-05-19T12:10:25.441Z
G02,195,remove,Backlog,G02-A19,2026-05-19T12:10:25.441Z
G02,195,add,Waiting Review,G02-A19,2026-05-19T13:12:19.106Z
G02,195,remove,Doing,G02-A19,2026-05-19T13:12:19.106Z
G02,195,add,Review,G02-A12,2026-05-28T22:17:40.007Z
G02,195,remove,Waiting Review,G02-A12,2026-05-28T22:17:40.007Z
G02,195,remove,Review,G02-A12,2026-05-29T01:29:40.225Z
G02,196,add,Backlog,G02-A19,2026-05-19T17:32:15.605Z
G02,196,add,Doing,G02-A19,2026-05-19T17:32:17.213Z
G02,196,remove,Backlog,G02-A19,2026-05-19T17:32:17.213Z
G02,196,add,DOCUMENTATION,G02-A19,2026-05-19T17:32:32.620Z
G02,196,add,SIZE_G,G02-A19,2026-05-19T17:32:47.273Z
G02,196,add,Waiting Review,G02-A19,2026-05-19T18:50:18.648Z
G02,196,remove,Doing,G02-A19,2026-05-19T18:50:18.648Z
G02,196,add,Review,G02-A15,2026-05-29T23:24:42.562Z
G02,196,remove,Waiting Review,G02-A15,2026-05-29T23:24:42.562Z
G02,196,remove,Review,G02-A15,2026-05-29T23:30:49.973Z
G02,197,add,DESIGN,G02-A18,2026-05-19T17:33:14.283Z
G02,197,add,SIZE_M,G02-A18,2026-05-19T17:33:14.283Z
G02,197,add,ART. 7,G02-A18,2026-05-19T17:33:14.283Z
G02,197,add,Backlog,G02-A18,2026-05-19T17:33:20.967Z
G02,197,add,Doing,G02-A18,2026-05-19T17:33:25.782Z
G02,197,remove,Backlog,G02-A18,2026-05-19T17:33:25.782Z
G02,197,add,Waiting Review,G02-A18,2026-05-19T18:55:01.190Z
G02,197,remove,Doing,G02-A18,2026-05-19T18:55:01.190Z
G02,197,add,Review,G02-A12,2026-05-27T17:31:52.120Z
G02,197,remove,Waiting Review,G02-A12,2026-05-27T17:31:52.120Z
G02,197,remove,Review,G02-A12,2026-05-28T00:56:10.141Z
G02,198,add,ART. 7,G02-A13,2026-05-19T17:34:26.987Z
G02,198,add,DESIGN,G02-A13,2026-05-19T17:34:26.987Z
G02,198,add,Doing,G02-A13,2026-05-19T17:34:26.987Z
G02,198,add,SIZE_M,G02-A13,2026-05-19T17:34:26.987Z
G02,198,remove,SIZE_M,G02-A13,2026-05-19T17:44:31.452Z
G02,198,add,SIZE_G,G02-A13,2026-05-19T17:44:40.483Z
G02,198,add,Waiting Review,G02-A13,2026-05-20T17:20:26.419Z
G02,198,remove,Doing,G02-A13,2026-05-20T17:20:26.419Z
G02,198,add,Review,G02-A12,2026-05-27T17:31:02.880Z
G02,198,remove,Waiting Review,G02-A12,2026-05-27T17:31:02.880Z
G02,198,remove,Review,G02-A12,2026-05-28T00:56:05.321Z
G02,199,add,ART. 9,G02-A15,2026-05-19T17:34:41.830Z
G02,199,add,DOCUMENTATION,G02-A15,2026-05-19T17:34:41.830Z
G02,199,add,Backlog,G02-A19,2026-05-20T17:05:07.937Z
G02,199,add,SIZE_P,G02-A19,2026-05-29T18:33:47.486Z
G02,199,add,Doing,G02-A19,2026-05-29T19:49:56.837Z
G02,199,remove,Backlog,G02-A19,2026-05-29T19:49:56.837Z
G02,199,add,Waiting Review,G02-A19,2026-05-29T20:05:24.404Z
G02,199,remove,Doing,G02-A19,2026-05-29T20:05:24.404Z
G02,199,add,Review,G02-A12,2026-05-29T23:13:54.118Z
G02,199,remove,Waiting Review,G02-A12,2026-05-29T23:13:54.118Z
G02,199,remove,Review,G02-A12,2026-05-30T00:42:21.587Z
G02,200,add,DOCUMENTATION,G02-A12,2026-05-19T17:35:44.597Z
G02,200,add,Doing,G02-A12,2026-05-19T17:35:44.597Z
G02,200,add,SIZE_G,G02-A12,2026-05-19T17:35:44.597Z
G02,200,add,Waiting Review,G02-A12,2026-05-19T18:51:21.726Z
G02,200,remove,Doing,G02-A12,2026-05-19T18:51:21.726Z
G02,200,add,Review,G02-A15,2026-05-30T01:17:40.125Z
G02,200,remove,Waiting Review,G02-A15,2026-05-30T01:17:40.125Z
G02,200,remove,Review,G02-A15,2026-05-30T01:38:14.483Z
G02,201,add,ART. 5,G02-A14,2026-05-19T18:00:58.995Z
G02,201,add,Doing,G02-A14,2026-05-19T18:01:03.589Z
G02,201,add,DOCUMENTATION,G02-A14,2026-05-19T18:01:21.434Z
G02,201,add,Waiting Review,G02-A14,2026-05-19T18:54:36.845Z
G02,201,remove,Doing,G02-A14,2026-05-19T18:54:36.845Z
G02,201,add,Review,G02-A15,2026-05-26T18:54:52.813Z
G02,201,remove,Waiting Review,G02-A15,2026-05-26T18:54:52.813Z
G02,201,remove,Review,G02-A15,2026-05-27T12:03:42.096Z
G02,202,add,ART. 8,G02-A15,2026-05-20T16:53:22.562Z
G02,202,add,CODE,G02-A15,2026-05-20T16:53:39.558Z
G02,202,add,SIZE_M,G02-A15,2026-05-20T16:53:39.558Z
G02,202,add,Backlog,G02-A15,2026-05-20T16:54:00.402Z
G02,202,add,Doing,G02-A15,2026-05-20T16:54:05.328Z
G02,202,remove,Backlog,G02-A15,2026-05-20T16:54:05.328Z
G02,202,add,Waiting Review,G02-A15,2026-05-20T19:39:27.299Z
G02,202,remove,Doing,G02-A15,2026-05-20T19:39:27.299Z
G02,202,add,Review,G02-A14,2026-05-27T17:29:57.669Z
G02,202,remove,Waiting Review,G02-A14,2026-05-27T17:29:57.669Z
G02,202,remove,Review,G02-A14,2026-05-27T19:00:57.630Z
G02,203,add,Backlog,G02-A19,2026-05-20T17:14:31.392Z
G02,203,add,Doing,G02-A19,2026-05-20T17:14:33.559Z
G02,203,remove,Backlog,G02-A19,2026-05-20T17:14:33.559Z
G02,203,add,CODE,G02-A19,2026-05-20T17:15:03.543Z
G02,203,add,SIZE_G,G02-A19,2026-05-20T17:15:03.543Z
G02,203,add,ART. 8,G02-A19,2026-05-20T17:15:13.642Z
G02,203,add,Waiting Review,G02-A19,2026-05-20T21:00:20.423Z
G02,203,remove,Doing,G02-A19,2026-05-20T21:00:20.423Z
G02,203,add,Review,G02-A14,2026-05-26T12:23:00.597Z
G02,203,remove,Waiting Review,G02-A14,2026-05-26T12:23:00.597Z
G02,203,remove,Review,G02-A14,2026-05-27T17:29:42.592Z
G02,204,add,DOCUMENTATION,G02-A12,2026-05-20T17:23:55.855Z
G02,204,add,ART. 8,G02-A12,2026-05-20T17:23:55.855Z
G02,204,add,SIZE_G,G02-A12,2026-05-20T17:24:00.775Z
G02,204,add,Backlog,G02-A12,2026-05-20T17:24:15.646Z
G02,204,add,Doing,G02-A12,2026-05-20T17:24:17.708Z
G02,204,remove,Backlog,G02-A12,2026-05-20T17:24:17.708Z
G02,204,add,Waiting Review,G02-A12,2026-05-20T21:27:39.987Z
G02,204,remove,Doing,G02-A12,2026-05-20T21:27:39.987Z
G02,204,add,Review,G02-A15,2026-05-30T01:17:41.285Z
G02,204,remove,Waiting Review,G02-A15,2026-05-30T01:17:41.285Z
G02,204,remove,Review,G02-A15,2026-05-30T01:38:12.894Z
G02,205,add,ART. 8,G02-A14,2026-05-20T17:23:57.681Z
G02,205,add,CODE,G02-A14,2026-05-20T17:23:57.681Z
G02,205,add,Doing,G02-A14,2026-05-20T17:23:57.681Z
G02,205,add,SIZE_G,G02-A14,2026-05-20T17:23:57.681Z
G02,205,add,Waiting Review,G02-A14,2026-05-21T01:19:28.950Z
G02,205,remove,Doing,G02-A14,2026-05-21T01:19:28.950Z
G02,205,add,Review,G02-A15,2026-05-26T18:54:49.737Z
G02,205,remove,Waiting Review,G02-A15,2026-05-26T18:54:49.737Z
G02,205,remove,Review,G02-A15,2026-05-27T12:03:40.931Z
G02,206,add,ART. 7,G02-A13,2026-05-20T17:29:01.825Z
G02,206,add,DESIGN,G02-A13,2026-05-20T17:29:01.825Z
G02,206,add,SIZE_G,G02-A13,2026-05-20T17:29:01.825Z
G02,206,add,Waiting Review,G02-A13,2026-05-20T17:29:01.825Z
G02,206,add,Doing,G02-A13,2026-05-20T17:29:45.828Z
G02,206,remove,Waiting Review,G02-A13,2026-05-20T17:29:45.828Z
G02,206,add,Waiting Review,G02-A13,2026-05-20T20:48:48.726Z
G02,206,remove,Doing,G02-A13,2026-05-20T20:48:48.726Z
G02,206,add,Review,G02-A12,2026-05-27T17:30:57.139Z
G02,206,remove,Waiting Review,G02-A12,2026-05-27T17:30:57.139Z
G02,206,remove,Review,G02-A12,2026-05-28T00:56:03.417Z
G02,207,add,DESIGN,G02-A18,2026-05-20T17:40:09.331Z
G02,207,add,SIZE_M,G02-A18,2026-05-20T17:40:09.331Z
G02,207,add,ART. 7,G02-A18,2026-05-20T17:40:09.331Z
G02,207,add,Backlog,G02-A18,2026-05-20T17:40:19.980Z
G02,207,add,Doing,G02-A18,2026-05-20T17:40:21.412Z
G02,207,remove,Backlog,G02-A18,2026-05-20T17:40:21.412Z
G02,207,remove,SIZE_M,G02-A18,2026-05-20T17:40:24.872Z
G02,207,add,SIZE_G,G02-A18,2026-05-20T17:40:36.158Z
G02,207,add,Waiting Review,G02-A18,2026-05-20T20:56:23.019Z
G02,207,remove,Doing,G02-A18,2026-05-20T20:56:23.019Z
G02,207,add,Review,G02-A13,2026-05-27T17:30:32.381Z
G02,207,remove,Waiting Review,G02-A13,2026-05-27T17:30:32.381Z
G02,207,remove,Review,G02-A13,2026-05-27T17:30:42.742Z
G02,208,add,Doing,G02-A14,2026-05-21T13:01:40.959Z
G02,208,add,Waiting Review,G02-A14,2026-05-21T17:11:20.663Z
G02,208,remove,Doing,G02-A14,2026-05-21T17:11:20.663Z
G02,208,add,Review,G02-A14,2026-05-21T17:12:37.433Z
G02,208,remove,Waiting Review,G02-A14,2026-05-21T17:12:37.433Z
G02,208,add,Waiting Review,G02-A14,2026-05-21T17:12:41.972Z
G02,208,remove,Review,G02-A14,2026-05-21T17:12:41.972Z
G02,208,add,Review,G02-A15,2026-05-26T18:54:44.713Z
G02,208,remove,Waiting Review,G02-A15,2026-05-26T18:54:44.713Z
G02,208,remove,Review,G02-A15,2026-05-27T12:03:49.212Z
G02,209,add,CODE,G02-A13,2026-05-21T13:03:03.274Z
G02,209,add,SIZE_G,G02-A13,2026-05-21T13:03:03.274Z
G02,209,add,ART. 8,G02-A13,2026-05-21T13:03:03.274Z
G02,209,add,Doing,G02-A13,2026-05-21T13:03:13.114Z
G02,209,add,Backlog,G02-A13,2026-05-21T13:03:16.339Z
G02,209,remove,Doing,G02-A13,2026-05-21T13:03:16.339Z
G02,209,add,Doing,G02-A13,2026-05-21T13:03:17.685Z
G02,209,remove,Backlog,G02-A13,2026-05-21T13:03:17.685Z
G02,209,add,Waiting Review,G02-A13,2026-05-21T18:36:51.342Z
G02,209,remove,Doing,G02-A13,2026-05-21T18:36:51.342Z
G02,209,add,Review,G02-A14,2026-05-26T12:23:42.633Z
G02,209,remove,Waiting Review,G02-A14,2026-05-26T12:23:42.633Z
G02,209,remove,Review,G02-A14,2026-05-27T17:29:36.195Z
G02,210,add,CODE,G02-A15,2026-05-21T13:11:30.873Z
G02,210,add,SIZE_G,G02-A15,2026-05-21T13:11:30.873Z
G02,210,add,ART. 8,G02-A15,2026-05-21T13:11:30.873Z
G02,210,add,Backlog,G02-A15,2026-05-21T13:11:41.019Z
G02,210,add,Doing,G02-A15,2026-05-21T13:11:43.648Z
G02,210,remove,Backlog,G02-A15,2026-05-21T13:11:43.648Z
G02,210,add,Waiting Review,G02-A15,2026-05-21T14:55:31.564Z
G02,210,remove,Doing,G02-A15,2026-05-21T14:55:31.564Z
G02,210,add,Review,G02-A14,2026-05-27T17:30:06.786Z
G02,210,remove,Waiting Review,G02-A14,2026-05-27T17:30:06.786Z
G02,210,remove,Review,G02-A14,2026-05-27T19:00:38.353Z
G02,211,add,CODE,G02-A12,2026-05-21T13:23:19.930Z
G02,211,add,ART. 8,G02-A12,2026-05-21T13:23:19.930Z
G02,211,add,SIZE_M,G02-A12,2026-05-21T13:23:24.033Z
G02,211,add,Backlog,G02-A12,2026-05-21T13:23:40.060Z
G02,211,add,Doing,G02-A12,2026-05-21T13:23:41.850Z
G02,211,remove,Backlog,G02-A12,2026-05-21T13:23:41.850Z
G02,211,add,Waiting Review,G02-A12,2026-05-21T14:30:54.920Z
G02,211,remove,Doing,G02-A12,2026-05-21T14:30:54.920Z
G02,211,add,Review,G02-A15,2026-05-30T01:17:36.888Z
G02,211,remove,Waiting Review,G02-A15,2026-05-30T01:17:36.888Z
G02,211,remove,Review,G02-A15,2026-05-30T01:38:11.887Z
G02,212,add,CODE,G02-A12,2026-05-21T13:25:05.958Z
G02,212,add,ART. 8,G02-A12,2026-05-21T13:25:05.958Z
G02,212,add,SIZE_M,G02-A12,2026-05-21T13:25:15.058Z
G02,212,add,Backlog,G02-A12,2026-05-21T13:25:22.615Z
G02,212,add,Doing,G02-A12,2026-05-21T13:25:24.339Z
G02,212,remove,Backlog,G02-A12,2026-05-21T13:25:24.339Z
G02,212,add,Waiting Review,G02-A12,2026-05-21T14:30:51.643Z
G02,212,remove,Doing,G02-A12,2026-05-21T14:30:51.643Z
G02,212,add,Review,G02-A15,2026-05-30T01:17:38.763Z
G02,212,remove,Waiting Review,G02-A15,2026-05-30T01:17:38.763Z
G02,212,remove,Review,G02-A15,2026-05-30T01:38:13.735Z
G02,213,add,CODE,G02-A19,2026-05-21T14:08:02.021Z
G02,213,add,SIZE_M,G02-A19,2026-05-21T14:08:02.021Z
G02,213,add,ART. 8,G02-A19,2026-05-21T14:08:02.021Z
G02,213,add,Backlog,G02-A19,2026-05-21T14:08:08.710Z
G02,213,add,Doing,G02-A19,2026-05-21T14:08:10.456Z
G02,213,remove,Backlog,G02-A19,2026-05-21T14:08:10.456Z
G02,213,add,Waiting Review,G02-A12,2026-05-21T14:30:48.493Z
G02,213,remove,Doing,G02-A12,2026-05-21T14:30:48.493Z
G02,213,add,Review,G02-A14,2026-05-26T12:23:36.387Z
G02,213,remove,Waiting Review,G02-A14,2026-05-26T12:23:36.387Z
G02,213,remove,Review,G02-A14,2026-05-27T17:29:40.582Z
G02,214,add,Backlog,G02-A18,2026-05-21T14:39:00.703Z
G02,214,add,Doing,G02-A18,2026-05-21T14:39:02.591Z
G02,214,remove,Backlog,G02-A18,2026-05-21T14:39:02.591Z
G02,214,add,DOCUMENTATION,G02-A18,2026-05-21T14:39:21.321Z
G02,214,add,SIZE_G,G02-A18,2026-05-21T14:39:21.321Z
G02,214,add,ART. 9,G02-A18,2026-05-21T14:39:21.321Z
G02,214,add,Waiting Review,G02-A18,2026-05-21T17:40:00.801Z
G02,214,remove,Doing,G02-A18,2026-05-21T17:40:00.801Z
G02,214,add,Review,G02-A14,2026-05-26T12:23:40.049Z
G02,214,remove,Waiting Review,G02-A14,2026-05-26T12:23:40.049Z
G02,214,remove,Review,G02-A14,2026-05-27T17:29:38.555Z
G02,215,add,DESIGN,G02-A12,2026-05-21T16:59:45.507Z
G02,215,add,SIZE_M,G02-A12,2026-05-21T16:59:45.507Z
G02,215,add,ART. 7,G02-A12,2026-05-21T16:59:45.507Z
G02,215,add,Backlog,G02-A12,2026-05-21T16:59:54.160Z
G02,215,add,Doing,G02-A12,2026-05-21T16:59:57.994Z
G02,215,remove,Backlog,G02-A12,2026-05-21T16:59:57.994Z
G02,215,add,Waiting Review,G02-A12,2026-05-21T18:33:46.025Z
G02,215,remove,Doing,G02-A12,2026-05-21T18:33:46.025Z
G02,215,add,Review,G02-A13,2026-05-28T17:32:57.466Z
G02,215,remove,Waiting Review,G02-A13,2026-05-28T17:32:57.466Z
G02,215,remove,Review,G02-A13,2026-05-28T17:32:59.267Z
G02,216,add,DESIGN,G02-A19,2026-05-21T17:09:58.637Z
G02,216,add,SIZE_M,G02-A19,2026-05-21T17:09:58.637Z
G02,216,add,ART. 7,G02-A19,2026-05-21T17:09:58.637Z
G02,216,add,Backlog,G02-A19,2026-05-21T17:10:33.048Z
G02,216,add,Doing,G02-A19,2026-05-21T17:10:38.344Z
G02,216,remove,Backlog,G02-A19,2026-05-21T17:10:38.344Z
G02,216,add,Waiting Review,G02-A19,2026-05-21T18:36:13.923Z
G02,216,remove,Doing,G02-A19,2026-05-21T18:36:13.923Z
G02,216,add,Review,G02-A12,2026-05-27T17:31:31.363Z
G02,216,remove,Waiting Review,G02-A12,2026-05-27T17:31:31.363Z
G02,216,remove,Review,G02-A12,2026-05-28T00:56:07.767Z
G02,217,add,Backlog,G02-A12,2026-05-21T18:36:58.822Z
G02,217,add,Doing,G02-A12,2026-05-21T18:37:01.972Z
G02,217,remove,Backlog,G02-A12,2026-05-21T18:37:01.972Z
G02,217,add,DOCUMENTATION,G02-A12,2026-05-21T18:38:33.062Z
G02,217,add,ART. 6,G02-A12,2026-05-21T18:38:33.062Z
G02,217,add,SIZE_M,G02-A12,2026-05-21T18:39:51.198Z
G02,217,add,Waiting Review,G02-A12,2026-05-21T19:01:09.279Z
G02,217,remove,Doing,G02-A12,2026-05-21T19:01:09.279Z
G02,217,add,Review,G02-A13,2026-05-27T17:30:21.738Z
G02,217,remove,Waiting Review,G02-A13,2026-05-27T17:30:21.738Z
G02,217,remove,Review,G02-A13,2026-05-27T17:30:44.295Z
G02,218,add,Backlog,G02-A19,2026-05-21T18:39:31.412Z
G02,218,add,DOCUMENTATION,G02-A19,2026-05-21T18:40:01.608Z
G02,218,add,SIZE_P,G02-A19,2026-05-21T18:40:01.608Z
G02,218,add,ART. 6,G02-A19,2026-05-21T18:40:01.608Z
G02,218,add,Doing,G02-A19,2026-05-21T18:40:05.156Z
G02,218,remove,Backlog,G02-A19,2026-05-21T18:40:05.156Z
G02,218,remove,SIZE_P,G02-A19,2026-05-22T01:08:35.708Z
G02,218,add,Waiting Review,G02-A19,2026-05-22T01:09:03.369Z
G02,218,remove,Doing,G02-A19,2026-05-22T01:09:03.369Z
G02,218,add,Review,G02-A12,2026-05-28T22:17:27.761Z
G02,218,remove,Waiting Review,G02-A12,2026-05-28T22:17:27.761Z
G02,218,remove,Review,G02-A12,2026-05-29T01:29:41.492Z
G02,219,add,DOCUMENTATION,G02-A16,2026-05-21T18:42:16.864Z
G02,219,add,SIZE_G,G02-A16,2026-05-21T18:42:16.864Z
G02,219,add,ART. 6,G02-A16,2026-05-21T18:42:16.864Z
G02,219,add,Backlog,G02-A16,2026-05-21T18:42:30.349Z
G02,219,add,Doing,G02-A16,2026-05-21T18:42:32.635Z
G02,219,remove,Backlog,G02-A16,2026-05-21T18:42:32.635Z
G02,219,add,Waiting Review,G02-A16,2026-05-21T21:29:05.084Z
G02,219,remove,Doing,G02-A16,2026-05-21T21:29:05.084Z
G02,219,add,Review,G02-A12,2026-05-24T21:35:56.641Z
G02,219,remove,Waiting Review,G02-A12,2026-05-24T21:35:56.641Z
G02,219,remove,Review,G02-A12,2026-05-25T10:36:31.067Z
G02,220,add,DESIGN,G02-A18,2026-05-21T18:43:07.352Z
G02,220,add,SIZE_M,G02-A18,2026-05-21T18:43:07.352Z
G02,220,add,ART. 7,G02-A18,2026-05-21T18:43:07.352Z
G02,220,add,Backlog,G02-A18,2026-05-21T18:43:17.961Z
G02,220,add,Doing,G02-A18,2026-05-21T18:43:19.658Z
G02,220,remove,Backlog,G02-A18,2026-05-21T18:43:19.658Z
G02,220,add,Waiting Review,G02-A18,2026-05-22T00:46:09.339Z
G02,220,remove,Doing,G02-A18,2026-05-22T00:46:09.339Z
G02,220,add,Review,G02-A13,2026-05-27T17:30:24.858Z
G02,220,remove,Waiting Review,G02-A13,2026-05-27T17:30:24.858Z
G02,220,remove,Review,G02-A13,2026-05-27T17:30:41.337Z
G02,221,add,DOCUMENTATION,G02-A12,2026-05-24T21:26:13.354Z
G02,221,add,SIZE_M,G02-A12,2026-05-24T21:26:13.354Z
G02,221,add,ART. 6,G02-A12,2026-05-24T21:26:13.354Z
G02,221,add,Backlog,G02-A12,2026-05-24T21:26:23.878Z
G02,221,add,Doing,G02-A12,2026-05-24T21:26:25.506Z
G02,221,remove,Backlog,G02-A12,2026-05-24T21:26:25.506Z
G02,221,add,Waiting Review,G02-A12,2026-05-24T22:22:55.189Z
G02,221,remove,Doing,G02-A12,2026-05-24T22:22:55.189Z
G02,221,add,Review,G02-A19,2026-05-29T23:01:54.265Z
G02,221,remove,Waiting Review,G02-A19,2026-05-29T23:01:54.265Z
G02,221,remove,Review,G02-A19,2026-05-29T23:18:41.066Z
G02,222,add,DOCUMENTATION,G02-A12,2026-05-24T22:17:00.667Z
G02,222,add,SIZE_P,G02-A12,2026-05-24T22:17:00.667Z
G02,222,add,ART. 6,G02-A12,2026-05-24T22:17:00.667Z
G02,222,add,Backlog,G02-A12,2026-05-24T22:17:08.195Z
G02,222,add,Doing,G02-A12,2026-05-24T22:17:10.152Z
G02,222,remove,Backlog,G02-A12,2026-05-24T22:17:10.152Z
G02,222,add,Waiting Review,G02-A12,2026-05-24T22:22:58.771Z
G02,222,remove,Doing,G02-A12,2026-05-24T22:22:58.771Z
G02,222,add,Review,G02-A19,2026-05-29T23:01:45.494Z
G02,222,remove,Waiting Review,G02-A19,2026-05-29T23:01:45.494Z
G02,222,remove,Review,G02-A19,2026-05-29T23:18:39.691Z
G02,223,add,DOCUMENTATION,G02-A12,2026-05-24T22:22:40.763Z
G02,223,add,SIZE_P,G02-A12,2026-05-24T22:22:40.763Z
G02,223,add,ART. 6,G02-A12,2026-05-24T22:22:40.763Z
G02,223,add,Backlog,G02-A12,2026-05-24T22:22:50.137Z
G02,223,add,Doing,G02-A12,2026-05-24T22:23:01.523Z
G02,223,remove,Backlog,G02-A12,2026-05-24T22:23:01.523Z
G02,223,add,Waiting Review,G02-A12,2026-05-24T23:22:52.225Z
G02,223,remove,Doing,G02-A12,2026-05-24T23:22:52.225Z
G02,223,add,Review,G02-A19,2026-05-25T11:59:30.640Z
G02,223,remove,Waiting Review,G02-A19,2026-05-25T11:59:30.640Z
G02,223,remove,Review,G02-A19,2026-05-25T12:39:54.194Z
G02,224,add,DOCUMENTATION,G02-A12,2026-05-24T22:23:57.532Z
G02,224,add,SIZE_P,G02-A12,2026-05-24T22:23:57.532Z
G02,224,add,ART. 6,G02-A12,2026-05-24T22:23:57.532Z
G02,224,add,Backlog,G02-A12,2026-05-24T22:25:59.770Z
G02,224,add,Doing,G02-A12,2026-05-24T22:26:31.339Z
G02,224,remove,Backlog,G02-A12,2026-05-24T22:26:31.339Z
G02,224,add,Waiting Review,G02-A12,2026-05-24T23:22:53.054Z
G02,224,remove,Doing,G02-A12,2026-05-24T23:22:53.054Z
G02,224,add,Review,G02-A19,2026-05-25T11:59:27.040Z
G02,224,remove,Waiting Review,G02-A19,2026-05-25T11:59:27.040Z
G02,224,remove,Review,G02-A19,2026-05-25T12:39:51.995Z
G02,225,add,ART. 6,G02-A12,2026-05-24T22:24:41.238Z
G02,225,add,DOCUMENTATION,G02-A12,2026-05-24T22:24:41.238Z
G02,225,add,SIZE_P,G02-A12,2026-05-24T22:24:41.238Z
G02,225,add,Backlog,G02-A12,2026-05-24T22:26:00.894Z
G02,225,add,Doing,G02-A12,2026-05-24T22:26:33.689Z
G02,225,remove,Backlog,G02-A12,2026-05-24T22:26:33.689Z
G02,225,add,Waiting Review,G02-A12,2026-05-24T23:22:54.662Z
G02,225,remove,Doing,G02-A12,2026-05-24T23:22:54.662Z
G02,225,add,Review,G02-A19,2026-05-25T11:59:25.191Z
G02,225,remove,Waiting Review,G02-A19,2026-05-25T11:59:25.191Z
G02,225,remove,Review,G02-A19,2026-05-25T12:39:49.683Z
G02,226,add,ART. 6,G02-A12,2026-05-24T22:25:08.004Z
G02,226,add,DOCUMENTATION,G02-A12,2026-05-24T22:25:08.004Z
G02,226,add,SIZE_P,G02-A12,2026-05-24T22:25:08.004Z
G02,226,add,Backlog,G02-A12,2026-05-24T22:26:02.813Z
G02,226,add,Doing,G02-A12,2026-05-24T22:26:37.444Z
G02,226,remove,Backlog,G02-A12,2026-05-24T22:26:37.444Z
G02,226,add,Waiting Review,G02-A12,2026-05-24T23:22:55.978Z
G02,226,remove,Doing,G02-A12,2026-05-24T23:22:55.978Z
G02,226,add,Review,G02-A19,2026-05-25T11:59:20.719Z
G02,226,remove,Waiting Review,G02-A19,2026-05-25T11:59:20.719Z
G02,226,remove,Review,G02-A19,2026-05-25T12:39:48.456Z
G02,227,add,ART. 6,G02-A12,2026-05-24T22:25:34.485Z
G02,227,add,DOCUMENTATION,G02-A12,2026-05-24T22:25:34.485Z
G02,227,add,SIZE_P,G02-A12,2026-05-24T22:25:34.485Z
G02,227,add,Backlog,G02-A12,2026-05-24T22:26:06.670Z
G02,227,add,Doing,G02-A12,2026-05-24T22:26:39.726Z
G02,227,remove,Backlog,G02-A12,2026-05-24T22:26:39.726Z
G02,227,add,Waiting Review,G02-A12,2026-05-24T23:22:57.235Z
G02,227,remove,Doing,G02-A12,2026-05-24T23:22:57.235Z
G02,227,add,Review,G02-A19,2026-05-25T11:59:18.343Z
G02,227,remove,Waiting Review,G02-A19,2026-05-25T11:59:18.343Z
G02,227,remove,Review,G02-A19,2026-05-25T12:39:45.486Z
G02,228,add,DOCUMENTATION,G02-A12,2026-05-24T22:32:21.002Z
G02,228,add,SIZE_P,G02-A12,2026-05-24T22:32:21.002Z
G02,228,add,ART. 6,G02-A12,2026-05-24T22:32:21.002Z
G02,228,add,Backlog,G02-A12,2026-05-24T22:32:36.171Z
G02,228,add,Doing,G02-A12,2026-05-24T22:32:37.749Z
G02,228,remove,Backlog,G02-A12,2026-05-24T22:32:37.749Z
G02,228,add,Waiting Review,G02-A12,2026-05-24T23:23:04.255Z
G02,228,remove,Doing,G02-A12,2026-05-24T23:23:04.255Z
G02,228,add,Review,G02-A19,2026-05-25T11:59:14.855Z
G02,228,remove,Waiting Review,G02-A19,2026-05-25T11:59:14.855Z
G02,228,remove,Review,G02-A19,2026-05-25T12:39:43.878Z
G02,229,add,DOCUMENTATION,G02-A12,2026-05-24T22:40:51.059Z
G02,229,add,SIZE_PP,G02-A12,2026-05-24T22:40:51.059Z
G02,229,add,Backlog,G02-A12,2026-05-24T22:40:59.193Z
G02,229,add,Doing,G02-A12,2026-05-24T22:41:02.443Z
G02,229,remove,Backlog,G02-A12,2026-05-24T22:41:02.443Z
G02,229,add,Waiting Review,G02-A12,2026-05-24T23:23:05.330Z
G02,229,remove,Doing,G02-A12,2026-05-24T23:23:05.330Z
G02,229,add,Review,G02-A19,2026-05-25T11:59:05.821Z
G02,229,remove,Waiting Review,G02-A19,2026-05-25T11:59:05.821Z
G02,229,remove,Review,G02-A19,2026-05-25T12:39:42.259Z
G02,230,add,SIZE_P,G02-A12,2026-05-24T22:56:22.644Z
G02,230,add,ART. 6,G02-A12,2026-05-24T22:56:22.644Z
G02,230,add,DOCUMENTATION,G02-A12,2026-05-24T22:56:26.402Z
G02,230,add,Backlog,G02-A12,2026-05-24T22:56:33.355Z
G02,230,add,Doing,G02-A12,2026-05-24T23:23:07.790Z
G02,230,remove,Backlog,G02-A12,2026-05-24T23:23:07.790Z
G02,230,add,Waiting Review,G02-A12,2026-05-25T10:36:27.528Z
G02,230,remove,Doing,G02-A12,2026-05-25T10:36:27.528Z
G02,230,add,Review,G02-A19,2026-05-25T11:30:33.621Z
G02,230,remove,Waiting Review,G02-A19,2026-05-25T11:30:33.621Z
G02,230,remove,Review,G02-A19,2026-05-25T11:58:53.920Z
G02,231,add,DOCUMENTATION,G02-A12,2026-05-25T13:38:49.480Z
G02,231,add,SIZE_P,G02-A12,2026-05-25T13:38:49.480Z
G02,231,add,ART. 6,G02-A12,2026-05-25T13:38:49.480Z
G02,231,add,Backlog,G02-A12,2026-05-25T13:38:58.352Z
G02,231,add,Doing,G02-A12,2026-05-25T17:14:02.709Z
G02,231,remove,Backlog,G02-A12,2026-05-25T17:14:02.709Z
G02,231,add,Waiting Review,G02-A12,2026-05-25T17:35:49.809Z
G02,231,remove,Doing,G02-A12,2026-05-25T17:35:49.809Z
G02,231,add,Review,G02-A19,2026-05-25T17:36:01.752Z
G02,231,remove,Waiting Review,G02-A19,2026-05-25T17:36:01.752Z
G02,231,remove,Review,G02-A19,2026-05-26T18:57:46.306Z
G02,232,add,DESIGN,G02-A12,2026-05-25T13:39:44.783Z
G02,232,add,ART. 7,G02-A12,2026-05-25T13:39:44.783Z
G02,232,add,SIZE_G,G02-A12,2026-05-25T13:39:50.893Z
G02,232,add,Backlog,G02-A12,2026-05-25T13:40:08.400Z
G02,232,add,Doing,G02-A12,2026-05-25T18:00:51.827Z
G02,232,remove,Backlog,G02-A12,2026-05-25T18:00:51.827Z
G02,232,add,Waiting Review,G02-A12,2026-05-25T21:26:18.632Z
G02,232,remove,Doing,G02-A12,2026-05-25T21:26:18.632Z
G02,232,add,Review,G02-A13,2026-05-27T17:30:06.901Z
G02,232,remove,Waiting Review,G02-A13,2026-05-27T17:30:06.901Z
G02,232,remove,Review,G02-A13,2026-05-27T17:30:47.658Z
G02,233,add,Trimestre: B,G02-A19,2026-05-25T17:16:31.692Z
G02,233,add,ART. 9,G02-A19,2026-05-25T17:16:31.692Z
G02,233,add,SIZE_GG,G02-A19,2026-05-25T17:16:31.692Z
G02,233,remove,Trimestre: B,G02-A19,2026-05-25T17:16:40.460Z
G02,233,add,DOCUMENTATION,G02-A19,2026-05-25T17:19:57.532Z
G02,233,add,Backlog,G02-A19,2026-05-25T17:21:02.901Z
G02,233,add,Doing,G02-A19,2026-05-25T17:21:04.724Z
G02,233,remove,Backlog,G02-A19,2026-05-25T17:21:04.724Z
G02,234,add,DESIGN,G02-A18,2026-05-25T17:25:35.537Z
G02,234,add,SIZE_G,G02-A18,2026-05-25T17:25:35.537Z
G02,234,add,ART. 7,G02-A18,2026-05-25T17:25:35.537Z
G02,234,add,Backlog,G02-A18,2026-05-25T17:25:57.881Z
G02,234,add,Doing,G02-A18,2026-05-25T17:25:59.302Z
G02,234,remove,Backlog,G02-A18,2026-05-25T17:25:59.302Z
G02,234,add,Waiting Review,G02-A18,2026-05-25T20:38:46.778Z
G02,234,remove,Doing,G02-A18,2026-05-25T20:38:46.778Z
G02,234,add,Review,G02-A13,2026-05-27T17:30:10.544Z
G02,234,remove,Waiting Review,G02-A13,2026-05-27T17:30:10.544Z
G02,234,remove,Review,G02-A13,2026-05-27T17:30:47.116Z
G02,235,add,CODE,G02-A15,2026-05-25T17:30:03.531Z
G02,235,add,ART. 9,G02-A15,2026-05-25T17:30:03.531Z
G02,235,add,SIZE_M,G02-A15,2026-05-25T17:30:12.476Z
G02,235,add,Backlog,G02-A15,2026-05-25T17:31:26.316Z
G02,235,add,Doing,G02-A15,2026-05-25T17:31:28.405Z
G02,235,remove,Backlog,G02-A15,2026-05-25T17:31:28.405Z
G02,235,add,Waiting Review,G02-A15,2026-05-25T19:07:58.004Z
G02,235,remove,Doing,G02-A15,2026-05-25T19:07:58.004Z
G02,235,add,Review,G02-A14,2026-05-27T17:30:03.110Z
G02,235,remove,Waiting Review,G02-A14,2026-05-27T17:30:03.110Z
G02,235,remove,Review,G02-A14,2026-05-27T19:00:55.779Z
G02,236,add,ART. 7,G02-A13,2026-05-25T17:28:52.746Z
G02,236,add,DESIGN,G02-A13,2026-05-25T17:28:52.746Z
G02,236,add,Doing,G02-A13,2026-05-25T17:28:52.746Z
G02,236,add,SIZE_G,G02-A13,2026-05-25T17:28:52.746Z
G02,236,add,Waiting Review,G02-A13,2026-05-25T20:01:46.995Z
G02,236,remove,Doing,G02-A13,2026-05-25T20:01:46.995Z
G02,236,add,Review,G02-A12,2026-05-27T17:30:50.854Z
G02,236,remove,Waiting Review,G02-A12,2026-05-27T17:30:50.854Z
G02,236,remove,Review,G02-A12,2026-05-28T00:56:01.556Z
G02,237,add,ART. 8,G02-A14,2026-05-25T17:29:38.260Z
G02,237,add,CODE,G02-A14,2026-05-25T17:30:14.338Z
G02,237,add,SIZE_M,G02-A14,2026-05-25T17:30:14.338Z
G02,237,add,Doing,G02-A14,2026-05-25T17:31:20.240Z
G02,237,add,Waiting Review,G02-A14,2026-05-25T20:16:54.320Z
G02,237,remove,Doing,G02-A14,2026-05-25T20:16:54.320Z
G02,237,add,Review,G02-A15,2026-05-26T18:54:41.016Z
G02,237,remove,Waiting Review,G02-A15,2026-05-26T18:54:41.016Z
G02,237,remove,Review,G02-A15,2026-05-27T12:03:52.358Z
G02,238,add,DESIGN,G02-A18,2026-05-26T12:21:21.764Z
G02,238,add,SIZE_G,G02-A18,2026-05-26T12:21:21.764Z
G02,238,add,ART. 7,G02-A18,2026-05-26T12:21:21.764Z
G02,238,add,Backlog,G02-A18,2026-05-26T12:21:28.816Z
G02,238,add,Doing,G02-A18,2026-05-26T12:21:30.759Z
G02,238,remove,Backlog,G02-A18,2026-05-26T12:21:30.759Z
G02,238,add,Waiting Review,G02-A18,2026-05-26T13:27:10.180Z
G02,238,remove,Doing,G02-A18,2026-05-26T13:27:10.180Z
G02,238,add,Review,G02-A13,2026-05-27T17:30:04.286Z
G02,238,remove,Waiting Review,G02-A13,2026-05-27T17:30:04.286Z
G02,238,remove,Review,G02-A13,2026-05-27T17:30:50.098Z
G02,239,add,ART. 7,G02-A13,2026-05-26T13:01:23.335Z
G02,239,add,DESIGN,G02-A13,2026-05-26T13:01:23.335Z
G02,239,add,Doing,G02-A13,2026-05-26T13:01:23.335Z
G02,239,add,SIZE_G,G02-A13,2026-05-26T13:01:23.335Z
G02,239,add,Waiting Review,G02-A13,2026-05-26T13:53:58.967Z
G02,239,remove,Doing,G02-A13,2026-05-26T13:53:58.967Z
G02,239,add,Review,G02-A12,2026-05-27T17:31:38.445Z
G02,239,remove,Waiting Review,G02-A12,2026-05-27T17:31:38.445Z
G02,239,remove,Review,G02-A12,2026-05-28T00:56:08.939Z
G02,240,add,SIZE_M,G02-A12,2026-05-26T17:15:44.443Z
G02,240,add,ART. 7,G02-A12,2026-05-26T17:15:44.443Z
G02,240,add,Backlog,G02-A12,2026-05-26T17:16:24.931Z
G02,240,add,Doing,G02-A12,2026-05-26T17:16:27.104Z
G02,240,remove,Backlog,G02-A12,2026-05-26T17:16:27.104Z
G02,240,add,DESIGN,G02-A12,2026-05-26T17:16:35.039Z
G02,240,add,Waiting Review,G02-A12,2026-05-26T18:52:47.216Z
G02,240,remove,Doing,G02-A12,2026-05-26T18:52:47.216Z
G02,240,add,Review,G02-A13,2026-05-27T17:29:59.094Z
G02,240,remove,Waiting Review,G02-A13,2026-05-27T17:29:59.094Z
G02,240,remove,Review,G02-A13,2026-05-27T17:30:46.321Z
G02,241,add,DOCUMENTATION,G02-A19,2026-05-26T17:16:20.383Z
G02,241,add,SIZE_G,G02-A19,2026-05-26T17:16:20.383Z
G02,241,add,ART. 9,G02-A19,2026-05-26T17:16:20.383Z
G02,241,add,Backlog,G02-A19,2026-05-26T17:19:32.288Z
G02,241,add,Doing,G02-A19,2026-05-26T17:19:34.941Z
G02,241,remove,Backlog,G02-A19,2026-05-26T17:19:34.941Z
G02,241,add,Waiting Review,G02-A19,2026-05-26T18:57:22.433Z
G02,241,remove,Doing,G02-A19,2026-05-26T18:57:22.433Z
G02,241,add,Review,G02-A15,2026-05-29T23:24:46.296Z
G02,241,remove,Waiting Review,G02-A15,2026-05-29T23:24:46.296Z
G02,241,remove,Review,G02-A15,2026-05-29T23:30:48.375Z
G02,242,add,ART. 7,G02-A18,2026-05-26T17:16:13.248Z
G02,242,add,SIZE_M,G02-A18,2026-05-26T17:16:13.248Z
G02,242,add,DESIGN,G02-A18,2026-05-26T17:16:45.643Z
G02,242,add,Backlog,G02-A18,2026-05-26T17:17:49.281Z
G02,242,add,Doing,G02-A18,2026-05-26T17:17:50.788Z
G02,242,remove,Backlog,G02-A18,2026-05-26T17:17:50.788Z
G02,242,add,Waiting Review,G02-A18,2026-05-26T18:55:23.454Z
G02,242,remove,Doing,G02-A18,2026-05-26T18:55:23.454Z
G02,242,add,Review,G02-A13,2026-05-27T17:29:57.197Z
G02,242,remove,Waiting Review,G02-A13,2026-05-27T17:29:57.197Z
G02,242,remove,Review,G02-A13,2026-05-27T17:30:49.198Z
G02,243,add,ART. 8,G02-A15,2026-05-26T17:17:18.583Z
G02,243,add,SIZE_M,G02-A15,2026-05-26T17:17:27.477Z
G02,243,add,CODE,G02-A15,2026-05-26T17:17:44.547Z
G02,243,add,Backlog,G02-A15,2026-05-26T17:18:01.568Z
G02,243,add,Doing,G02-A15,2026-05-26T17:18:03.522Z
G02,243,remove,Backlog,G02-A15,2026-05-26T17:18:03.522Z
G02,243,add,Waiting Review,G02-A15,2026-05-26T18:43:46.922Z
G02,243,remove,Doing,G02-A15,2026-05-26T18:43:46.922Z
G02,243,add,Review,G02-A14,2026-05-27T17:29:49.273Z
G02,243,remove,Waiting Review,G02-A14,2026-05-27T17:29:49.273Z
G02,243,remove,Review,G02-A13,2026-05-27T17:30:36.762Z
G02,243,add,Review,G02-A13,2026-05-27T17:30:38.864Z
G02,243,remove,Review,G02-A14,2026-05-27T19:00:36.235Z
G02,244,add,ART. 5,G02-A16,2026-05-26T17:18:02.350Z
G02,244,add,DOCUMENTATION,G02-A16,2026-05-26T17:18:39.249Z
G02,244,add,SIZE_M,G02-A16,2026-05-26T17:19:01.570Z
G02,244,add,Backlog,G02-A16,2026-06-09T17:00:53.028Z
G02,244,add,Doing,G02-A16,2026-06-09T17:01:02.365Z
G02,244,remove,Backlog,G02-A16,2026-06-09T17:01:02.365Z
G02,244,add,Waiting Review,G02-A16,2026-06-09T17:06:21.897Z
G02,244,remove,Doing,G02-A16,2026-06-09T17:06:21.897Z
G02,244,add,Review,G02-A12,2026-06-10T16:36:30.853Z
G02,244,remove,Waiting Review,G02-A12,2026-06-10T16:36:30.853Z
G02,244,remove,Review,G02-A12,2026-06-11T15:19:11.405Z
G02,245,add,ART. 8,G02-A14,2026-05-26T17:17:56.509Z
G02,245,add,CODE,G02-A14,2026-05-26T17:17:56.509Z
G02,245,add,SIZE_M,G02-A14,2026-05-26T17:17:56.509Z
G02,245,add,Doing,G02-A14,2026-05-26T17:24:36.089Z
G02,245,add,Waiting Review,G02-A14,2026-05-26T18:54:52.162Z
G02,245,remove,Doing,G02-A14,2026-05-26T18:54:52.162Z
G02,245,add,Review,G02-A15,2026-05-29T17:32:28.396Z
G02,245,remove,Waiting Review,G02-A15,2026-05-29T17:32:28.396Z
G02,245,remove,Review,G02-A15,2026-05-29T17:44:27.045Z
G02,246,add,ART. 5,G02-A16,2026-05-26T17:18:44.232Z
G02,246,add,DOCUMENTATION,G02-A16,2026-05-26T17:18:44.232Z
G02,246,add,SIZE_M,G02-A16,2026-05-26T17:19:19.764Z
G02,246,add,Backlog,G02-A16,2026-05-26T17:54:03.427Z
G02,246,add,Doing,G02-A16,2026-05-26T17:54:05.100Z
G02,246,remove,Backlog,G02-A16,2026-05-26T17:54:05.100Z
G02,246,add,Waiting Review,G02-A16,2026-05-26T18:54:43.242Z
G02,246,remove,Doing,G02-A16,2026-05-26T18:54:43.242Z
G02,246,add,Review,G02-A12,2026-05-28T22:17:14.582Z
G02,246,remove,Waiting Review,G02-A12,2026-05-28T22:17:14.582Z
G02,246,remove,Review,G02-A12,2026-05-29T01:29:39.196Z
G02,247,add,DOCUMENTATION,G02-A16,2026-05-26T17:52:42.214Z
G02,247,add,SIZE_M,G02-A16,2026-05-26T17:52:42.214Z
G02,247,add,ART. 5,G02-A16,2026-05-26T17:52:51.022Z
G02,247,add,Backlog,G02-A16,2026-05-27T17:56:50.165Z
G02,247,add,Doing,G02-A16,2026-05-27T17:56:52.719Z
G02,247,remove,Backlog,G02-A16,2026-05-27T17:56:52.719Z
G02,247,add,Waiting Review,G02-A16,2026-05-27T18:55:22.339Z
G02,247,remove,Doing,G02-A16,2026-05-27T18:55:22.339Z
G02,247,add,Review,G02-A19,2026-05-28T17:06:55.116Z
G02,247,remove,Waiting Review,G02-A19,2026-05-28T17:06:55.116Z
G02,247,remove,Review,G02-A19,2026-05-28T17:33:17.831Z
G02,248,add,ART. 5,G02-A16,2026-05-26T17:53:11.267Z
G02,248,add,DOCUMENTATION,G02-A16,2026-05-26T17:53:11.267Z
G02,248,add,SIZE_M,G02-A16,2026-05-26T17:53:11.267Z
G02,248,add,Backlog,G02-A16,2026-05-27T23:03:21.387Z
G02,248,add,Doing,G02-A16,2026-05-27T23:03:23.565Z
G02,248,remove,Backlog,G02-A16,2026-05-27T23:03:23.565Z
G02,248,add,Waiting Review,G02-A16,2026-05-27T23:44:06.401Z
G02,248,remove,Doing,G02-A16,2026-05-27T23:44:06.401Z
G02,249,add,ART. 8,G02-A15,2026-05-26T18:44:38.912Z
G02,249,add,CODE,G02-A15,2026-05-26T18:44:54.615Z
G02,249,add,SIZE_P,G02-A15,2026-05-26T18:44:54.615Z
G02,249,add,Backlog,G02-A15,2026-05-26T18:45:05.497Z
G02,249,add,Doing,G02-A15,2026-05-26T18:45:07.349Z
G02,249,remove,Backlog,G02-A15,2026-05-26T18:45:07.349Z
G02,249,add,Waiting Review,G02-A15,2026-05-26T19:34:25.983Z
G02,249,remove,Doing,G02-A15,2026-05-26T19:34:25.983Z
G02,249,add,Review,G02-A14,2026-05-27T17:29:53.694Z
G02,249,remove,Waiting Review,G02-A14,2026-05-27T17:29:53.694Z
G02,249,remove,Review,G02-A14,2026-05-27T19:00:43.933Z
G02,250,add,DESIGN,G02-A12,2026-05-27T16:53:22.207Z
G02,250,add,SIZE_G,G02-A12,2026-05-27T16:53:22.207Z
G02,250,add,ART. 7,G02-A12,2026-05-27T16:53:22.207Z
G02,250,add,Backlog,G02-A12,2026-05-27T16:53:32.139Z
G02,250,add,Doing,G02-A12,2026-05-27T16:53:47.551Z
G02,250,remove,Backlog,G02-A12,2026-05-27T16:53:47.551Z
G02,250,add,Waiting Review,G02-A12,2026-05-27T18:58:19.461Z
G02,250,remove,Doing,G02-A12,2026-05-27T18:58:19.461Z
G02,250,add,Review,G02-A13,2026-05-28T17:32:41.350Z
G02,250,remove,Waiting Review,G02-A13,2026-05-28T17:32:41.350Z
G02,250,remove,Review,G02-A13,2026-05-28T17:32:46.620Z
G02,251,add,CODE,G02-A14,2026-05-27T17:23:22.305Z
G02,251,add,ART. 8,G02-A14,2026-05-27T17:23:22.305Z
G02,251,add,SIZE_GG,G02-A14,2026-05-27T17:23:22.305Z
G02,251,add,Doing,G02-A14,2026-05-27T17:23:47.757Z
G02,251,add,Waiting Review,G02-A14,2026-05-27T19:00:29.397Z
G02,251,remove,Doing,G02-A14,2026-05-27T19:00:29.397Z
G02,251,add,Review,G02-A19,2026-05-29T17:12:45.496Z
G02,251,remove,Waiting Review,G02-A19,2026-05-29T17:12:45.496Z
G02,251,remove,Review,G02-A19,2026-05-29T17:30:23.444Z
G02,251,add,Review,G02-A15,2026-05-29T17:32:31.498Z
G02,251,remove,Review,G02-A15,2026-05-29T17:44:28.570Z
G02,252,add,ART. 7,G02-A13,2026-05-27T17:24:36.301Z
G02,252,add,DESIGN,G02-A13,2026-05-27T17:24:36.301Z
G02,252,add,Doing,G02-A13,2026-05-27T17:24:36.301Z
G02,252,add,SIZE_G,G02-A13,2026-05-27T17:24:36.301Z
G02,252,add,Waiting Review,G02-A13,2026-05-27T18:57:56.306Z
G02,252,remove,Doing,G02-A13,2026-05-27T18:57:56.306Z
G02,252,add,Review,G02-A12,2026-05-28T22:17:22.524Z
G02,252,remove,Waiting Review,G02-A12,2026-05-28T22:17:22.524Z
G02,252,remove,Review,G02-A12,2026-05-29T01:29:42.724Z
G02,253,add,ART. 8,G02-A15,2026-05-27T17:28:49.032Z
G02,253,add,CODE,G02-A15,2026-05-27T17:29:05.291Z
G02,253,add,SIZE_G,G02-A15,2026-05-27T17:29:13.420Z
G02,253,add,Backlog,G02-A15,2026-05-27T17:29:44.956Z
G02,253,add,Doing,G02-A15,2026-05-27T17:29:46.454Z
G02,253,remove,Backlog,G02-A15,2026-05-27T17:29:46.454Z
G02,253,add,Waiting Review,G02-A15,2026-05-27T18:49:00.293Z
G02,253,remove,Doing,G02-A15,2026-05-27T18:49:00.293Z
G02,253,add,Review,G02-A14,2026-05-29T18:29:35.507Z
G02,253,remove,Waiting Review,G02-A14,2026-05-29T18:29:35.507Z
G02,253,remove,Review,G02-A14,2026-05-29T18:39:33.479Z
G02,254,add,DESIGN,G02-A18,2026-05-27T18:00:10.403Z
G02,254,add,SIZE_M,G02-A18,2026-05-27T18:00:10.403Z
G02,254,add,ART. 7,G02-A18,2026-05-27T18:00:10.403Z
G02,254,add,Backlog,G02-A18,2026-05-27T18:00:22.539Z
G02,254,add,Doing,G02-A18,2026-05-27T18:00:25.352Z
G02,254,remove,Backlog,G02-A18,2026-05-27T18:00:25.352Z
G02,254,add,Waiting Review,G02-A18,2026-05-27T18:59:42.633Z
G02,254,remove,Doing,G02-A18,2026-05-27T18:59:42.633Z
G02,254,add,Review,G02-A12,2026-05-28T22:17:01.633Z
G02,254,remove,Waiting Review,G02-A12,2026-05-28T22:17:01.633Z
G02,254,remove,Review,G02-A12,2026-05-29T01:29:43.824Z
G02,255,add,DESIGN,G02-A12,2026-05-28T00:55:20.723Z
G02,255,add,ART. 7,G02-A12,2026-05-28T00:55:20.723Z
G02,255,add,SIZE_GG,G02-A12,2026-05-28T00:55:20.723Z
G02,255,add,Backlog,G02-A12,2026-05-28T00:55:36.416Z
G02,255,add,Doing,G02-A12,2026-05-28T00:55:38.035Z
G02,255,remove,Backlog,G02-A12,2026-05-28T00:55:38.035Z
G02,255,add,Waiting Review,G02-A12,2026-05-28T10:48:45.993Z
G02,255,remove,Doing,G02-A12,2026-05-28T10:48:45.993Z
G02,255,add,Review,G02-A13,2026-05-28T17:32:36.217Z
G02,255,remove,Waiting Review,G02-A13,2026-05-28T17:32:36.217Z
G02,255,remove,Review,G02-A13,2026-05-28T17:32:38.109Z
G02,256,add,DESIGN,G02-A12,2026-05-28T17:02:45.905Z
G02,256,add,SIZE_P,G02-A12,2026-05-28T17:02:45.905Z
G02,256,add,ART. 7,G02-A12,2026-05-28T17:02:45.905Z
G02,256,add,Backlog,G02-A12,2026-05-28T17:04:49.470Z
G02,256,add,Doing,G02-A12,2026-05-28T17:04:50.834Z
G02,256,remove,Backlog,G02-A12,2026-05-28T17:04:50.834Z
G02,256,add,Waiting Review,G02-A12,2026-05-28T17:58:38.400Z
G02,256,remove,Doing,G02-A12,2026-05-28T17:58:38.400Z
G02,256,add,Review,G02-A19,2026-05-29T23:18:52.879Z
G02,256,remove,Waiting Review,G02-A19,2026-05-29T23:18:52.879Z
G02,256,remove,Review,G02-A19,2026-05-29T23:31:36.626Z
G02,257,add,CODE,G02-A15,2026-05-28T17:31:31.436Z
G02,257,add,SIZE_M,G02-A15,2026-05-28T17:31:31.436Z
G02,257,add,Backlog,G02-A15,2026-05-28T17:32:14.457Z
G02,257,add,Doing,G02-A15,2026-05-28T17:32:16.113Z
G02,257,remove,Backlog,G02-A15,2026-05-28T17:32:16.113Z
G02,257,add,Waiting Review,G02-A15,2026-05-29T11:40:11.092Z
G02,257,remove,Doing,G02-A15,2026-05-29T11:40:11.092Z
G02,257,add,Review,G02-A14,2026-05-29T18:29:34.782Z
G02,257,remove,Waiting Review,G02-A14,2026-05-29T18:29:34.782Z
G02,257,remove,Review,G02-A14,2026-05-29T18:38:48.043Z
G02,258,add,CODE,G02-A14,2026-05-28T17:31:49.891Z
G02,258,add,SIZE_M,G02-A14,2026-05-28T17:31:49.891Z
G02,258,add,ART. 8,G02-A14,2026-05-28T17:32:24.454Z
G02,258,add,Doing,G02-A14,2026-05-28T17:32:33.815Z
G02,258,add,Waiting Review,G02-A15,2026-05-28T19:23:49.082Z
G02,258,remove,Doing,G02-A15,2026-05-28T19:23:49.082Z
G02,258,add,Review,G02-A14,2026-05-29T18:29:38.600Z
G02,258,remove,Waiting Review,G02-A14,2026-05-29T18:29:38.600Z
G02,258,remove,Review,G02-A14,2026-05-29T18:38:49.154Z
G02,259,add,DOCUMENTATION,G02-A13,2026-05-28T17:35:00.386Z
G02,259,add,SIZE_G,G02-A13,2026-05-28T17:35:00.386Z
G02,259,add,ART. 9,G02-A13,2026-05-28T17:35:00.386Z
G02,259,add,Backlog,G02-A13,2026-05-28T17:35:04.136Z
G02,259,add,Doing,G02-A13,2026-05-28T17:39:00.730Z
G02,259,remove,Backlog,G02-A13,2026-05-28T17:39:00.730Z
G02,259,add,Waiting Review,G02-A13,2026-05-28T18:56:49.483Z
G02,259,remove,Doing,G02-A13,2026-05-28T18:56:49.483Z
G02,259,add,Review,G02-A15,2026-05-30T01:17:35.106Z
G02,259,remove,Waiting Review,G02-A15,2026-05-30T01:17:35.106Z
G02,259,remove,Review,G02-A12,2026-05-30T01:18:17.861Z
G02,260,add,SIZE_G,G02-A19,2026-05-28T17:45:35.186Z
G02,260,add,Presentation,G02-A19,2026-05-28T17:45:35.186Z
G02,260,add,Backlog,G02-A19,2026-05-28T17:45:48.106Z
G02,260,add,Doing,G02-A19,2026-05-28T17:45:52.042Z
G02,260,remove,Backlog,G02-A19,2026-05-28T17:45:52.042Z
G02,260,add,Waiting Review,G02-A19,2026-05-29T00:00:24.407Z
G02,260,remove,Doing,G02-A19,2026-05-29T00:00:24.407Z
G02,260,add,Review,G02-A12,2026-05-29T01:29:49.323Z
G02,260,remove,Waiting Review,G02-A12,2026-05-29T01:29:49.323Z
G02,260,remove,Review,G02-A13,2026-05-29T13:14:03.812Z
G02,261,add,SIZE_G,G02-A16,2026-05-28T17:47:04.332Z
G02,261,add,ART. 6,G02-A16,2026-05-28T17:47:04.332Z
G02,261,add,DOCUMENTATION,G02-A16,2026-05-28T17:47:11.923Z
G02,261,add,Backlog,G02-A16,2026-05-28T17:47:28.535Z
G02,261,add,Doing,G02-A16,2026-05-28T17:47:30.868Z
G02,261,remove,Backlog,G02-A16,2026-05-28T17:47:30.868Z
G02,261,add,Waiting Review,G02-A16,2026-05-28T17:58:50.871Z
G02,261,remove,Doing,G02-A16,2026-05-28T17:58:50.871Z
G02,261,add,Review,G02-A12,2026-05-28T22:16:58.988Z
G02,261,remove,Waiting Review,G02-A12,2026-05-28T22:16:58.988Z
G02,261,remove,Review,G02-A12,2026-05-29T01:29:38.123Z
G02,262,add,SIZE_M,G02-A12,2026-05-28T17:59:50.133Z
G02,262,add,ART. 6,G02-A12,2026-05-28T17:59:50.133Z
G02,262,add,DOCUMENTATION,G02-A12,2026-05-28T17:59:54.032Z
G02,262,add,Backlog,G02-A12,2026-05-28T18:00:01.142Z
G02,262,add,Doing,G02-A12,2026-05-28T18:00:02.911Z
G02,262,remove,Backlog,G02-A12,2026-05-28T18:00:02.911Z
G02,262,add,Waiting Review,G02-A12,2026-05-28T22:10:20.343Z
G02,262,remove,Doing,G02-A12,2026-05-28T22:10:20.343Z
G02,263,add,DESIGN,G02-A18,2026-05-28T18:44:03.460Z
G02,263,add,SIZE_G,G02-A18,2026-05-28T18:44:03.460Z
G02,263,add,ART. 7,G02-A18,2026-05-28T18:44:03.460Z
G02,263,add,Backlog,G02-A18,2026-05-28T18:44:15.629Z
G02,263,add,Doing,G02-A18,2026-05-28T18:44:18.404Z
G02,263,remove,Backlog,G02-A18,2026-05-28T18:44:18.404Z
G02,263,add,Waiting Review,G02-A18,2026-05-29T10:36:03.191Z
G02,263,remove,Doing,G02-A18,2026-05-29T10:36:03.191Z
G02,263,add,Review,G02-A13,2026-05-29T13:14:33.049Z
G02,263,remove,Waiting Review,G02-A13,2026-05-29T13:14:33.049Z
G02,263,remove,Review,G02-A12,2026-05-29T14:13:27.865Z
G02,264,add,DOCUMENTATION,G02-A12,2026-05-29T01:32:34.680Z
G02,264,add,SIZE_M,G02-A12,2026-05-29T01:32:34.680Z
G02,264,add,ART. 7,G02-A12,2026-05-29T01:32:34.680Z
G02,264,add,Backlog,G02-A12,2026-05-29T01:33:33.996Z
G02,264,add,Doing,G02-A12,2026-05-29T01:33:36.042Z
G02,264,remove,Backlog,G02-A12,2026-05-29T01:33:36.042Z
G02,264,add,Waiting Review,G02-A12,2026-05-29T02:13:14.100Z
G02,264,remove,Doing,G02-A12,2026-05-29T02:13:14.100Z
G02,264,add,Review,G02-A19,2026-05-29T14:17:13.215Z
G02,264,remove,Waiting Review,G02-A19,2026-05-29T14:17:13.215Z
G02,264,remove,Review,G02-A19,2026-05-29T14:40:09.192Z
G02,265,add,DOCUMENTATION,G02-A12,2026-05-29T02:11:35.953Z
G02,265,add,SIZE_P,G02-A12,2026-05-29T02:11:35.953Z
G02,265,add,ART. 7,G02-A12,2026-05-29T02:11:35.953Z
G02,265,add,Backlog,G02-A12,2026-05-29T02:13:10.332Z
G02,265,add,Doing,G02-A12,2026-05-29T02:13:15.925Z
G02,265,remove,Backlog,G02-A12,2026-05-29T02:13:15.925Z
G02,265,add,Waiting Review,G02-A12,2026-05-29T02:26:05.910Z
G02,265,remove,Doing,G02-A12,2026-05-29T02:26:05.910Z
G02,265,add,Review,G02-A19,2026-05-29T14:17:15.141Z
G02,265,remove,Waiting Review,G02-A19,2026-05-29T14:17:15.141Z
G02,265,remove,Review,G02-A19,2026-05-29T14:40:10.503Z
G02,266,add,DOCUMENTATION,G02-A12,2026-05-29T02:25:47.475Z
G02,266,add,SIZE_PP,G02-A12,2026-05-29T02:25:47.475Z
G02,266,add,ART. 3,G02-A12,2026-05-29T02:25:47.475Z
G02,266,add,ART. 7,G02-A12,2026-05-29T02:25:47.475Z
G02,266,remove,ART. 3,G02-A12,2026-05-29T02:25:49.187Z
G02,266,add,Backlog,G02-A12,2026-05-29T02:25:59.267Z
G02,266,add,Doing,G02-A12,2026-05-29T02:26:01.667Z
G02,266,remove,Backlog,G02-A12,2026-05-29T02:26:01.667Z
G02,266,add,Waiting Review,G02-A12,2026-05-29T02:36:04.650Z
G02,266,remove,Doing,G02-A12,2026-05-29T02:36:04.650Z
G02,266,add,Review,G02-A19,2026-05-29T14:17:16.331Z
G02,266,remove,Waiting Review,G02-A19,2026-05-29T14:17:16.331Z
G02,266,remove,Review,G02-A19,2026-05-29T14:40:12.857Z
G02,267,add,DOCUMENTATION,G02-A15,2026-05-29T11:41:52.946Z
G02,267,add,DESIGN,G02-A15,2026-05-29T11:41:52.946Z
G02,267,add,SIZE_M,G02-A15,2026-05-29T11:41:52.946Z
G02,267,add,Backlog,G02-A15,2026-05-29T11:42:01.593Z
G02,267,add,Doing,G02-A15,2026-05-29T11:42:03.056Z
G02,267,remove,Backlog,G02-A15,2026-05-29T11:42:03.056Z
G02,267,add,Waiting Review,G02-A15,2026-05-29T17:23:36.333Z
G02,267,remove,Doing,G02-A15,2026-05-29T17:23:36.333Z
G02,267,add,Review,G02-A14,2026-05-29T18:29:30.766Z
G02,267,remove,Waiting Review,G02-A14,2026-05-29T18:29:30.766Z
G02,267,remove,Review,G02-A14,2026-05-29T18:38:46.595Z
G02,268,add,DOCUMENTATION,G02-A12,2026-05-29T14:39:02.894Z
G02,268,add,SIZE_P,G02-A12,2026-05-29T14:39:02.894Z
G02,268,add,ART. 7,G02-A12,2026-05-29T14:39:02.894Z
G02,268,add,Backlog,G02-A12,2026-05-29T14:42:46.074Z
G02,268,add,Doing,G02-A12,2026-05-29T14:42:48.032Z
G02,268,remove,Backlog,G02-A12,2026-05-29T14:42:48.032Z
G02,268,add,Waiting Review,G02-A12,2026-05-29T14:54:39.695Z
G02,268,remove,Doing,G02-A12,2026-05-29T14:54:39.695Z
G02,268,add,Review,G02-A19,2026-05-29T17:23:27.296Z
G02,268,remove,Waiting Review,G02-A19,2026-05-29T17:23:27.296Z
G02,268,remove,Review,G02-A19,2026-05-29T17:39:21.887Z
G02,269,add,DOCUMENTATION,G02-A19,2026-05-29T17:31:46.731Z
G02,269,add,SIZE_M,G02-A19,2026-05-29T17:31:46.731Z
G02,269,add,ART. 9,G02-A19,2026-05-29T17:31:46.731Z
G02,269,add,Backlog,G02-A19,2026-05-29T17:31:56.555Z
G02,269,add,Doing,G02-A19,2026-05-29T17:31:58.723Z
G02,269,remove,Backlog,G02-A19,2026-05-29T17:31:58.723Z
G02,269,add,Waiting Review,G02-A19,2026-05-29T18:29:32.027Z
G02,269,remove,Doing,G02-A19,2026-05-29T18:29:32.027Z
G02,269,add,Review,G02-A12,2026-05-29T23:13:58.280Z
G02,269,remove,Waiting Review,G02-A12,2026-05-29T23:13:58.280Z
G02,269,remove,Review,G02-A12,2026-05-30T00:42:25.624Z
G02,270,add,DESIGN,G02-A18,2026-05-29T20:02:33.845Z
G02,270,add,SIZE_G,G02-A18,2026-05-29T20:02:33.845Z
G02,270,add,ART. 7,G02-A18,2026-05-29T20:02:33.845Z
G02,270,add,Backlog,G02-A18,2026-05-29T20:03:09.295Z
G02,270,add,Doing,G02-A18,2026-05-29T20:03:11.458Z
G02,270,remove,Backlog,G02-A18,2026-05-29T20:03:11.458Z
G02,270,add,Waiting Review,G02-A18,2026-05-30T02:47:49.917Z
G02,270,remove,Doing,G02-A18,2026-05-30T02:47:49.917Z
G02,270,add,Review,G02-A15,2026-05-30T02:48:35.554Z
G02,270,remove,Waiting Review,G02-A15,2026-05-30T02:48:35.554Z
G02,270,remove,Review,G02-A15,2026-05-30T02:51:49.847Z
G02,271,add,DOCUMENTATION,G02-A19,2026-05-29T20:35:18.804Z
G02,271,add,SIZE_M,G02-A19,2026-05-29T20:35:18.804Z
G02,271,add,ART. 9,G02-A19,2026-05-29T20:35:18.804Z
G02,271,add,Backlog,G02-A19,2026-05-29T20:35:25.604Z
G02,271,add,Doing,G02-A19,2026-05-29T20:38:18.978Z
G02,271,remove,Backlog,G02-A19,2026-05-29T20:38:18.978Z
G02,271,add,Waiting Review,G02-A19,2026-05-29T21:05:19.822Z
G02,271,remove,Doing,G02-A19,2026-05-29T21:05:19.822Z
G02,271,add,Review,G02-A12,2026-05-29T23:13:49.610Z
G02,271,remove,Waiting Review,G02-A12,2026-05-29T23:13:49.610Z
G02,271,remove,Review,G02-A12,2026-05-30T00:42:12.239Z
G02,272,add,DOCUMENTATION,G02-A12,2026-05-29T23:05:14.334Z
G02,272,add,SIZE_P,G02-A12,2026-05-29T23:05:14.334Z
G02,272,add,ART. 7,G02-A12,2026-05-29T23:05:14.334Z
G02,272,add,Backlog,G02-A12,2026-05-29T23:05:56.345Z
G02,272,add,Doing,G02-A12,2026-05-29T23:05:58.481Z
G02,272,remove,Backlog,G02-A12,2026-05-29T23:05:58.481Z
G02,272,add,Waiting Review,G02-A12,2026-05-29T23:22:39.850Z
G02,272,remove,Doing,G02-A12,2026-05-29T23:22:39.850Z
G02,272,add,Review,G02-A15,2026-05-29T23:30:54.248Z
G02,272,remove,Waiting Review,G02-A19,2026-05-29T23:31:18.507Z
G02,272,remove,Review,G02-A13,2026-05-30T01:14:45.695Z
G02,273,add,ART. 7,G02-A12,2026-05-30T00:31:08.620Z
G02,273,remove,ART. 7,G02-A12,2026-05-30T00:31:10.790Z
G02,273,add,DOCUMENTATION,G02-A12,2026-05-30T00:31:29.790Z
G02,273,add,SIZE_P,G02-A12,2026-05-30T00:31:29.790Z
G02,273,add,ART. 6,G02-A12,2026-05-30T00:31:29.790Z
G02,273,add,Backlog,G02-A12,2026-05-30T00:31:46.042Z
G02,273,add,Doing,G02-A12,2026-05-30T00:31:55.069Z
G02,273,remove,Backlog,G02-A12,2026-05-30T00:31:55.069Z
G02,273,add,Waiting Review,G02-A12,2026-05-30T00:40:55.959Z
G02,273,remove,Doing,G02-A12,2026-05-30T00:40:55.959Z
G02,274,add,DOCUMENTATION,G02-A12,2026-05-30T01:38:54.807Z
G02,274,add,CODE,G02-A12,2026-05-30T01:38:54.807Z
G02,274,add,SIZE_M,G02-A12,2026-05-30T01:38:54.807Z
G02,274,add,ART. 9,G02-A12,2026-05-30T01:38:54.807Z
G02,274,add,Backlog,G02-A12,2026-05-30T01:39:03.250Z
G02,274,add,Doing,G02-A12,2026-05-30T01:39:05.429Z
G02,274,remove,Backlog,G02-A12,2026-05-30T01:39:05.429Z
G02,275,add,SIZE_G,G02-A12,2026-06-01T14:49:35.572Z
G02,275,add,Backlog,G02-A12,2026-06-01T14:49:44.819Z
G02,275,add,Doing,G02-A12,2026-06-01T14:49:46.451Z
G02,275,remove,Backlog,G02-A12,2026-06-01T14:49:46.451Z
G02,275,add,Waiting Review,G02-A12,2026-06-01T17:28:18.281Z
G02,275,remove,Doing,G02-A12,2026-06-01T17:28:18.281Z
G02,275,add,Review,G02-A19,2026-06-01T18:02:37.032Z
G02,275,remove,Waiting Review,G02-A19,2026-06-01T18:02:37.032Z
G02,275,remove,Review,G02-A19,2026-06-01T18:26:08.992Z
G02,276,add,ART. 10,G02-A15,2026-06-01T17:26:06.551Z
G02,276,add,DOCUMENTATION,G02-A15,2026-06-01T17:26:26.015Z
G02,276,add,CODE,G02-A15,2026-06-01T17:26:26.015Z
G02,276,add,Backlog,G02-A15,2026-06-01T17:29:06.340Z
G02,276,add,Doing,G02-A15,2026-06-01T17:29:07.627Z
G02,276,remove,Backlog,G02-A15,2026-06-01T17:29:07.627Z
G02,276,add,Waiting Review,G02-A15,2026-06-01T20:59:09.212Z
G02,276,remove,Doing,G02-A15,2026-06-01T20:59:09.212Z
G02,276,add,Review,G02-A18,2026-06-02T18:53:38.609Z
G02,276,remove,Waiting Review,G02-A18,2026-06-02T18:53:38.609Z
G02,276,remove,Review,G02-A18,2026-06-02T18:54:46.595Z
G02,277,add,DOCUMENTATION,G02-A18,2026-06-01T17:27:09.191Z
G02,277,add,CODE,G02-A18,2026-06-01T17:27:09.191Z
G02,277,add,ART. 10,G02-A18,2026-06-01T17:27:09.191Z
G02,277,add,Backlog,G02-A18,2026-06-01T17:29:06.586Z
G02,277,add,Doing,G02-A18,2026-06-01T17:29:08.757Z
G02,277,remove,Backlog,G02-A18,2026-06-01T17:29:08.757Z
G02,277,add,Waiting Review,G02-A18,2026-06-01T18:56:58.679Z
G02,277,remove,Doing,G02-A18,2026-06-01T18:56:58.679Z
G02,277,add,SIZE_M,G02-A18,2026-06-01T18:57:15.394Z
G02,277,add,Review,G02-A15,2026-06-02T18:54:41.847Z
G02,277,remove,Waiting Review,G02-A15,2026-06-02T18:54:41.847Z
G02,277,remove,Review,G02-A15,2026-06-02T18:57:09.060Z
G02,278,add,Backlog,G02-A12,2026-06-01T17:28:21.295Z
G02,278,add,DESIGN,G02-A12,2026-06-01T17:28:38.018Z
G02,278,add,SIZE_M,G02-A12,2026-06-01T17:28:38.018Z
G02,278,add,ART. 7,G02-A12,2026-06-01T17:28:38.018Z
G02,278,remove,Backlog,G02-A12,2026-06-01T17:28:38.018Z
G02,278,add,Backlog,G02-A12,2026-06-01T17:30:11.429Z
G02,278,add,Doing,G02-A12,2026-06-01T17:30:12.471Z
G02,278,remove,Backlog,G02-A12,2026-06-01T17:30:12.471Z
G02,278,add,Waiting Review,G02-A12,2026-06-01T18:52:06.158Z
G02,278,remove,Doing,G02-A12,2026-06-01T18:52:06.158Z
G02,278,add,Review,G02-A16,2026-06-12T14:34:43.805Z
G02,278,remove,Waiting Review,G02-A16,2026-06-12T14:34:43.805Z
G02,278,remove,Review,G02-A16,2026-06-12T16:11:52.939Z
G02,279,add,Backlog,G02-A19,2026-06-01T17:28:30.847Z
G02,279,add,DESIGN,G02-A19,2026-06-01T17:29:07.542Z
G02,279,add,SIZE_M,G02-A19,2026-06-01T17:29:07.542Z
G02,279,add,ART. 7,G02-A19,2026-06-01T17:29:07.542Z
G02,279,add,Doing,G02-A12,2026-06-01T17:29:14.186Z
G02,279,remove,Backlog,G02-A12,2026-06-01T17:29:14.186Z
G02,279,add,Waiting Review,G02-A19,2026-06-01T17:53:46.110Z
G02,279,remove,Doing,G02-A19,2026-06-01T17:53:46.110Z
G02,279,add,Review,G02-A12,2026-06-01T18:02:42.493Z
G02,279,remove,Waiting Review,G02-A12,2026-06-01T18:02:42.493Z
G02,279,remove,Review,G02-A12,2026-06-01T18:52:12.315Z
G02,280,add,ART. 7,G02-A13,2026-06-01T17:29:05.033Z
G02,280,add,DESIGN,G02-A13,2026-06-01T17:29:05.033Z
G02,280,add,SIZE_M,G02-A13,2026-06-01T17:29:05.033Z
G02,280,add,Doing,G02-A13,2026-06-01T17:29:47.781Z
G02,280,add,Waiting Review,G02-A13,2026-06-01T18:04:06.190Z
G02,280,remove,Doing,G02-A13,2026-06-01T18:04:06.190Z
G02,280,add,Review,G02-A14,2026-06-08T20:07:02.272Z
G02,280,remove,Waiting Review,G02-A14,2026-06-08T20:07:02.272Z
G02,280,remove,Review,G02-A14,2026-06-10T13:13:19.360Z
G02,281,add,DOCUMENTATION,G02-A14,2026-06-01T17:31:41.925Z
G02,281,add,SIZE_G,G02-A14,2026-06-01T17:31:41.925Z
G02,281,add,ART. 12,G02-A14,2026-06-01T17:31:41.925Z
G02,281,add,Doing,G02-A14,2026-06-01T17:32:06.478Z
G02,281,add,Waiting Review,G02-A14,2026-06-01T20:33:36.487Z
G02,281,remove,Doing,G02-A14,2026-06-01T20:33:36.487Z
G02,281,add,Review,G02-A13,2026-06-03T20:34:16.547Z
G02,281,remove,Waiting Review,G02-A13,2026-06-03T20:34:16.547Z
G02,281,remove,Review,G02-A13,2026-06-05T18:54:39.802Z
G02,282,add,SIZE_M,G02-A19,2026-06-01T18:05:30.617Z
G02,282,add,Backlog,G02-A19,2026-06-01T18:25:52.835Z
G02,282,add,Doing,G02-A19,2026-06-01T18:26:04.905Z
G02,282,remove,Backlog,G02-A19,2026-06-01T18:26:04.905Z
G02,282,add,Waiting Review,G02-A19,2026-06-01T18:56:10.400Z
G02,282,remove,Doing,G02-A19,2026-06-01T18:56:10.400Z
G02,282,add,Review,G02-A12,2026-06-05T13:29:02.087Z
G02,282,remove,Waiting Review,G02-A12,2026-06-05T13:29:02.087Z
G02,282,remove,Review,G02-A12,2026-06-06T22:26:39.188Z
G02,283,add,DOCUMENTATION,G02-A13,2026-06-01T18:05:40.661Z
G02,283,add,SIZE_G,G02-A13,2026-06-01T18:05:40.661Z
G02,283,add,ART. 12,G02-A13,2026-06-01T18:05:40.661Z
G02,283,add,Backlog,G02-A13,2026-06-01T18:05:50.823Z
G02,283,add,Doing,G02-A13,2026-06-01T18:05:56.635Z
G02,283,remove,Backlog,G02-A13,2026-06-01T18:05:56.635Z
G02,283,add,Waiting Review,G02-A13,2026-06-01T18:51:41.721Z
G02,283,remove,Doing,G02-A13,2026-06-01T18:51:41.721Z
G02,283,add,Review,G02-A14,2026-06-08T20:07:04.133Z
G02,283,remove,Waiting Review,G02-A14,2026-06-08T20:07:04.133Z
G02,283,remove,Review,G02-A14,2026-06-10T13:13:17.585Z
G02,284,add,DOCUMENTATION,G02-A14,2026-06-01T20:56:19.045Z
G02,284,add,SIZE_P,G02-A14,2026-06-01T20:56:19.045Z
G02,284,add,ART. 12,G02-A14,2026-06-01T20:56:19.045Z
G02,284,add,Doing,G02-A14,2026-06-01T20:56:26.816Z
G02,284,add,Waiting Review,G02-A14,2026-06-01T21:05:49.466Z
G02,284,remove,Doing,G02-A14,2026-06-01T21:05:49.466Z
G02,284,add,Review,G02-A13,2026-06-03T20:34:14.692Z
G02,284,remove,Waiting Review,G02-A13,2026-06-03T20:34:14.692Z
G02,284,remove,Review,G02-A13,2026-06-05T18:54:38.211Z
G02,285,add,DOCUMENTATION,G02-A13,2026-06-02T17:11:36.382Z
G02,285,add,SIZE_G,G02-A13,2026-06-02T17:11:36.382Z
G02,285,add,ART. 12,G02-A13,2026-06-02T17:12:00.184Z
G02,285,add,Backlog,G02-A13,2026-06-02T17:12:11.837Z
G02,285,add,Doing,G02-A13,2026-06-02T17:12:13.898Z
G02,285,remove,Backlog,G02-A13,2026-06-02T17:12:13.898Z
G02,285,add,Waiting Review,G02-A13,2026-06-02T18:43:06.674Z
G02,285,remove,Doing,G02-A13,2026-06-02T18:43:06.674Z
G02,285,add,Review,G02-A14,2026-06-08T20:06:52.769Z
G02,285,remove,Waiting Review,G02-A14,2026-06-08T20:06:52.769Z
G02,285,remove,Review,G02-A14,2026-06-10T13:13:25.923Z
G02,286,add,ART. 12,G02-A13,2026-06-02T17:12:59.905Z
G02,286,add,DOCUMENTATION,G02-A13,2026-06-02T17:12:59.905Z
G02,286,add,Doing,G02-A13,2026-06-02T17:12:59.905Z
G02,286,add,SIZE_G,G02-A13,2026-06-02T17:12:59.905Z
G02,286,add,Backlog,G02-A13,2026-06-02T17:13:13.022Z
G02,286,remove,Doing,G02-A13,2026-06-02T17:13:13.022Z
G02,286,add,Doing,G02-A13,2026-06-02T20:00:51.117Z
G02,286,remove,Backlog,G02-A13,2026-06-02T20:00:51.117Z
G02,286,add,Waiting Review,G02-A13,2026-06-02T21:51:47.342Z
G02,286,remove,Doing,G02-A13,2026-06-02T21:51:47.342Z
G02,286,add,Review,G02-A14,2026-06-08T20:06:49.219Z
G02,286,remove,Waiting Review,G02-A14,2026-06-08T20:06:49.219Z
G02,286,remove,Review,G02-A14,2026-06-10T13:13:21.125Z
G02,287,add,ART. 12,G02-A14,2026-06-02T17:17:13.009Z
G02,287,add,DOCUMENTATION,G02-A14,2026-06-02T17:17:26.455Z
G02,287,add,SIZE_M,G02-A14,2026-06-02T17:17:26.455Z
G02,287,add,Doing,G02-A14,2026-06-02T17:17:45.816Z
G02,287,add,Waiting Review,G02-A14,2026-06-03T01:32:19.440Z
G02,287,remove,Doing,G02-A14,2026-06-03T01:32:19.440Z
G02,287,add,Review,G02-A13,2026-06-03T20:34:11.686Z
G02,287,remove,Waiting Review,G02-A13,2026-06-03T20:34:11.686Z
G02,287,remove,Review,G02-A13,2026-06-05T18:54:36.876Z
G02,288,add,DOCUMENTATION,G02-A12,2026-06-02T17:26:03.045Z
G02,288,add,ART. 11,G02-A12,2026-06-02T17:26:03.045Z
G02,288,add,SIZE_GG,G02-A12,2026-06-02T17:26:03.045Z
G02,288,add,Backlog,G02-A12,2026-06-02T17:26:20.333Z
G02,288,add,Doing,G02-A12,2026-06-02T17:26:21.439Z
G02,288,remove,Backlog,G02-A12,2026-06-02T17:26:21.439Z
G02,288,add,Waiting Review,G02-A12,2026-06-02T18:56:51.839Z
G02,288,remove,Doing,G02-A12,2026-06-02T18:56:51.839Z
G02,288,add,Review,G02-A16,2026-06-12T14:34:41.517Z
G02,288,remove,Waiting Review,G02-A16,2026-06-12T14:34:41.517Z
G02,288,remove,Review,G02-A16,2026-06-12T16:10:45.846Z
G02,289,add,CODE,G02-A15,2026-06-02T17:21:14.366Z
G02,289,add,SIZE_M,G02-A15,2026-06-02T17:21:14.366Z
G02,289,add,ART. 10,G02-A15,2026-06-02T17:21:14.366Z
G02,289,add,Backlog,G02-A15,2026-06-02T17:21:25.261Z
G02,289,add,Doing,G02-A15,2026-06-02T17:21:26.993Z
G02,289,remove,Backlog,G02-A15,2026-06-02T17:21:26.993Z
G02,289,add,Waiting Review,G02-A15,2026-06-02T18:54:19.367Z
G02,289,remove,Doing,G02-A15,2026-06-02T18:54:19.367Z
G02,289,add,Review,G02-A18,2026-06-02T18:54:42.079Z
G02,289,remove,Waiting Review,G02-A18,2026-06-02T18:54:42.079Z
G02,289,remove,Review,G02-A18,2026-06-02T18:54:47.977Z
G02,290,add,DOCUMENTATION,G02-A13,2026-06-02T17:20:53.622Z
G02,290,add,SIZE_G,G02-A13,2026-06-02T17:20:53.622Z
G02,290,add,ART. 9,G02-A13,2026-06-02T17:20:53.622Z
G02,290,add,Backlog,G02-A13,2026-06-02T17:22:29.341Z
G02,290,add,Doing,G02-A13,2026-06-02T18:43:24.236Z
G02,290,remove,Backlog,G02-A13,2026-06-02T18:43:24.236Z
G02,290,add,Waiting Review,G02-A13,2026-06-02T20:00:53.252Z
G02,290,remove,Doing,G02-A13,2026-06-02T20:00:53.252Z
G02,290,add,Review,G02-A14,2026-06-08T20:06:56.357Z
G02,290,remove,Waiting Review,G02-A14,2026-06-08T20:06:56.357Z
G02,290,remove,Review,G02-A14,2026-06-10T13:13:22.753Z
G02,291,add,CODE,G02-A18,2026-06-02T17:21:47.725Z
G02,291,add,SIZE_M,G02-A18,2026-06-02T17:21:47.725Z
G02,291,add,ART. 10,G02-A18,2026-06-02T17:21:47.725Z
G02,291,add,Doing,G02-A18,2026-06-02T17:21:55.503Z
G02,291,add,Waiting Review,G02-A18,2026-06-02T18:53:32.710Z
G02,291,remove,Doing,G02-A18,2026-06-02T18:53:32.710Z
G02,291,add,Review,G02-A15,2026-06-02T18:54:39.388Z
G02,291,remove,Waiting Review,G02-A15,2026-06-02T18:54:39.388Z
G02,291,remove,Review,G02-A15,2026-06-02T18:57:07.644Z
G02,292,add,CODE,G02-A19,2026-06-02T17:29:00.861Z
G02,292,add,SIZE_G,G02-A19,2026-06-02T17:29:00.861Z
G02,292,add,ART. 11,G02-A19,2026-06-02T17:29:00.861Z
G02,292,add,Backlog,G02-A19,2026-06-02T17:34:12.937Z
G02,292,add,Doing,G02-A19,2026-06-02T17:34:15.907Z
G02,292,remove,Backlog,G02-A19,2026-06-02T17:34:15.907Z
G02,292,add,Waiting Review,G02-A19,2026-06-02T18:56:10.976Z
G02,292,remove,Doing,G02-A19,2026-06-02T18:56:10.976Z
G02,292,add,Review,G02-A12,2026-06-05T13:28:55.887Z
G02,292,remove,Waiting Review,G02-A12,2026-06-05T13:28:55.887Z
G02,292,remove,Review,G02-A12,2026-06-06T22:26:38.252Z
G02,293,add,CODE,G02-A16,2026-06-02T18:56:39.696Z
G02,293,add,SIZE_G,G02-A16,2026-06-02T18:56:39.696Z
G02,293,add,ART. 11,G02-A16,2026-06-02T18:56:39.696Z
G02,293,add,Backlog,G02-A16,2026-06-02T18:56:59.288Z
G02,293,add,Doing,G02-A16,2026-06-02T18:57:02.067Z
G02,293,remove,Backlog,G02-A16,2026-06-02T18:57:02.067Z
G02,293,add,Waiting Review,G02-A16,2026-06-03T00:17:40.507Z
G02,293,remove,Doing,G02-A16,2026-06-03T00:17:40.507Z
G02,293,add,Review,G02-A12,2026-06-10T16:36:13.643Z
G02,293,remove,Waiting Review,G02-A12,2026-06-10T16:36:13.643Z
G02,293,remove,Review,G02-A12,2026-06-11T15:19:10.428Z
G02,294,add,DOCUMENTATION,G02-A18,2026-06-03T14:28:16.300Z
G02,294,add,SIZE_PP,G02-A18,2026-06-03T14:28:16.300Z
G02,294,add,ART. 10,G02-A18,2026-06-03T14:28:16.300Z
G02,294,add,Backlog,G02-A18,2026-06-03T14:28:36.875Z
G02,294,add,Doing,G02-A18,2026-06-03T14:28:38.759Z
G02,294,remove,Backlog,G02-A18,2026-06-03T14:28:38.759Z
G02,294,add,Waiting Review,G02-A18,2026-06-04T19:06:01.113Z
G02,294,remove,Doing,G02-A18,2026-06-04T19:06:01.113Z
G02,294,add,Review,G02-A15,2026-06-08T12:08:37.358Z
G02,294,remove,Waiting Review,G02-A15,2026-06-08T12:08:37.358Z
G02,294,remove,Review,G02-A15,2026-06-08T12:15:44.692Z
G02,295,add,DOCUMENTATION,G02-A15,2026-06-04T15:48:38.143Z
G02,295,add,SIZE_M,G02-A15,2026-06-04T15:49:14.467Z
G02,295,add,Backlog,G02-A15,2026-06-04T15:49:29.047Z
G02,295,add,Doing,G02-A15,2026-06-04T15:49:30.691Z
G02,295,remove,Backlog,G02-A15,2026-06-04T15:49:30.691Z
G02,295,add,Waiting Review,G02-A15,2026-06-04T17:05:08.509Z
G02,295,remove,Doing,G02-A15,2026-06-04T17:05:08.509Z
G02,295,add,Review,G02-A18,2026-06-04T19:11:45.452Z
G02,295,remove,Waiting Review,G02-A18,2026-06-04T19:11:45.452Z
G02,295,remove,Review,G02-A18,2026-06-08T17:28:14.437Z
G02,296,add,DOCUMENTATION,G02-A15,2026-06-04T17:31:42.204Z
G02,296,add,SIZE_M,G02-A15,2026-06-04T17:31:42.204Z
G02,296,add,ART. 10,G02-A15,2026-06-04T17:31:42.204Z
G02,296,add,Backlog,G02-A15,2026-06-04T17:32:26.677Z
G02,296,add,Doing,G02-A15,2026-06-04T17:32:28.212Z
G02,296,remove,Backlog,G02-A15,2026-06-04T17:32:28.212Z
G02,296,add,Waiting Review,G02-A15,2026-06-04T18:36:49.675Z
G02,296,remove,Doing,G02-A15,2026-06-04T18:36:49.675Z
G02,296,add,Review,G02-A18,2026-06-08T17:28:17.859Z
G02,296,remove,Waiting Review,G02-A18,2026-06-08T17:28:17.859Z
G02,296,remove,Review,G02-A18,2026-06-08T17:30:20.800Z
G02,297,add,DOCUMENTATION,G02-A12,2026-06-05T14:00:46.169Z
G02,297,add,SIZE_M,G02-A12,2026-06-05T14:00:46.169Z
G02,297,add,ART. 11,G02-A12,2026-06-05T14:00:46.169Z
G02,297,add,Backlog,G02-A12,2026-06-05T14:01:48.868Z
G02,297,add,Doing,G02-A12,2026-06-05T14:01:51.671Z
G02,297,remove,Backlog,G02-A12,2026-06-05T14:01:51.671Z
G02,297,add,Waiting Review,G02-A12,2026-06-06T22:26:18.819Z
G02,297,remove,Doing,G02-A12,2026-06-06T22:26:18.819Z
G02,298,add,CODE,G02-A19,2026-06-08T17:10:35.099Z
G02,298,add,ART. 11,G02-A19,2026-06-08T17:10:35.099Z
G02,298,add,SIZE_GG,G02-A19,2026-06-08T17:10:35.099Z
G02,298,add,Backlog,G02-A19,2026-06-08T17:14:32.117Z
G02,298,add,Doing,G02-A19,2026-06-08T17:14:35.138Z
G02,298,remove,Backlog,G02-A19,2026-06-08T17:14:35.138Z
G02,298,add,Waiting Review,G02-A19,2026-06-08T17:58:17.344Z
G02,298,remove,Doing,G02-A19,2026-06-08T17:58:17.344Z
G02,298,add,Review,G02-A16,2026-06-08T18:22:19.753Z
G02,298,remove,Waiting Review,G02-A16,2026-06-08T18:22:19.753Z
G02,298,remove,Review,G02-A16,2026-06-08T19:01:26.166Z
G02,299,add,CODE,G02-A12,2026-06-08T17:13:16.756Z
G02,299,add,ART. 11,G02-A12,2026-06-08T17:13:16.756Z
G02,299,add,SIZE_GG,G02-A12,2026-06-08T17:13:16.756Z
G02,299,add,Backlog,G02-A12,2026-06-08T17:14:13.726Z
G02,299,add,Doing,G02-A12,2026-06-08T17:14:15.008Z
G02,299,remove,Backlog,G02-A12,2026-06-08T17:14:15.008Z
G02,299,add,Waiting Review,G02-A12,2026-06-08T17:58:36.170Z
G02,299,remove,Doing,G02-A12,2026-06-08T17:58:36.170Z
G02,299,add,Review,G02-A19,2026-06-08T17:59:11.087Z
G02,299,remove,Waiting Review,G02-A19,2026-06-08T17:59:11.087Z
G02,299,remove,Review,G02-A19,2026-06-08T18:57:07.428Z
G02,300,add,ART. 10,G02-A15,2026-06-08T17:27:19.092Z
G02,300,add,CODE,G02-A15,2026-06-08T17:27:32.058Z
G02,300,add,SIZE_M,G02-A15,2026-06-08T17:27:48.087Z
G02,300,add,Backlog,G02-A15,2026-06-08T17:28:47.273Z
G02,300,add,Doing,G02-A15,2026-06-08T17:28:50.048Z
G02,300,remove,Backlog,G02-A15,2026-06-08T17:28:50.048Z
G02,300,add,Waiting Review,G02-A15,2026-06-08T21:43:35.552Z
G02,300,remove,Doing,G02-A15,2026-06-08T21:43:35.552Z
G02,300,add,Review,G02-A12,2026-06-12T10:57:05.190Z
G02,300,remove,Waiting Review,G02-A12,2026-06-12T10:57:05.190Z
G02,300,remove,Review,G02-A12,2026-06-12T14:36:46.466Z
G02,301,add,Backlog,G02-A18,2026-06-08T17:27:18.131Z
G02,301,add,DOCUMENTATION,G02-A18,2026-06-08T17:27:49.310Z
G02,301,add,CODE,G02-A18,2026-06-08T17:27:49.310Z
G02,301,add,SIZE_M,G02-A18,2026-06-08T17:27:49.310Z
G02,301,add,ART. 10,G02-A18,2026-06-08T17:27:49.310Z
G02,301,add,Doing,G02-A18,2026-06-08T17:28:01.238Z
G02,301,remove,Backlog,G02-A18,2026-06-08T17:28:01.238Z
G02,301,add,Waiting Review,G02-A18,2026-06-08T18:42:14.252Z
G02,301,remove,Doing,G02-A18,2026-06-08T18:42:14.252Z
G02,301,add,Review,G02-A15,2026-06-08T18:42:23.533Z
G02,301,remove,Waiting Review,G02-A15,2026-06-08T18:42:23.533Z
G02,301,remove,Review,G02-A15,2026-06-08T20:51:18.281Z
G02,302,add,DOCUMENTATION,G02-A14,2026-06-08T17:32:22.302Z
G02,302,add,SIZE_M,G02-A14,2026-06-08T17:32:22.302Z
G02,302,add,ART. 12,G02-A14,2026-06-08T17:32:22.302Z
G02,302,add,Doing,G02-A14,2026-06-08T17:32:39.068Z
G02,302,add,Waiting Review,G02-A14,2026-06-08T19:04:35.764Z
G02,302,remove,Doing,G02-A14,2026-06-08T19:04:35.764Z
G02,302,add,Review,G02-A13,2026-06-12T23:22:59.462Z
G02,302,remove,Waiting Review,G02-A13,2026-06-12T23:22:59.462Z
G02,302,remove,Review,G02-A13,2026-06-13T00:45:00.368Z
G02,303,add,ART. 12,G02-A13,2026-06-08T17:33:55.126Z
G02,303,add,DOCUMENTATION,G02-A13,2026-06-08T17:33:55.126Z
G02,303,add,Doing,G02-A13,2026-06-08T17:33:55.126Z
G02,303,add,SIZE_M,G02-A13,2026-06-08T17:33:55.126Z
G02,303,add,Waiting Review,G02-A13,2026-06-10T03:30:50.144Z
G02,303,remove,Doing,G02-A13,2026-06-10T03:30:50.144Z
G02,303,add,Review,G02-A12,2026-06-13T01:03:46.395Z
G02,303,remove,Waiting Review,G02-A12,2026-06-13T01:03:46.395Z
G02,303,remove,Review,G02-A12,2026-06-13T01:23:00.041Z
G02,304,add,CODE,G02-A16,2026-06-08T17:40:29.832Z
G02,304,add,ART. 11,G02-A16,2026-06-08T17:40:29.832Z
G02,304,add,SIZE_GG,G02-A16,2026-06-08T17:40:29.832Z
G02,304,add,Backlog,G02-A16,2026-06-08T17:41:01.702Z
G02,304,add,Doing,G02-A16,2026-06-08T17:41:03.193Z
G02,304,remove,Backlog,G02-A16,2026-06-08T17:41:03.193Z
G02,304,add,Waiting Review,G02-A16,2026-06-08T17:59:37.356Z
G02,304,remove,Doing,G02-A16,2026-06-08T17:59:37.356Z
G02,304,add,Review,G02-A12,2026-06-10T16:36:11.737Z
G02,304,remove,Waiting Review,G02-A12,2026-06-10T16:36:11.737Z
G02,304,remove,Review,G02-A12,2026-06-11T15:19:07.434Z
G02,305,add,CODE,G02-A12,2026-06-08T19:04:18.800Z
G02,305,add,SIZE_M,G02-A12,2026-06-08T19:04:18.800Z
G02,305,add,ART. 11,G02-A12,2026-06-08T19:04:18.800Z
G02,305,add,Backlog,G02-A12,2026-06-08T19:04:23.565Z
G02,305,add,Doing,G02-A12,2026-06-08T19:04:25.222Z
G02,305,remove,Backlog,G02-A12,2026-06-08T19:04:25.222Z
G02,305,add,Waiting Review,G02-A12,2026-06-08T22:18:45.232Z
G02,305,remove,Doing,G02-A12,2026-06-08T22:18:45.232Z
G02,305,add,Review,G02-A19,2026-06-08T23:17:28.902Z
G02,305,remove,Waiting Review,G02-A19,2026-06-08T23:17:28.902Z
G02,305,remove,Review,G02-A19,2026-06-08T23:44:55.001Z
G02,306,add,Backlog,G02-A12,2026-06-08T22:23:32.842Z
G02,306,add,Doing,G02-A12,2026-06-08T22:23:35.152Z
G02,306,remove,Backlog,G02-A12,2026-06-08T22:23:35.152Z
G02,306,add,CODE,G02-A12,2026-06-08T22:23:56.429Z
G02,306,add,SIZE_M,G02-A12,2026-06-08T22:23:56.429Z
G02,306,add,ART. 11,G02-A12,2026-06-08T22:23:56.429Z
G02,306,add,Waiting Review,G02-A12,2026-06-09T00:04:21.741Z
G02,306,remove,Doing,G02-A12,2026-06-09T00:04:21.741Z
G02,306,add,Review,G02-A19,2026-06-09T01:11:19.292Z
G02,306,remove,Waiting Review,G02-A19,2026-06-09T01:11:19.292Z
G02,306,remove,Review,G02-A19,2026-06-09T01:55:59.821Z
G02,307,add,DOCUMENTATION,G02-A12,2026-06-08T22:37:27.724Z
G02,307,add,CODE,G02-A12,2026-06-08T22:37:27.724Z
G02,307,add,SIZE_P,G02-A12,2026-06-08T22:37:27.724Z
G02,307,add,ART. 11,G02-A12,2026-06-08T22:37:27.724Z
G02,307,add,Backlog,G02-A12,2026-06-09T00:04:24.924Z
G02,307,add,Doing,G02-A12,2026-06-09T00:04:27.403Z
G02,307,remove,Backlog,G02-A12,2026-06-09T00:04:27.403Z
G02,307,remove,SIZE_P,G02-A12,2026-06-09T00:56:01.616Z
G02,307,add,SIZE_M,G02-A12,2026-06-09T00:56:07.779Z
G02,307,add,Waiting Review,G02-A12,2026-06-09T01:03:12.625Z
G02,307,remove,Doing,G02-A12,2026-06-09T01:03:12.625Z
G02,307,add,Review,G02-A19,2026-06-09T01:11:21.036Z
G02,307,remove,Waiting Review,G02-A19,2026-06-09T01:11:21.036Z
G02,307,remove,Review,G02-A19,2026-06-09T01:56:02.470Z
G02,308,add,DOCUMENTATION,G02-A12,2026-06-09T01:39:46.153Z
G02,308,add,SIZE_PP,G02-A12,2026-06-09T01:39:46.153Z
G02,308,add,ART. 11,G02-A12,2026-06-09T01:39:46.153Z
G02,308,add,Backlog,G02-A12,2026-06-09T01:39:56.453Z
G02,308,add,Doing,G02-A12,2026-06-09T01:39:57.860Z
G02,308,remove,Backlog,G02-A12,2026-06-09T01:39:57.860Z
G02,308,add,SIZE_P,G02-A12,2026-06-09T01:40:08.472Z
G02,308,remove,SIZE_PP,G02-A12,2026-06-09T01:40:10.437Z
G02,308,add,Waiting Review,G02-A12,2026-06-09T10:45:24.071Z
G02,308,remove,Doing,G02-A12,2026-06-09T10:45:24.071Z
G02,308,add,Review,G02-A19,2026-06-09T17:19:18.814Z
G02,308,remove,Waiting Review,G02-A19,2026-06-09T17:19:18.814Z
G02,309,add,Doing,G02-A12,2026-06-09T10:45:46.473Z
G02,309,add,ART. 11,G02-A12,2026-06-09T10:45:46.473Z
G02,309,remove,Doing,G02-A12,2026-06-09T10:45:47.759Z
G02,309,add,DOCUMENTATION,G02-A12,2026-06-09T10:45:58.221Z
G02,309,add,SIZE_PP,G02-A12,2026-06-09T10:45:58.221Z
G02,309,add,Backlog,G02-A12,2026-06-09T10:46:51.795Z
G02,309,add,Doing,G02-A12,2026-06-09T10:46:53.689Z
G02,309,remove,Backlog,G02-A12,2026-06-09T10:46:53.689Z
G02,309,add,Waiting Review,G02-A12,2026-06-09T11:28:28.199Z
G02,309,remove,Doing,G02-A12,2026-06-09T11:28:28.199Z
G02,309,add,Review,G02-A19,2026-06-09T17:10:39.996Z
G02,309,remove,Waiting Review,G02-A19,2026-06-09T17:10:39.996Z
G02,309,remove,Review,G02-A19,2026-06-09T17:18:42.243Z
G02,310,add,DOCUMENTATION,G02-A19,2026-06-09T12:24:34.561Z
G02,310,add,SIZE_M,G02-A19,2026-06-09T12:24:34.561Z
G02,310,add,ART. 11,G02-A19,2026-06-09T12:24:34.561Z
G02,310,add,Backlog,G02-A19,2026-06-09T12:25:21.575Z
G02,310,add,Doing,G02-A19,2026-06-09T12:25:24.509Z
G02,310,remove,Backlog,G02-A19,2026-06-09T12:25:24.509Z
G02,310,add,Waiting Review,G02-A19,2026-06-09T12:37:22.575Z
G02,310,remove,Doing,G02-A19,2026-06-09T12:37:22.575Z
G02,310,add,Review,G02-A12,2026-06-09T12:49:22.979Z
G02,310,remove,Waiting Review,G02-A12,2026-06-09T12:49:22.979Z
G02,310,remove,Review,G02-A12,2026-06-09T16:59:45.823Z
G02,311,add,DOCUMENTATION,G02-A19,2026-06-09T12:57:47.005Z
G02,311,add,SIZE_M,G02-A19,2026-06-09T12:57:47.005Z
G02,311,add,ART. 11,G02-A19,2026-06-09T12:57:47.005Z
G02,311,add,Backlog,G02-A19,2026-06-09T12:58:20.237Z
G02,311,add,Doing,G02-A19,2026-06-09T12:58:24.845Z
G02,311,remove,Backlog,G02-A19,2026-06-09T12:58:24.845Z
G02,311,add,Waiting Review,G02-A19,2026-06-09T13:14:28.519Z
G02,311,remove,Doing,G02-A19,2026-06-09T13:14:28.519Z
G02,311,add,Review,G02-A12,2026-06-09T14:46:43.773Z
G02,311,remove,Waiting Review,G02-A12,2026-06-09T14:46:43.773Z
G02,311,remove,Review,G02-A12,2026-06-09T16:59:42.963Z
G02,312,add,CODE,G02-A15,2026-06-09T14:20:40.503Z
G02,312,add,SIZE_P,G02-A15,2026-06-09T14:20:40.503Z
G02,312,add,Backlog,G02-A15,2026-06-09T16:17:51.796Z
G02,312,add,Doing,G02-A15,2026-06-09T16:18:19.029Z
G02,312,remove,Backlog,G02-A15,2026-06-09T16:18:19.029Z
G02,312,add,Waiting Review,G02-A15,2026-06-09T17:10:18.737Z
G02,312,remove,Doing,G02-A15,2026-06-09T17:10:18.737Z
G02,312,add,Review,G02-A12,2026-06-12T10:57:03.440Z
G02,312,remove,Waiting Review,G02-A12,2026-06-12T10:57:03.440Z
G02,312,remove,Review,G02-A12,2026-06-12T14:36:56.091Z
G02,313,add,DOCUMENTATION,G02-A19,2026-06-09T14:23:36.556Z
G02,313,add,SIZE_M,G02-A19,2026-06-09T14:23:36.556Z
G02,313,add,ART. 11,G02-A19,2026-06-09T14:23:36.556Z
G02,313,add,Backlog,G02-A19,2026-06-09T14:24:28.840Z
G02,313,add,Doing,G02-A19,2026-06-09T14:24:31.281Z
G02,313,remove,Backlog,G02-A19,2026-06-09T14:24:31.281Z
G02,313,add,Waiting Review,G02-A19,2026-06-09T14:37:34.417Z
G02,313,remove,Doing,G02-A19,2026-06-09T14:37:34.417Z
G02,313,add,Review,G02-A12,2026-06-09T14:46:42.340Z
G02,313,remove,Waiting Review,G02-A12,2026-06-09T14:46:42.340Z
G02,313,remove,Review,G02-A12,2026-06-09T16:59:44.215Z
G02,314,add,CODE,G02-A15,2026-06-09T14:47:43.236Z
G02,314,add,SIZE_P,G02-A15,2026-06-09T14:47:43.236Z
G02,314,add,Backlog,G02-A12,2026-06-09T17:42:18.611Z
G02,314,add,Doing,G02-A12,2026-06-12T01:41:18.013Z
G02,314,remove,Backlog,G02-A12,2026-06-12T01:41:18.013Z
G02,314,add,Waiting Review,G02-A12,2026-06-12T01:46:32.582Z
G02,314,remove,Doing,G02-A12,2026-06-12T01:46:32.582Z
G02,314,add,Review,G02-A16,2026-06-12T14:34:17.305Z
G02,314,remove,Waiting Review,G02-A16,2026-06-12T14:34:17.305Z
G02,314,remove,Review,G02-A16,2026-06-12T16:09:31.165Z
G02,315,add,CODE,G02-A15,2026-06-09T14:48:01.657Z
G02,315,add,SIZE_P,G02-A15,2026-06-09T14:48:01.657Z
G02,315,add,Backlog,G02-A12,2026-06-09T17:40:58.189Z
G02,315,add,Doing,G02-A12,2026-06-10T16:54:30.189Z
G02,315,remove,Backlog,G02-A12,2026-06-10T16:54:30.189Z
G02,315,add,Waiting Review,G02-A12,2026-06-10T21:44:06.878Z
G02,315,remove,Doing,G02-A12,2026-06-10T21:44:06.878Z
G02,315,add,Review,G02-A16,2026-06-12T14:34:25.097Z
G02,315,remove,Waiting Review,G02-A16,2026-06-12T14:34:25.097Z
G02,315,remove,Review,G02-A16,2026-06-12T16:12:02.705Z
G02,316,add,CODE,G02-A15,2026-06-09T14:48:09.305Z
G02,316,add,SIZE_P,G02-A15,2026-06-09T14:48:09.305Z
G02,316,add,Backlog,G02-A15,2026-06-11T03:37:09.450Z
G02,316,add,Doing,G02-A15,2026-06-11T03:37:57.970Z
G02,316,remove,Backlog,G02-A15,2026-06-11T03:37:57.970Z
G02,316,add,Waiting Review,G02-A15,2026-06-11T04:20:17.265Z
G02,316,remove,Doing,G02-A15,2026-06-11T04:20:17.265Z
G02,316,add,Review,G02-A12,2026-06-12T03:14:41.742Z
G02,316,remove,Waiting Review,G02-A12,2026-06-12T03:14:41.742Z
G02,316,remove,Review,G02-A12,2026-06-12T10:56:01.829Z
G02,317,add,CODE,G02-A15,2026-06-09T14:48:14.920Z
G02,317,add,SIZE_P,G02-A15,2026-06-09T14:48:14.920Z
G02,317,add,Backlog,G02-A15,2026-06-11T03:37:54.694Z
G02,317,add,Doing,G02-A15,2026-06-11T03:38:01.669Z
G02,317,remove,Backlog,G02-A15,2026-06-11T03:38:01.669Z
G02,317,add,Waiting Review,G02-A15,2026-06-11T04:20:18.620Z
G02,317,remove,Doing,G02-A15,2026-06-11T04:20:18.620Z
G02,317,add,Review,G02-A12,2026-06-12T03:14:40.267Z
G02,317,remove,Waiting Review,G02-A12,2026-06-12T03:14:40.267Z
G02,317,remove,Review,G02-A12,2026-06-12T10:56:03.305Z
G02,318,add,CODE,G02-A15,2026-06-09T14:48:20.587Z
G02,318,add,SIZE_P,G02-A15,2026-06-09T14:48:20.587Z
G02,318,add,Backlog,G02-A15,2026-06-11T13:19:40.621Z
G02,318,add,Doing,G02-A15,2026-06-11T14:41:54.928Z
G02,318,remove,Backlog,G02-A15,2026-06-11T14:41:54.928Z
G02,318,add,Waiting Review,G02-A15,2026-06-11T15:08:13.600Z
G02,318,remove,Doing,G02-A15,2026-06-11T15:08:13.600Z
G02,318,add,Review,G02-A12,2026-06-11T15:18:58.601Z
G02,318,remove,Waiting Review,G02-A12,2026-06-11T15:18:58.601Z
G02,318,remove,Review,G02-A12,2026-06-11T17:32:55.463Z
G02,319,add,CODE,G02-A15,2026-06-09T14:48:26.659Z
G02,319,add,SIZE_P,G02-A15,2026-06-09T14:48:26.659Z
G02,319,add,Backlog,G02-A15,2026-06-11T15:08:27.726Z
G02,319,add,Doing,G02-A15,2026-06-11T15:08:29.294Z
G02,319,remove,Backlog,G02-A15,2026-06-11T15:08:29.294Z
G02,319,add,Waiting Review,G02-A15,2026-06-11T15:19:03.497Z
G02,319,remove,Doing,G02-A15,2026-06-11T15:19:03.497Z
G02,319,add,Review,G02-A12,2026-06-11T15:19:30.964Z
G02,319,remove,Waiting Review,G02-A12,2026-06-11T15:19:30.964Z
G02,319,remove,Review,G02-A12,2026-06-11T17:32:54.480Z
G02,320,add,CODE,G02-A15,2026-06-09T14:49:08.145Z
G02,320,add,SIZE_P,G02-A15,2026-06-09T14:49:08.145Z
G02,320,add,Backlog,G02-A15,2026-06-12T01:41:40.547Z
G02,320,remove,SIZE_P,G02-A15,2026-06-12T01:41:43.756Z
G02,320,add,SIZE_GG,G02-A15,2026-06-12T01:42:01.653Z
G02,320,add,Doing,G02-A15,2026-06-12T01:42:09.680Z
G02,320,remove,Backlog,G02-A15,2026-06-12T01:42:09.680Z
G02,320,add,Waiting Review,G02-A15,2026-06-12T04:13:35.394Z
G02,320,remove,Doing,G02-A15,2026-06-12T04:13:35.394Z
G02,320,add,Review,G02-A12,2026-06-12T10:56:25.968Z
G02,320,remove,Waiting Review,G02-A12,2026-06-12T10:56:25.968Z
G02,320,remove,Review,G02-A12,2026-06-12T14:37:11.536Z
G02,321,add,DESIGN,G02-A12,2026-06-09T14:51:03.123Z
G02,321,add,SIZE_G,G02-A12,2026-06-24T13:19:18.139Z
G02,321,add,DOCUMENTATION,G02-A12,2026-06-24T17:31:07.114Z
G02,321,add,ART. 15,G02-A12,2026-06-24T17:31:07.114Z
G02,321,add,Backlog,G02-A12,2026-06-24T17:31:26.179Z
G02,321,add,Doing,G02-A12,2026-06-24T17:31:27.904Z
G02,321,remove,Backlog,G02-A12,2026-06-24T17:31:27.904Z
G02,321,add,Waiting Review,G02-A12,2026-06-24T18:01:09.070Z
G02,321,remove,Doing,G02-A12,2026-06-24T18:01:09.070Z
G02,321,add,Review,G02-A19,2026-06-26T02:23:43.147Z
G02,321,remove,Waiting Review,G02-A19,2026-06-26T02:23:43.147Z
G02,321,remove,Review,G02-A19,2026-06-26T02:55:43.176Z
G02,322,add,CODE,G02-A16,2026-06-09T17:15:54.462Z
G02,322,add,SIZE_P,G02-A16,2026-06-09T17:15:54.462Z
G02,322,add,Doing,G02-A16,2026-06-09T17:34:06.795Z
G02,322,add,SIZE_M,G02-A19,2026-06-09T17:40:31.098Z
G02,322,remove,SIZE_P,G02-A19,2026-06-09T17:40:31.098Z
G02,322,add,Waiting Review,G02-A19,2026-06-09T17:43:44.707Z
G02,322,remove,Doing,G02-A19,2026-06-09T17:43:44.707Z
G02,322,add,Review,G02-A12,2026-06-12T03:13:59.551Z
G02,322,remove,Waiting Review,G02-A12,2026-06-12T03:13:59.551Z
G02,322,remove,Review,G02-A12,2026-06-12T10:56:15.795Z
G02,323,add,CODE,G02-A16,2026-06-09T17:17:22.432Z
G02,323,add,SIZE_P,G02-A16,2026-06-09T17:17:22.432Z
G02,323,add,Backlog,G02-A16,2026-06-09T17:45:11.627Z
G02,323,add,Doing,G02-A16,2026-06-09T17:45:12.758Z
G02,323,remove,Backlog,G02-A16,2026-06-09T17:45:12.758Z
G02,323,add,Waiting Review,G02-A16,2026-06-09T18:53:56.956Z
G02,323,remove,Doing,G02-A16,2026-06-09T18:53:56.956Z
G02,323,add,Review,G02-A12,2026-06-12T10:56:58.817Z
G02,323,remove,Waiting Review,G02-A12,2026-06-12T10:56:58.817Z
G02,323,remove,Review,G02-A12,2026-06-12T14:36:20.463Z
G02,324,add,CODE,G02-A16,2026-06-09T17:17:29.961Z
G02,324,add,SIZE_P,G02-A16,2026-06-09T17:17:29.961Z
G02,324,add,Backlog,G02-A16,2026-06-10T12:41:57.679Z
G02,324,add,Doing,G02-A16,2026-06-10T12:41:59.428Z
G02,324,remove,Backlog,G02-A16,2026-06-10T12:41:59.428Z
G02,324,add,Waiting Review,G02-A16,2026-06-11T01:03:18.075Z
G02,324,remove,Doing,G02-A16,2026-06-11T01:03:18.075Z
G02,324,add,Review,G02-A12,2026-06-12T03:14:33.017Z
G02,324,remove,Waiting Review,G02-A12,2026-06-12T03:14:33.017Z
G02,324,remove,Review,G02-A12,2026-06-12T10:56:06.676Z
G02,325,add,CODE,G02-A16,2026-06-09T17:17:35.931Z
G02,325,add,SIZE_P,G02-A16,2026-06-09T17:17:35.931Z
G02,325,add,Backlog,G02-A16,2026-06-11T13:23:12.459Z
G02,325,add,Doing,G02-A16,2026-06-11T13:23:14.052Z
G02,325,remove,Backlog,G02-A16,2026-06-11T13:23:14.052Z
G02,325,add,Waiting Review,G02-A16,2026-06-11T17:37:46.324Z
G02,325,remove,Doing,G02-A16,2026-06-11T17:37:46.324Z
G02,325,add,Review,G02-A12,2026-06-12T03:14:31.751Z
G02,325,remove,Waiting Review,G02-A12,2026-06-12T03:14:31.751Z
G02,325,remove,Review,G02-A12,2026-06-12T10:56:08.149Z
G02,326,add,CODE,G02-A16,2026-06-09T17:17:40.916Z
G02,326,add,SIZE_P,G02-A16,2026-06-09T17:17:40.916Z
G02,326,add,Backlog,G02-A16,2026-06-11T17:39:49.929Z
G02,326,add,Doing,G02-A16,2026-06-11T17:39:56.922Z
G02,326,remove,Backlog,G02-A16,2026-06-11T17:39:56.922Z
G02,326,add,Waiting Review,G02-A16,2026-06-11T17:53:45.482Z
G02,326,remove,Doing,G02-A16,2026-06-11T17:53:45.482Z
G02,326,add,Review,G02-A12,2026-06-12T03:14:56.475Z
G02,326,remove,Waiting Review,G02-A12,2026-06-12T03:14:56.475Z
G02,326,remove,Review,G02-A12,2026-06-12T10:55:57.988Z
G02,327,add,CODE,G02-A16,2026-06-09T17:17:47.172Z
G02,327,add,SIZE_P,G02-A16,2026-06-09T17:17:47.172Z
G02,327,add,Backlog,G02-A16,2026-06-11T17:39:51.937Z
G02,327,add,Doing,G02-A16,2026-06-11T17:53:51.902Z
G02,327,remove,Backlog,G02-A16,2026-06-11T17:53:51.902Z
G02,327,add,Waiting Review,G02-A16,2026-06-11T18:13:28.476Z
G02,327,remove,Doing,G02-A16,2026-06-11T18:13:28.476Z
G02,327,add,Review,G02-A12,2026-06-12T03:15:00.136Z
G02,327,remove,Waiting Review,G02-A12,2026-06-12T03:15:00.136Z
G02,327,remove,Review,G02-A12,2026-06-12T10:55:56.809Z
G02,328,add,CODE,G02-A16,2026-06-09T17:17:55.547Z
G02,328,add,SIZE_P,G02-A16,2026-06-09T17:17:55.547Z
G02,328,add,Backlog,G02-A16,2026-06-11T17:39:53.421Z
G02,328,add,Doing,G02-A16,2026-06-11T18:13:35.621Z
G02,328,remove,Backlog,G02-A16,2026-06-11T18:13:35.621Z
G02,328,add,Waiting Review,G02-A16,2026-06-11T18:33:00.511Z
G02,328,remove,Doing,G02-A16,2026-06-11T18:33:00.511Z
G02,328,add,Review,G02-A12,2026-06-12T03:15:01.959Z
G02,328,remove,Waiting Review,G02-A12,2026-06-12T03:15:01.959Z
G02,328,remove,Review,G02-A12,2026-06-12T10:55:55.374Z
G02,329,add,CODE,G02-A16,2026-06-09T17:18:01.774Z
G02,329,add,SIZE_P,G02-A16,2026-06-09T17:18:01.774Z
G02,329,add,Backlog,G02-A16,2026-06-11T17:39:55.220Z
G02,329,add,Doing,G02-A16,2026-06-11T18:33:03.784Z
G02,329,remove,Backlog,G02-A16,2026-06-11T18:33:03.784Z
G02,329,add,Waiting Review,G02-A16,2026-06-11T18:42:29.138Z
G02,329,remove,Doing,G02-A16,2026-06-11T18:42:29.138Z
G02,329,add,Review,G02-A12,2026-06-12T03:15:07.344Z
G02,329,remove,Waiting Review,G02-A12,2026-06-12T03:15:07.344Z
G02,329,remove,Review,G02-A12,2026-06-12T10:55:31.566Z
G02,330,add,CODE,G02-A16,2026-06-09T17:18:12.958Z
G02,330,add,SIZE_P,G02-A16,2026-06-09T17:18:12.958Z
G02,330,add,Backlog,G02-A16,2026-06-11T18:42:35.787Z
G02,330,add,Doing,G02-A16,2026-06-11T18:42:39.009Z
G02,330,remove,Backlog,G02-A16,2026-06-11T18:42:39.009Z
G02,330,add,Waiting Review,G02-A16,2026-06-11T19:19:13.716Z
G02,330,remove,Doing,G02-A16,2026-06-11T19:19:13.716Z
G02,330,add,Review,G02-A12,2026-06-12T03:15:16.236Z
G02,330,remove,Waiting Review,G02-A12,2026-06-12T03:15:16.236Z
G02,330,remove,Review,G02-A12,2026-06-12T10:55:29.441Z
G02,331,add,DOCUMENTATION,G02-A16,2026-06-09T17:22:27.597Z
G02,331,add,SIZE_M,G02-A16,2026-06-09T17:22:27.597Z
G02,331,add,ART. 11,G02-A16,2026-06-09T17:22:27.597Z
G02,331,add,Backlog,G02-A16,2026-06-09T17:22:45.897Z
G02,331,add,Doing,G02-A16,2026-06-09T17:22:51.797Z
G02,331,remove,Backlog,G02-A16,2026-06-09T17:22:51.797Z
G02,331,add,Waiting Review,G02-A16,2026-06-09T17:33:54.073Z
G02,331,remove,Doing,G02-A16,2026-06-09T17:33:54.073Z
G02,331,add,Review,G02-A12,2026-06-09T18:07:07.377Z
G02,331,remove,Waiting Review,G02-A12,2026-06-09T18:07:07.377Z
G02,332,add,DESIGN,G02-A12,2026-06-09T17:32:45.181Z
G02,332,add,SIZE_M,G02-A12,2026-06-09T17:32:45.181Z
G02,332,add,ART. 7,G02-A12,2026-06-09T17:32:45.181Z
G02,332,add,Backlog,G02-A12,2026-06-09T17:33:18.047Z
G02,332,add,Doing,G02-A12,2026-06-09T17:33:19.966Z
G02,332,remove,Backlog,G02-A12,2026-06-09T17:33:19.966Z
G02,332,add,Waiting Review,G02-A12,2026-06-09T18:54:04.807Z
G02,332,remove,Doing,G02-A12,2026-06-09T18:54:04.807Z
G02,332,add,Review,G02-A16,2026-06-12T14:34:33.240Z
G02,332,remove,Waiting Review,G02-A16,2026-06-12T14:34:33.240Z
G02,332,remove,Review,G02-A16,2026-06-12T16:12:33.967Z
G02,333,add,DOCUMENTATION,G02-A12,2026-06-09T17:37:47.520Z
G02,333,add,SIZE_M,G02-A12,2026-06-09T17:37:47.520Z
G02,333,add,Backlog,G02-A12,2026-06-09T17:38:09.276Z
G02,333,add,Doing,G02-A12,2026-06-12T22:38:51.832Z
G02,333,remove,Backlog,G02-A12,2026-06-12T22:38:51.832Z
G02,333,add,Waiting Review,G02-A12,2026-06-12T23:15:50.123Z
G02,333,remove,Doing,G02-A12,2026-06-12T23:15:50.123Z
G02,333,add,Review,G02-A15,2026-06-13T02:22:46.928Z
G02,333,remove,Waiting Review,G02-A15,2026-06-13T02:22:46.928Z
G02,333,remove,Review,G02-A15,2026-06-13T02:37:46.350Z
G02,334,add,CODE,G02-A12,2026-06-09T17:39:21.293Z
G02,334,add,SIZE_P,G02-A12,2026-06-09T17:39:21.293Z
G02,334,add,BUG,G02-A15,2026-06-15T21:37:21.216Z
G02,334,add,SIZE_M,G02-A15,2026-06-15T21:37:21.216Z
G02,334,remove,CODE,G02-A15,2026-06-15T21:37:21.216Z
G02,334,remove,SIZE_P,G02-A15,2026-06-15T21:37:21.216Z
G02,335,add,CODE,G02-A18,2026-06-09T17:42:00.796Z
G02,335,add,SIZE_M,G02-A18,2026-06-09T17:42:00.796Z
G02,335,add,Backlog,G02-A18,2026-06-09T17:42:33.695Z
G02,335,add,Doing,G02-A18,2026-06-09T17:42:37.090Z
G02,335,remove,Backlog,G02-A18,2026-06-09T17:42:37.090Z
G02,335,add,Waiting Review,G02-A18,2026-06-09T18:53:59.578Z
G02,335,remove,Doing,G02-A18,2026-06-09T18:53:59.578Z
G02,335,add,Review,G02-A15,2026-06-11T03:35:04.642Z
G02,335,remove,Waiting Review,G02-A15,2026-06-11T03:35:04.642Z
G02,335,remove,Review,G02-A15,2026-06-11T04:20:36.812Z
G02,336,add,CODE,G02-A19,2026-06-09T17:41:57.551Z
G02,336,add,SIZE_M,G02-A19,2026-06-09T17:41:57.551Z
G02,336,add,Backlog,G02-A19,2026-06-09T17:44:36.882Z
G02,336,add,Doing,G02-A19,2026-06-09T17:45:10.187Z
G02,336,remove,Backlog,G02-A19,2026-06-09T17:45:10.187Z
G02,336,add,Waiting Review,G02-A19,2026-06-09T18:25:27.496Z
G02,336,remove,Doing,G02-A19,2026-06-09T18:25:27.496Z
G02,336,add,Review,G02-A12,2026-06-12T03:13:57.981Z
G02,336,remove,Waiting Review,G02-A12,2026-06-12T03:13:57.981Z
G02,336,remove,Review,G02-A12,2026-06-12T10:56:15.029Z
G02,337,add,CODE,G02-A18,2026-06-10T14:48:02.682Z
G02,337,add,SIZE_M,G02-A18,2026-06-10T14:48:02.682Z
G02,337,add,Backlog,G02-A18,2026-06-10T14:48:10.233Z
G02,337,add,Doing,G02-A18,2026-06-10T14:48:11.958Z
G02,337,remove,Backlog,G02-A18,2026-06-10T14:48:11.958Z
G02,337,add,Waiting Review,G02-A18,2026-06-10T17:36:07.557Z
G02,337,remove,Doing,G02-A18,2026-06-10T17:36:07.557Z
G02,337,add,Review,G02-A15,2026-06-11T03:34:56.861Z
G02,337,remove,Waiting Review,G02-A15,2026-06-11T03:34:56.861Z
G02,337,remove,Review,G02-A15,2026-06-11T04:20:35.379Z
G02,338,add,Backlog,G02-A18,2026-06-10T18:08:40.944Z
G02,338,add,Doing,G02-A18,2026-06-10T18:08:42.417Z
G02,338,remove,Backlog,G02-A18,2026-06-10T18:08:42.417Z
G02,338,add,DOCUMENTATION,G02-A18,2026-06-10T18:09:00.137Z
G02,338,add,SIZE_M,G02-A18,2026-06-10T18:09:00.137Z
G02,338,add,Waiting Review,G02-A18,2026-06-10T20:56:50.027Z
G02,338,remove,Doing,G02-A18,2026-06-10T20:56:50.027Z
G02,338,add,Review,G02-A15,2026-06-11T03:34:54.818Z
G02,338,remove,Waiting Review,G02-A15,2026-06-11T03:34:54.818Z
G02,338,remove,Review,G02-A15,2026-06-11T04:20:37.513Z
G02,339,add,SIZE_M,G02-A15,2026-06-11T01:58:07.077Z
G02,339,add,Backlog,G02-A15,2026-06-11T01:58:41.225Z
G02,339,add,CODE,G02-A15,2026-06-11T01:58:55.971Z
G02,339,add,ART. 10,G02-A15,2026-06-11T01:58:55.971Z
G02,339,add,Doing,G02-A15,2026-06-11T01:59:01.181Z
G02,339,remove,Backlog,G02-A15,2026-06-11T01:59:01.181Z
G02,339,add,Waiting Review,G02-A15,2026-06-11T02:46:01.532Z
G02,339,remove,Doing,G02-A15,2026-06-11T02:46:01.532Z
G02,339,add,Review,G02-A12,2026-06-12T03:14:37.103Z
G02,339,remove,Waiting Review,G02-A12,2026-06-12T03:14:37.103Z
G02,339,remove,Review,G02-A12,2026-06-12T10:56:05.539Z
G02,340,add,SIZE_M,G02-A15,2026-06-11T01:58:27.204Z
G02,340,add,CODE,G02-A15,2026-06-11T01:59:12.562Z
G02,340,add,ART. 10,G02-A15,2026-06-11T01:59:12.562Z
G02,340,add,Backlog,G02-A15,2026-06-11T02:58:21.547Z
G02,340,add,Doing,G02-A15,2026-06-11T02:58:23.499Z
G02,340,remove,Backlog,G02-A15,2026-06-11T02:58:23.499Z
G02,340,add,Waiting Review,G02-A15,2026-06-11T03:34:48.106Z
G02,340,remove,Doing,G02-A15,2026-06-11T03:34:48.106Z
G02,340,add,Review,G02-A12,2026-06-12T03:14:38.406Z
G02,340,remove,Waiting Review,G02-A12,2026-06-12T03:14:38.406Z
G02,340,remove,Review,G02-A12,2026-06-12T10:56:04.595Z
G02,341,add,CODE,G02-A19,2026-06-11T17:29:43.962Z
G02,341,add,SIZE_M,G02-A19,2026-06-11T17:29:43.962Z
G02,341,add,Backlog,G02-A19,2026-06-11T17:30:11.910Z
G02,341,add,Doing,G02-A19,2026-06-11T17:30:19.117Z
G02,341,remove,Backlog,G02-A19,2026-06-11T17:30:19.117Z
G02,341,add,Waiting Review,G02-A19,2026-06-11T18:34:45.448Z
G02,341,remove,Doing,G02-A19,2026-06-11T18:34:45.448Z
G02,341,add,Review,G02-A12,2026-06-12T03:14:45.896Z
G02,341,remove,Waiting Review,G02-A12,2026-06-12T03:14:45.896Z
G02,341,remove,Review,G02-A12,2026-06-12T10:56:00.538Z
G02,342,add,CODE,G02-A12,2026-06-11T17:32:27.012Z
G02,342,add,SIZE_M,G02-A12,2026-06-11T17:32:27.012Z
G02,342,add,Backlog,G02-A12,2026-06-11T17:34:25.268Z
G02,342,add,Doing,G02-A12,2026-06-11T17:34:27.599Z
G02,342,remove,Backlog,G02-A12,2026-06-11T17:34:27.599Z
G02,342,add,Waiting Review,G02-A12,2026-06-11T18:47:19.613Z
G02,342,remove,Doing,G02-A12,2026-06-11T18:47:19.613Z
G02,342,add,Review,G02-A16,2026-06-12T14:34:22.134Z
G02,342,remove,Waiting Review,G02-A16,2026-06-12T14:34:22.134Z
G02,342,remove,Review,G02-A16,2026-06-12T16:09:14.729Z
G02,343,add,DESIGN,G02-A15,2026-06-11T17:38:31.681Z
G02,343,add,SIZE_G,G02-A15,2026-06-11T17:38:31.681Z
G02,343,add,Presentation,G02-A15,2026-06-11T17:38:31.681Z
G02,343,add,Backlog,G02-A15,2026-06-11T23:23:10.044Z
G02,343,add,Doing,G02-A15,2026-06-11T23:23:13.241Z
G02,343,remove,Backlog,G02-A15,2026-06-11T23:23:13.241Z
G02,343,add,Waiting Review,G02-A15,2026-06-12T01:41:02.113Z
G02,343,remove,Doing,G02-A15,2026-06-12T01:41:02.113Z
G02,343,add,Review,G02-A12,2026-06-12T03:15:48.357Z
G02,343,remove,Waiting Review,G02-A12,2026-06-12T03:15:48.357Z
G02,343,remove,Review,G02-A12,2026-06-12T10:55:20.645Z
G02,344,add,DOCUMENTATION,G02-A18,2026-06-11T17:39:54.839Z
G02,344,add,SIZE_G,G02-A18,2026-06-11T17:39:54.839Z
G02,344,add,ART. 10,G02-A18,2026-06-11T17:39:54.839Z
G02,344,add,Backlog,G02-A18,2026-06-11T17:43:08.206Z
G02,344,add,Doing,G02-A18,2026-06-11T17:43:10.813Z
G02,344,remove,Backlog,G02-A18,2026-06-11T17:43:10.813Z
G02,344,add,Waiting Review,G02-A18,2026-06-12T01:06:39.043Z
G02,344,remove,Doing,G02-A18,2026-06-12T01:06:39.043Z
G02,344,add,Review,G02-A12,2026-06-12T23:47:08.248Z
G02,344,remove,Waiting Review,G02-A12,2026-06-12T23:47:08.248Z
G02,344,remove,Review,G02-A12,2026-06-13T01:03:35.661Z
G02,345,add,DESIGN,G02-A16,2026-06-11T17:43:36.700Z
G02,345,add,SIZE_G,G02-A16,2026-06-11T17:43:36.700Z
G02,345,add,Presentation,G02-A16,2026-06-11T17:43:36.700Z
G02,345,add,Backlog,G02-A16,2026-06-11T17:44:31.553Z
G02,345,add,Doing,G02-A16,2026-06-11T17:44:34.925Z
G02,345,remove,Backlog,G02-A16,2026-06-11T17:44:34.925Z
G02,345,add,Waiting Review,G02-A16,2026-06-11T18:53:19.136Z
G02,345,remove,Doing,G02-A16,2026-06-11T18:53:19.136Z
G02,345,add,Review,G02-A12,2026-06-12T03:15:14.122Z
G02,345,remove,Waiting Review,G02-A12,2026-06-12T03:15:14.122Z
G02,345,remove,Review,G02-A12,2026-06-12T10:55:30.316Z
G02,346,add,CODE,G02-A16,2026-06-11T18:40:57.890Z
G02,346,add,SIZE_P,G02-A16,2026-06-11T18:40:57.890Z
G02,346,add,Backlog,G02-A16,2026-06-11T19:19:15.906Z
G02,346,add,Doing,G02-A16,2026-06-11T19:19:17.209Z
G02,346,remove,Backlog,G02-A16,2026-06-11T19:19:17.209Z
G02,346,add,Waiting Review,G02-A16,2026-06-11T19:57:45.071Z
G02,346,remove,Doing,G02-A16,2026-06-11T19:57:45.071Z
G02,346,add,Review,G02-A12,2026-06-12T03:15:17.599Z
G02,346,remove,Waiting Review,G02-A12,2026-06-12T03:15:17.599Z
G02,346,remove,Review,G02-A12,2026-06-12T10:55:26.326Z
G02,347,add,CODE,G02-A16,2026-06-11T18:41:06.049Z
G02,347,add,SIZE_P,G02-A16,2026-06-11T18:41:06.049Z
G02,347,add,Backlog,G02-A16,2026-06-11T19:57:48.257Z
G02,347,add,Doing,G02-A16,2026-06-11T19:57:49.349Z
G02,347,remove,Backlog,G02-A16,2026-06-11T19:57:49.349Z
G02,347,add,Waiting Review,G02-A16,2026-06-11T20:19:50.742Z
G02,347,remove,Doing,G02-A16,2026-06-11T20:19:50.742Z
G02,347,add,Review,G02-A12,2026-06-12T03:15:22.163Z
G02,347,remove,Waiting Review,G02-A12,2026-06-12T03:15:22.163Z
G02,347,remove,Review,G02-A12,2026-06-12T10:55:27.188Z
G02,348,add,CODE,G02-A16,2026-06-11T18:41:15.587Z
G02,348,add,SIZE_P,G02-A16,2026-06-11T18:41:15.587Z
G02,348,add,Backlog,G02-A16,2026-06-11T20:19:53.302Z
G02,348,add,Doing,G02-A16,2026-06-11T20:19:54.898Z
G02,348,remove,Backlog,G02-A16,2026-06-11T20:19:54.898Z
G02,348,add,Waiting Review,G02-A16,2026-06-11T20:37:19.268Z
G02,348,remove,Doing,G02-A16,2026-06-11T20:37:19.268Z
G02,348,add,Review,G02-A12,2026-06-12T03:15:20.618Z
G02,348,remove,Waiting Review,G02-A12,2026-06-12T03:15:20.618Z
G02,348,remove,Review,G02-A12,2026-06-12T10:55:28.503Z
G02,349,add,CODE,G02-A16,2026-06-11T18:41:23.975Z
G02,349,add,SIZE_P,G02-A16,2026-06-11T18:41:23.975Z
G02,349,add,Backlog,G02-A16,2026-06-11T20:30:49.538Z
G02,349,add,Doing,G02-A16,2026-06-11T20:59:01.382Z
G02,349,remove,Backlog,G02-A16,2026-06-11T20:59:01.382Z
G02,349,add,Waiting Review,G02-A16,2026-06-11T23:12:37.591Z
G02,349,remove,Doing,G02-A16,2026-06-11T23:12:37.591Z
G02,349,add,Review,G02-A12,2026-06-12T03:15:39.013Z
G02,349,remove,Waiting Review,G02-A12,2026-06-12T03:15:39.013Z
G02,349,remove,Review,G02-A12,2026-06-12T10:55:25.558Z
G02,350,add,CODE,G02-A16,2026-06-11T18:42:10.014Z
G02,350,add,SIZE_P,G02-A16,2026-06-11T18:42:10.014Z
G02,350,add,Backlog,G02-A16,2026-06-11T20:30:51.963Z
G02,350,add,Doing,G02-A16,2026-06-11T20:37:20.869Z
G02,350,remove,Backlog,G02-A16,2026-06-11T20:37:20.869Z
G02,350,add,Waiting Review,G02-A16,2026-06-11T20:58:59.816Z
G02,350,remove,Doing,G02-A16,2026-06-11T20:58:59.816Z
G02,350,add,Review,G02-A12,2026-06-12T03:15:40.356Z
G02,350,remove,Waiting Review,G02-A12,2026-06-12T03:15:40.356Z
G02,350,remove,Review,G02-A12,2026-06-12T10:55:21.658Z
G02,351,add,DESIGN,G02-A16,2026-06-11T21:03:30.990Z
G02,351,add,SIZE_G,G02-A16,2026-06-11T21:03:30.990Z
G02,351,add,Presentation,G02-A16,2026-06-11T21:03:30.990Z
G02,351,add,Backlog,G02-A16,2026-06-11T23:12:44.884Z
G02,351,add,Doing,G02-A16,2026-06-11T23:12:44.892Z
G02,351,add,Waiting Review,G02-A16,2026-06-12T02:29:09.081Z
G02,351,remove,Doing,G02-A16,2026-06-12T02:29:09.081Z
G02,351,add,Review,G02-A12,2026-06-12T03:15:54.441Z
G02,351,remove,Waiting Review,G02-A12,2026-06-12T03:15:54.441Z
G02,351,remove,Backlog,G02-A12,2026-06-12T10:55:19.684Z
G02,351,remove,Review,G02-A12,2026-06-12T10:55:19.684Z
G02,352,add,DOCUMENTATION,G02-A19,2026-06-12T01:37:27.509Z
G02,352,add,SIZE_M,G02-A19,2026-06-12T01:37:27.509Z
G02,352,add,ART. 13,G02-A19,2026-06-12T01:37:27.509Z
G02,352,add,Backlog,G02-A19,2026-06-12T01:37:46.906Z
G02,352,add,Doing,G02-A19,2026-06-12T01:38:02.763Z
G02,352,remove,Backlog,G02-A19,2026-06-12T01:38:02.763Z
G02,352,add,Waiting Review,G02-A19,2026-06-12T02:49:14.889Z
G02,352,remove,Doing,G02-A19,2026-06-12T02:49:14.889Z
G02,352,add,Review,G02-A16,2026-06-12T10:57:29.423Z
G02,352,remove,Waiting Review,G02-A16,2026-06-12T10:57:29.423Z
G02,352,remove,Review,G02-A16,2026-06-12T14:33:32.187Z
G02,353,add,DESIGN,G02-A12,2026-06-12T01:42:12.196Z
G02,353,add,SIZE_M,G02-A12,2026-06-12T01:42:12.196Z
G02,353,add,SIZE_G,G02-A12,2026-06-12T01:42:12.196Z
G02,353,remove,SIZE_M,G02-A12,2026-06-12T01:42:14.543Z
G02,353,add,Backlog,G02-A12,2026-06-12T01:44:24.273Z
G02,353,add,Doing,G02-A12,2026-06-12T01:44:25.713Z
G02,353,remove,Backlog,G02-A12,2026-06-12T01:44:25.713Z
G02,353,add,Waiting Review,G02-A12,2026-06-12T10:55:16.048Z
G02,353,remove,Doing,G02-A12,2026-06-12T10:55:16.048Z
G02,353,add,Review,G02-A16,2026-06-12T10:57:19.950Z
G02,353,remove,Waiting Review,G02-A16,2026-06-12T10:57:19.950Z
G02,353,remove,Review,G02-A16,2026-06-12T14:33:00.650Z
G02,354,add,DOCUMENTATION,G02-A12,2026-06-12T11:26:38.770Z
G02,354,add,SIZE_M,G02-A12,2026-06-12T11:26:38.770Z
G02,354,add,ART. 12,G02-A12,2026-06-12T11:26:38.770Z
G02,354,add,Backlog,G02-A12,2026-06-12T11:27:26.230Z
G02,354,add,Doing,G02-A12,2026-06-12T11:27:27.525Z
G02,354,remove,Backlog,G02-A12,2026-06-12T11:27:27.525Z
G02,354,add,Waiting Review,G02-A12,2026-06-12T23:15:51.789Z
G02,354,remove,Doing,G02-A12,2026-06-12T23:15:51.789Z
G02,354,add,Review,G02-A19,2026-06-13T01:04:05.165Z
G02,354,remove,Waiting Review,G02-A19,2026-06-13T01:04:05.165Z
G02,354,remove,Review,G02-A19,2026-06-13T01:09:36.197Z
G02,355,add,DOCUMENTATION,G02-A19,2026-06-12T13:08:17.250Z
G02,355,add,SIZE_M,G02-A19,2026-06-12T13:08:17.250Z
G02,355,add,ART. 13,G02-A19,2026-06-12T13:08:17.250Z
G02,355,add,Backlog,G02-A19,2026-06-12T13:09:44.046Z
G02,355,add,Doing,G02-A19,2026-06-12T13:14:33.240Z
G02,355,remove,Backlog,G02-A19,2026-06-12T13:14:33.240Z
G02,355,add,Waiting Review,G02-A19,2026-06-12T14:33:09.595Z
G02,355,remove,Doing,G02-A19,2026-06-12T14:33:09.595Z
G02,355,add,Review,G02-A12,2026-06-12T23:15:56.437Z
G02,355,remove,Waiting Review,G02-A12,2026-06-12T23:15:56.437Z
G02,355,remove,Review,G02-A12,2026-06-12T23:47:14.501Z
G02,356,add,DOCUMENTATION,G02-A18,2026-06-12T13:38:27.187Z
G02,356,add,SIZE_G,G02-A18,2026-06-12T13:38:27.187Z
G02,356,add,ART. 10,G02-A18,2026-06-12T13:38:27.187Z
G02,356,add,Backlog,G02-A18,2026-06-12T13:38:34.980Z
G02,356,add,Doing,G02-A18,2026-06-12T13:38:37.990Z
G02,356,remove,Backlog,G02-A18,2026-06-12T13:38:37.990Z
G02,356,add,Waiting Review,G02-A18,2026-06-12T14:42:58.211Z
G02,356,remove,Doing,G02-A18,2026-06-12T14:42:58.211Z
G02,356,add,Review,G02-A12,2026-06-12T23:47:06.773Z
G02,356,remove,Waiting Review,G02-A12,2026-06-12T23:47:06.773Z
G02,356,remove,Review,G02-A12,2026-06-13T01:03:36.520Z
G02,357,add,CODE,G02-A15,2026-06-12T14:37:47.909Z
G02,357,add,SIZE_GG,G02-A15,2026-06-12T14:37:47.909Z
G02,357,add,Backlog,G02-A15,2026-06-12T14:37:57.666Z
G02,357,add,Doing,G02-A15,2026-06-12T14:37:58.844Z
G02,357,remove,Backlog,G02-A15,2026-06-12T14:37:58.844Z
G02,357,add,Waiting Review,G02-A15,2026-06-12T19:17:17.491Z
G02,357,remove,Doing,G02-A15,2026-06-12T19:17:17.491Z
G02,358,add,DOCUMENTATION,G02-A12,2026-06-12T15:52:46.236Z
G02,358,add,SIZE_M,G02-A12,2026-06-12T15:52:46.236Z
G02,358,add,ART. 13,G02-A12,2026-06-12T15:52:46.236Z
G02,358,add,Backlog,G02-A12,2026-06-12T15:52:57.549Z
G02,359,add,CODE,G02-A12,2026-06-12T15:55:33.898Z
G02,359,add,SIZE_G,G02-A12,2026-06-12T15:55:33.898Z
G02,359,add,ART. 13,G02-A12,2026-06-12T15:55:33.898Z
G02,359,add,Backlog,G02-A12,2026-06-12T15:55:51.513Z
G02,360,add,DOCUMENTATION,G02-A19,2026-06-12T18:13:32.701Z
G02,360,add,SIZE_M,G02-A19,2026-06-12T18:13:32.701Z
G02,360,add,ART. 13,G02-A19,2026-06-12T18:13:32.701Z
G02,360,add,Backlog,G02-A19,2026-06-12T18:14:23.138Z
G02,360,add,Doing,G02-A19,2026-06-12T18:16:24.207Z
G02,360,remove,Backlog,G02-A19,2026-06-12T18:16:24.207Z
G02,360,add,Waiting Review,G02-A19,2026-06-12T18:57:06.671Z
G02,360,remove,Doing,G02-A19,2026-06-12T18:57:06.671Z
G02,360,add,Review,G02-A12,2026-06-12T23:15:55.085Z
G02,360,remove,Waiting Review,G02-A12,2026-06-12T23:15:55.085Z
G02,360,remove,Review,G02-A12,2026-06-12T23:47:13.540Z
G02,361,add,DOCUMENTATION,G02-A18,2026-06-12T18:46:07.502Z
G02,361,add,SIZE_M,G02-A18,2026-06-12T18:46:07.502Z
G02,361,add,ART. 10,G02-A18,2026-06-12T18:46:07.502Z
G02,361,add,Backlog,G02-A18,2026-06-12T18:46:21.347Z
G02,361,add,Doing,G02-A18,2026-06-12T18:46:24.056Z
G02,361,remove,Backlog,G02-A18,2026-06-12T18:46:24.056Z
G02,361,add,Waiting Review,G02-A18,2026-06-12T21:35:09.848Z
G02,361,remove,Doing,G02-A18,2026-06-12T21:35:09.848Z
G02,361,add,Review,G02-A12,2026-06-12T23:47:05.360Z
G02,361,remove,Waiting Review,G02-A12,2026-06-12T23:47:05.360Z
G02,361,remove,Review,G02-A12,2026-06-13T01:03:34.999Z
G02,362,add,DOCUMENTATION,G02-A16,2026-06-12T21:20:12.958Z
G02,362,add,SIZE_M,G02-A16,2026-06-12T21:20:12.958Z
G02,362,add,ART. 13,G02-A16,2026-06-12T21:20:12.958Z
G02,362,add,Backlog,G02-A16,2026-06-12T21:21:39.938Z
G02,362,add,Doing,G02-A16,2026-06-12T21:21:41.600Z
G02,362,remove,Backlog,G02-A16,2026-06-12T21:21:41.600Z
G02,362,add,Waiting Review,G02-A16,2026-06-13T00:55:44.674Z
G02,362,remove,Doing,G02-A16,2026-06-13T00:55:44.674Z
G02,362,add,Review,G02-A12,2026-06-13T01:03:44.586Z
G02,362,remove,Waiting Review,G02-A12,2026-06-13T01:03:44.586Z
G02,362,remove,Review,G02-A12,2026-06-13T01:23:01.170Z
G02,363,add,DOCUMENTATION,G02-A16,2026-06-12T21:19:39.049Z
G02,363,add,SIZE_M,G02-A16,2026-06-12T21:19:39.049Z
G02,363,add,ART. 13,G02-A16,2026-06-12T21:19:39.049Z
G02,363,add,Backlog,G02-A16,2026-06-15T13:35:21.331Z
G02,363,add,Doing,G02-A16,2026-06-15T13:35:22.964Z
G02,363,remove,Backlog,G02-A16,2026-06-15T13:35:22.964Z
G02,363,remove,ART. 13,G02-A16,2026-06-15T13:38:53.781Z
G02,363,add,Waiting Review,G02-A16,2026-06-15T13:52:42.818Z
G02,363,remove,Doing,G02-A16,2026-06-15T13:52:42.818Z
G02,363,add,Review,G02-A14,2026-06-17T18:46:09.426Z
G02,363,remove,Waiting Review,G02-A14,2026-06-17T18:46:09.426Z
G02,363,remove,Review,G02-A14,2026-06-17T22:14:00.354Z
G02,364,add,DOCUMENTATION,G02-A16,2026-06-12T21:19:10.521Z
G02,364,add,SIZE_M,G02-A16,2026-06-12T21:19:10.521Z
G02,364,add,ART. 13,G02-A16,2026-06-12T21:19:10.521Z
G02,364,remove,ART. 13,G02-A16,2026-06-15T13:39:05.587Z
G02,364,add,Backlog,G02-A16,2026-06-15T13:52:46.704Z
G02,364,add,Doing,G02-A16,2026-06-15T13:52:48.610Z
G02,364,remove,Backlog,G02-A16,2026-06-15T13:52:48.610Z
G02,364,add,Waiting Review,G02-A16,2026-06-15T14:07:50.972Z
G02,364,remove,Doing,G02-A16,2026-06-15T14:07:50.972Z
G02,364,add,Review,G02-A14,2026-06-17T18:46:11.430Z
G02,364,remove,Waiting Review,G02-A14,2026-06-17T18:46:11.430Z
G02,364,remove,Review,G02-A14,2026-06-17T22:13:58.735Z
G02,365,add,DOCUMENTATION,G02-A16,2026-06-12T21:18:24.106Z
G02,365,add,ART. 13,G02-A16,2026-06-12T21:18:24.106Z
G02,365,add,SIZE_M,G02-A16,2026-06-12T21:18:37.438Z
G02,365,remove,ART. 13,G02-A16,2026-06-15T13:39:01.748Z
G02,365,add,Backlog,G02-A16,2026-06-15T14:07:54.423Z
G02,365,add,Doing,G02-A16,2026-06-15T14:07:56.763Z
G02,365,remove,Backlog,G02-A16,2026-06-15T14:07:56.763Z
G02,365,add,Waiting Review,G02-A16,2026-06-15T14:23:01.525Z
G02,365,remove,Doing,G02-A16,2026-06-15T14:23:01.525Z
G02,365,add,Review,G02-A14,2026-06-17T18:46:06.439Z
G02,365,remove,Waiting Review,G02-A14,2026-06-17T18:46:06.439Z
G02,365,remove,Review,G02-A14,2026-06-17T22:13:44.552Z
G02,366,add,DOCUMENTATION,G02-A16,2026-06-12T21:17:25.899Z
G02,366,add,ART. 13,G02-A16,2026-06-12T21:17:25.899Z
G02,366,add,SIZE_M,G02-A16,2026-06-12T21:17:42.119Z
G02,366,remove,ART. 13,G02-A16,2026-06-15T13:38:58.472Z
G02,366,add,Backlog,G02-A16,2026-06-15T14:11:27.712Z
G02,366,add,Doing,G02-A16,2026-06-15T14:23:02.960Z
G02,366,remove,Backlog,G02-A16,2026-06-15T14:23:02.960Z
G02,366,add,Waiting Review,G02-A16,2026-06-15T14:54:28.510Z
G02,366,remove,Doing,G02-A16,2026-06-15T14:54:28.510Z
G02,366,add,Review,G02-A14,2026-06-17T18:46:04.516Z
G02,366,remove,Waiting Review,G02-A14,2026-06-17T18:46:04.516Z
G02,366,remove,Review,G02-A14,2026-06-17T22:13:32.788Z
G02,367,add,DOCUMENTATION,G02-A18,2026-06-12T21:39:12.378Z
G02,367,add,SIZE_M,G02-A18,2026-06-12T21:39:12.378Z
G02,367,add,ART. 13,G02-A18,2026-06-12T21:39:12.378Z
G02,367,add,Backlog,G02-A18,2026-06-12T21:39:25.056Z
G02,367,add,Doing,G02-A18,2026-06-12T21:39:34.913Z
G02,367,remove,Backlog,G02-A18,2026-06-12T21:39:34.913Z
G02,367,add,Waiting Review,G02-A18,2026-06-12T23:26:11.917Z
G02,367,remove,Doing,G02-A18,2026-06-12T23:26:11.917Z
G02,367,add,Review,G02-A12,2026-06-13T01:46:27.270Z
G02,367,remove,Waiting Review,G02-A12,2026-06-13T01:46:27.270Z
G02,367,remove,Review,G02-A12,2026-06-13T02:04:57.068Z
G02,368,add,DOCUMENTATION,G02-A13,2026-06-13T00:16:52.554Z
G02,368,add,CODE_REVIEW,G02-A13,2026-06-13T00:16:52.554Z
G02,368,add,SIZE_M,G02-A13,2026-06-13T00:16:52.554Z
G02,368,add,ART. 13,G02-A13,2026-06-13T00:16:52.554Z
G02,368,add,Doing,G02-A13,2026-06-13T00:17:06.449Z
G02,368,add,Waiting Review,G02-A13,2026-06-13T00:44:46.735Z
G02,368,remove,Doing,G02-A13,2026-06-13T00:44:46.735Z
G02,368,add,Review,G02-A12,2026-06-13T01:03:48.756Z
G02,368,remove,Waiting Review,G02-A12,2026-06-13T01:03:48.756Z
G02,368,remove,Review,G02-A12,2026-06-13T01:22:58.780Z
G02,369,add,DOCUMENTATION,G02-A12,2026-06-12T23:46:39.249Z
G02,369,add,SIZE_PP,G02-A12,2026-06-12T23:46:39.249Z
G02,369,add,ART. 13,G02-A12,2026-06-12T23:46:39.249Z
G02,369,add,Backlog,G02-A12,2026-06-12T23:46:53.678Z
G02,369,add,Doing,G02-A12,2026-06-12T23:46:55.605Z
G02,369,remove,Backlog,G02-A12,2026-06-12T23:46:55.605Z
G02,369,add,Waiting Review,G02-A12,2026-06-12T23:54:50.408Z
G02,369,remove,Doing,G02-A12,2026-06-12T23:54:50.408Z
G02,369,add,Review,G02-A19,2026-06-13T01:14:13.016Z
G02,369,remove,Waiting Review,G02-A19,2026-06-13T01:14:13.016Z
G02,369,remove,Review,G02-A19,2026-06-13T01:44:15.034Z
G02,370,add,CODE,G02-A12,2026-06-13T00:13:30.776Z
G02,370,add,SIZE_P,G02-A12,2026-06-13T00:13:30.776Z
G02,370,add,ART. 11,G02-A12,2026-06-13T00:13:30.776Z
G02,370,add,Backlog,G02-A12,2026-06-13T00:13:38.157Z
G02,370,add,Doing,G02-A12,2026-06-13T00:13:39.302Z
G02,370,remove,Backlog,G02-A12,2026-06-13T00:13:39.302Z
G02,370,add,Waiting Review,G02-A12,2026-06-13T00:45:55.504Z
G02,370,remove,Doing,G02-A12,2026-06-13T00:45:55.504Z
G02,370,add,Review,G02-A19,2026-06-13T01:19:20.946Z
G02,370,remove,Waiting Review,G02-A19,2026-06-13T01:19:20.946Z
G02,370,remove,Review,G02-A19,2026-06-13T01:44:07.424Z
G02,371,add,CODE,G02-A12,2026-06-13T00:18:48.766Z
G02,371,add,SIZE_M,G02-A12,2026-06-13T00:18:48.766Z
G02,371,add,ART. 13,G02-A12,2026-06-13T00:18:48.766Z
G02,371,add,Backlog,G02-A12,2026-06-13T00:20:11.255Z
G02,371,add,Doing,G02-A12,2026-06-13T00:45:56.920Z
G02,371,remove,Backlog,G02-A12,2026-06-13T00:45:56.920Z
G02,371,add,Waiting Review,G02-A12,2026-06-13T01:22:27.383Z
G02,371,remove,Doing,G02-A12,2026-06-13T01:22:27.383Z
G02,371,add,Review,G02-A19,2026-06-13T01:40:51.774Z
G02,371,remove,Waiting Review,G02-A19,2026-06-13T01:40:51.774Z
G02,371,remove,Review,G02-A19,2026-06-13T02:23:22.914Z
G02,372,add,DOCUMENTATION,G02-A19,2026-06-13T01:47:17.978Z
G02,372,add,SIZE_G,G02-A19,2026-06-13T01:47:17.978Z
G02,372,add,ART. 13,G02-A19,2026-06-13T01:47:17.978Z
G02,372,add,Backlog,G02-A19,2026-06-13T01:48:29.228Z
G02,372,add,Doing,G02-A19,2026-06-13T01:49:29.765Z
G02,372,remove,Backlog,G02-A19,2026-06-13T01:49:29.765Z
G02,372,add,Waiting Review,G02-A19,2026-06-13T02:23:20.187Z
G02,372,remove,Doing,G02-A19,2026-06-13T02:23:20.187Z
G02,372,add,Review,G02-A12,2026-06-13T02:30:34.777Z
G02,372,remove,Waiting Review,G02-A12,2026-06-13T02:30:34.777Z
G02,372,remove,Review,G02-A12,2026-06-13T02:42:30.893Z
G02,373,add,DOCUMENTATION,G02-A12,2026-06-13T01:47:18.184Z
G02,373,add,SIZE_G,G02-A12,2026-06-13T01:47:18.184Z
G02,373,add,ART. 13,G02-A12,2026-06-13T01:47:18.184Z
G02,373,add,Backlog,G02-A12,2026-06-13T01:47:44.191Z
G02,373,add,Doing,G02-A12,2026-06-13T01:47:45.626Z
G02,373,remove,Backlog,G02-A12,2026-06-13T01:47:45.626Z
G02,373,remove,SIZE_G,G02-A12,2026-06-13T02:04:31.628Z
G02,373,add,SIZE_P,G02-A12,2026-06-13T02:04:38.099Z
G02,373,add,Waiting Review,G02-A12,2026-06-13T02:14:33.745Z
G02,373,remove,Doing,G02-A12,2026-06-13T02:14:33.745Z
G02,373,add,Review,G02-A15,2026-06-13T02:22:48.064Z
G02,373,remove,Waiting Review,G02-A15,2026-06-13T02:22:48.064Z
G02,373,remove,Review,G02-A15,2026-06-13T02:37:46.660Z
G02,374,add,DOCUMENTATION,G02-A15,2026-06-13T02:26:02.798Z
G02,374,add,SIZE_P,G02-A15,2026-06-13T02:26:02.798Z
G02,374,add,Backlog,G02-A15,2026-06-13T02:26:33.598Z
G02,374,add,Doing,G02-A15,2026-06-13T02:26:35.611Z
G02,374,remove,Backlog,G02-A15,2026-06-13T02:26:35.611Z
G02,374,add,Waiting Review,G02-A15,2026-06-13T02:37:58.168Z
G02,374,remove,Doing,G02-A15,2026-06-13T02:37:58.168Z
G02,374,add,Review,G02-A12,2026-06-13T02:42:29.199Z
G02,374,remove,Waiting Review,G02-A12,2026-06-13T02:42:29.199Z
G02,374,remove,Review,G02-A12,2026-06-13T02:45:35.582Z
G02,375,add,SIZE_M,G02-A15,2026-06-15T16:28:08.280Z
G02,375,add,ART. 18,G02-A15,2026-06-15T16:28:08.280Z
G02,375,add,CODE,G02-A15,2026-06-15T16:28:15.287Z
G02,375,add,BUG,G02-A15,2026-06-15T21:25:53.205Z
G02,375,remove,CODE,G02-A15,2026-06-15T21:25:53.205Z
G02,375,add,Backlog,G02-A15,2026-06-15T21:26:39.952Z
G02,375,add,Doing,G02-A15,2026-06-15T21:26:41.419Z
G02,375,remove,Backlog,G02-A15,2026-06-15T21:26:41.419Z
G02,375,remove,Doing,G02-A15,2026-06-15T22:15:16.514Z
G02,375,add,Backlog,G02-A15,2026-06-15T22:17:10.986Z
G02,375,add,Doing,G02-A15,2026-06-15T22:17:12.267Z
G02,375,remove,Backlog,G02-A15,2026-06-15T22:17:12.267Z
G02,375,add,Waiting Review,G02-A15,2026-06-15T22:17:13.413Z
G02,375,remove,Doing,G02-A15,2026-06-15T22:17:13.413Z
G02,375,add,Review,G02-A19,2026-06-22T00:04:40.034Z
G02,375,remove,Waiting Review,G02-A19,2026-06-22T00:04:40.034Z
G02,375,remove,Review,G02-A19,2026-06-22T00:23:26.187Z
G02,376,add,DOCUMENTATION,G02-A19,2026-06-15T17:07:31.860Z
G02,376,add,SIZE_G,G02-A19,2026-06-15T17:07:31.860Z
G02,376,add,ART. 15,G02-A19,2026-06-15T17:07:31.860Z
G02,376,add,Backlog,G02-A19,2026-06-15T17:09:32.732Z
G02,376,add,Doing,G02-A19,2026-06-15T17:12:18.734Z
G02,376,remove,Backlog,G02-A19,2026-06-15T17:12:18.734Z
G02,376,add,Waiting Review,G02-A19,2026-06-15T18:52:30.550Z
G02,376,remove,Doing,G02-A19,2026-06-15T18:52:30.550Z
G02,376,add,Review,G02-A12,2026-06-23T23:59:42.868Z
G02,376,remove,Waiting Review,G02-A12,2026-06-23T23:59:42.868Z
G02,376,remove,Review,G02-A12,2026-06-24T10:48:38.754Z
G02,377,add,ART. 15,G02-A12,2026-06-15T17:08:08.973Z
G02,377,add,DOCUMENTATION,G02-A12,2026-06-15T17:08:08.973Z
G02,377,add,SIZE_G,G02-A12,2026-06-15T17:08:08.973Z
G02,377,add,Backlog,G02-A12,2026-06-15T17:11:20.856Z
G02,377,add,Doing,G02-A12,2026-06-15T17:11:22.047Z
G02,377,remove,Backlog,G02-A12,2026-06-15T17:11:22.047Z
G02,377,add,Waiting Review,G02-A12,2026-06-15T18:52:39.876Z
G02,377,remove,Doing,G02-A12,2026-06-15T18:52:39.876Z
G02,377,add,Review,G02-A19,2026-06-24T17:59:40.210Z
G02,377,remove,Waiting Review,G02-A19,2026-06-24T17:59:40.210Z
G02,377,remove,Review,G02-A19,2026-06-24T18:43:03.011Z
G02,378,add,CODE,G02-A14,2026-06-15T17:16:18.113Z
G02,378,add,ART. 14,G02-A14,2026-06-15T17:16:18.113Z
G02,378,add,SIZE_GG,G02-A14,2026-06-15T17:16:18.113Z
G02,378,add,Backlog,G02-A14,2026-06-15T17:16:26.624Z
G02,378,add,Doing,G02-A14,2026-06-15T17:17:55.516Z
G02,378,remove,Backlog,G02-A14,2026-06-15T17:17:55.516Z
G02,378,add,Waiting Review,G02-A14,2026-06-16T02:08:38.088Z
G02,378,remove,Doing,G02-A14,2026-06-16T02:08:38.088Z
G02,378,add,Review,G02-A16,2026-06-22T19:38:40.689Z
G02,378,remove,Waiting Review,G02-A16,2026-06-22T19:38:40.689Z
G02,378,remove,Review,G02-A16,2026-06-22T19:50:29.559Z
G02,379,add,BUG,G02-A15,2026-06-15T21:38:10.364Z
G02,379,add,SIZE_M,G02-A15,2026-06-15T21:38:10.364Z
G02,379,add,Backlog,G02-A15,2026-06-15T22:35:45.364Z
G02,379,add,Doing,G02-A15,2026-06-16T13:00:07.793Z
G02,379,remove,Backlog,G02-A15,2026-06-16T13:00:07.793Z
G02,379,add,Waiting Review,G02-A15,2026-06-16T16:10:33.547Z
G02,379,remove,Doing,G02-A15,2026-06-16T16:10:33.547Z
G02,379,add,Review,G02-A19,2026-06-21T23:28:34.385Z
G02,379,remove,Waiting Review,G02-A19,2026-06-21T23:28:34.385Z
G02,379,remove,Review,G02-A19,2026-06-22T00:00:23.039Z
G02,380,add,BUG,G02-A15,2026-06-15T21:40:41.130Z
G02,380,add,SIZE_P,G02-A15,2026-06-15T21:40:41.130Z
G02,380,add,Backlog,G02-A15,2026-06-15T22:36:21.170Z
G02,380,add,Doing,G02-A15,2026-06-15T23:08:21.645Z
G02,380,remove,Backlog,G02-A15,2026-06-15T23:08:21.645Z
G02,380,add,Waiting Review,G02-A15,2026-06-15T23:21:47.829Z
G02,380,remove,Doing,G02-A15,2026-06-15T23:21:47.829Z
G02,380,add,Review,G02-A19,2026-06-21T23:28:59.488Z
G02,380,remove,Waiting Review,G02-A19,2026-06-21T23:28:59.488Z
G02,380,remove,Review,G02-A19,2026-06-22T00:00:25.024Z
G02,381,add,SIZE_P,G02-A15,2026-06-15T21:41:49.028Z
G02,381,add,CODE,G02-A15,2026-06-15T21:42:11.771Z
G02,381,add,Backlog,G02-A15,2026-06-15T23:23:02.142Z
G02,381,add,Doing,G02-A15,2026-06-16T00:14:29.816Z
G02,381,remove,Backlog,G02-A15,2026-06-16T00:14:29.816Z
G02,381,add,Waiting Review,G02-A15,2026-06-16T00:53:41.135Z
G02,381,remove,Doing,G02-A15,2026-06-16T00:53:41.135Z
G02,381,add,Review,G02-A19,2026-06-21T23:29:07.104Z
G02,381,remove,Waiting Review,G02-A19,2026-06-21T23:29:07.104Z
G02,381,remove,Review,G02-A19,2026-06-22T00:00:26.937Z
G02,382,add,CODE,G02-A15,2026-06-15T21:43:19.589Z
G02,382,add,SIZE_M,G02-A15,2026-06-15T21:43:19.589Z
G02,382,add,Backlog,G02-A15,2026-06-15T22:04:11.547Z
G02,382,add,Doing,G02-A15,2026-06-15T23:21:51.074Z
G02,382,remove,Backlog,G02-A15,2026-06-15T23:21:51.074Z
G02,382,add,Waiting Review,G02-A15,2026-06-16T00:14:25.790Z
G02,382,remove,Doing,G02-A15,2026-06-16T00:14:25.790Z
G02,382,add,Review,G02-A19,2026-06-22T00:04:48.291Z
G02,382,remove,Waiting Review,G02-A19,2026-06-22T00:04:48.291Z
G02,382,remove,Review,G02-A19,2026-06-22T00:23:28.013Z
G02,383,add,CODE,G02-A15,2026-06-15T21:44:26.428Z
G02,383,add,SIZE_M,G02-A15,2026-06-15T21:44:26.428Z
G02,383,add,Backlog,G02-A15,2026-06-15T22:07:13.657Z
G02,383,add,Doing,G02-A15,2026-06-15T22:17:37.500Z
G02,383,remove,Backlog,G02-A15,2026-06-15T22:17:37.500Z
G02,383,add,Waiting Review,G02-A15,2026-06-15T23:07:54.499Z
G02,383,remove,Doing,G02-A15,2026-06-15T23:07:54.499Z
G02,383,add,Review,G02-A19,2026-06-22T00:04:55.561Z
G02,383,remove,Waiting Review,G02-A19,2026-06-22T00:04:55.561Z
G02,383,remove,Review,G02-A19,2026-06-22T00:23:29.467Z
G02,384,add,CODE,G02-A15,2026-06-15T21:46:08.160Z
G02,384,add,SIZE_G,G02-A15,2026-06-15T21:46:08.160Z
G02,384,add,Backlog,G02-A15,2026-06-15T23:30:12.913Z
G02,384,add,Doing,G02-A15,2026-06-16T00:53:50.052Z
G02,384,remove,Backlog,G02-A15,2026-06-16T00:53:50.052Z
G02,384,add,Waiting Review,G02-A15,2026-06-16T02:11:27.157Z
G02,384,remove,Doing,G02-A15,2026-06-16T02:11:27.157Z
G02,384,add,Review,G02-A19,2026-06-22T00:23:59.119Z
G02,384,remove,Waiting Review,G02-A19,2026-06-22T00:23:59.119Z
G02,384,remove,Review,G02-A19,2026-06-22T00:37:09.246Z
G02,386,add,CODE,G02-A15,2026-06-15T21:48:12.049Z
G02,386,add,SIZE_M,G02-A15,2026-06-15T21:48:12.049Z
G02,386,add,Backlog,G02-A15,2026-06-16T00:14:54.913Z
G02,386,add,Doing,G02-A15,2026-06-17T16:42:06.449Z
G02,386,remove,Backlog,G02-A15,2026-06-17T16:42:06.449Z
G02,386,add,Waiting Review,G02-A15,2026-06-17T18:20:08.326Z
G02,386,remove,Doing,G02-A15,2026-06-17T18:20:08.326Z
G02,386,add,Review,G02-A19,2026-06-22T00:38:05.797Z
G02,386,remove,Waiting Review,G02-A19,2026-06-22T00:38:05.797Z
G02,386,remove,Review,G02-A19,2026-06-22T13:09:12.709Z
G02,387,add,TEST,G02-A15,2026-06-15T21:49:45.322Z
G02,387,add,SIZE_M,G02-A15,2026-06-15T21:49:45.322Z
G02,387,add,Backlog,G02-A15,2026-06-16T00:14:57.738Z
G02,387,add,Doing,G02-A15,2026-06-17T16:01:52.754Z
G02,387,remove,Backlog,G02-A15,2026-06-17T16:01:52.754Z
G02,387,add,Waiting Review,G02-A15,2026-06-17T16:42:02.940Z
G02,387,remove,Doing,G02-A15,2026-06-17T16:42:02.940Z
G02,387,add,Review,G02-A19,2026-06-22T00:38:09.820Z
G02,387,remove,Waiting Review,G02-A19,2026-06-22T00:38:09.820Z
G02,387,remove,Review,G02-A19,2026-06-22T13:09:13.980Z
G02,388,add,TEST,G02-A15,2026-06-15T21:50:59.881Z
G02,388,add,SIZE_P,G02-A15,2026-06-15T21:50:59.881Z
G02,388,add,Backlog,G02-A15,2026-06-16T00:14:59.526Z
G02,388,add,Doing,G02-A15,2026-06-17T13:02:02.659Z
G02,388,remove,Backlog,G02-A15,2026-06-17T13:02:02.659Z
G02,388,add,Waiting Review,G02-A15,2026-06-17T16:01:47.335Z
G02,388,remove,Doing,G02-A15,2026-06-17T16:01:47.335Z
G02,388,add,Review,G02-A19,2026-06-22T00:38:12.313Z
G02,388,remove,Waiting Review,G02-A19,2026-06-22T00:38:12.313Z
G02,388,remove,Review,G02-A19,2026-06-22T13:09:15.256Z
G02,389,add,Doing,G02-A15,2026-06-15T21:52:31.248Z
G02,389,add,DOCUMENTATION,G02-A15,2026-06-15T21:52:31.248Z
G02,389,add,SIZE_P,G02-A15,2026-06-15T21:52:31.248Z
G02,389,remove,Doing,G02-A15,2026-06-15T21:52:33.045Z
G02,389,add,Backlog,G02-A15,2026-06-16T02:03:08.812Z
G02,389,add,Doing,G02-A15,2026-06-16T02:11:41.258Z
G02,389,remove,Backlog,G02-A15,2026-06-16T02:11:41.258Z
G02,389,add,Waiting Review,G02-A15,2026-06-16T02:32:21.132Z
G02,389,remove,Doing,G02-A15,2026-06-16T02:32:21.132Z
G02,389,add,Review,G02-A19,2026-06-22T17:30:11.893Z
G02,389,remove,Waiting Review,G02-A19,2026-06-22T17:30:11.893Z
G02,389,remove,Review,G02-A19,2026-06-22T17:49:54.405Z
G02,390,add,DOCUMENTATION,G02-A15,2026-06-15T21:54:08.434Z
G02,390,add,SIZE_P,G02-A15,2026-06-15T21:54:08.434Z
G02,390,add,Backlog,G02-A15,2026-06-16T02:03:22.184Z
G02,390,add,Doing,G02-A15,2026-06-16T18:54:52.260Z
G02,390,remove,Backlog,G02-A15,2026-06-16T18:54:52.260Z
G02,390,add,Waiting Review,G02-A15,2026-06-17T10:52:06.227Z
G02,390,remove,Doing,G02-A15,2026-06-17T10:52:06.227Z
G02,390,add,Review,G02-A19,2026-06-22T17:30:07.260Z
G02,390,remove,Waiting Review,G02-A19,2026-06-22T17:30:07.260Z
G02,390,remove,Review,G02-A19,2026-06-22T17:50:01.653Z
G02,391,add,DOCUMENTATION,G02-A15,2026-06-15T21:55:10.977Z
G02,391,add,SIZE_P,G02-A15,2026-06-15T21:55:10.977Z
G02,391,add,Backlog,G02-A15,2026-06-16T02:03:24.052Z
G02,391,add,Doing,G02-A15,2026-06-17T12:04:18.221Z
G02,391,remove,Backlog,G02-A15,2026-06-17T12:04:18.221Z
G02,391,add,Waiting Review,G02-A15,2026-06-17T13:01:55.808Z
G02,391,remove,Doing,G02-A15,2026-06-17T13:01:55.808Z
G02,391,add,Review,G02-A19,2026-06-22T17:30:22.878Z
G02,391,remove,Waiting Review,G02-A19,2026-06-22T17:30:22.878Z
G02,391,remove,Review,G02-A19,2026-06-22T17:50:03.248Z
G02,392,add,DOCUMENTATION,G02-A15,2026-06-15T21:56:18.668Z
G02,392,add,SIZE_P,G02-A15,2026-06-15T21:56:18.668Z
G02,392,add,Backlog,G02-A15,2026-06-16T02:03:25.277Z
G02,392,add,Doing,G02-A15,2026-06-16T02:35:37.435Z
G02,392,remove,Backlog,G02-A15,2026-06-16T02:35:37.435Z
G02,392,add,Waiting Review,G02-A15,2026-06-16T11:12:48.397Z
G02,392,remove,Doing,G02-A15,2026-06-16T11:12:48.397Z
G02,392,add,Review,G02-A19,2026-06-22T17:30:28.361Z
G02,392,remove,Waiting Review,G02-A19,2026-06-22T17:30:28.361Z
G02,392,remove,Review,G02-A19,2026-06-22T17:50:04.645Z
G02,393,add,DOCUMENTATION,G02-A15,2026-06-15T21:57:29.856Z
G02,393,add,SIZE_P,G02-A15,2026-06-15T21:57:29.856Z
G02,393,remove,SIZE_P,G02-A15,2026-06-15T21:57:36.777Z
G02,393,add,SIZE_M,G02-A15,2026-06-15T21:57:40.373Z
G02,393,add,Backlog,G02-A15,2026-06-16T02:03:26.926Z
G02,393,add,Doing,G02-A15,2026-06-16T16:11:06.505Z
G02,393,remove,Backlog,G02-A15,2026-06-16T16:11:06.505Z
G02,393,add,Waiting Review,G02-A15,2026-06-16T18:54:44.216Z
G02,393,remove,Doing,G02-A15,2026-06-16T18:54:44.216Z
G02,393,add,Review,G02-A19,2026-06-22T17:30:38.185Z
G02,393,remove,Waiting Review,G02-A19,2026-06-22T17:30:38.185Z
G02,393,remove,Review,G02-A19,2026-06-22T17:50:06.183Z
G02,394,add,DOCUMENTATION,G02-A15,2026-06-15T21:58:54.271Z
G02,394,add,SIZE_P,G02-A15,2026-06-15T21:58:54.271Z
G02,394,add,Backlog,G02-A15,2026-06-16T02:03:28.700Z
G02,394,add,Doing,G02-A15,2026-06-16T12:13:16.933Z
G02,394,remove,Backlog,G02-A15,2026-06-16T12:13:16.933Z
G02,394,add,Waiting Review,G02-A15,2026-06-16T12:59:54.508Z
G02,394,remove,Doing,G02-A15,2026-06-16T12:59:54.508Z
G02,394,add,Review,G02-A19,2026-06-22T17:30:49.003Z
G02,394,remove,Waiting Review,G02-A19,2026-06-22T17:30:49.003Z
G02,394,remove,Review,G02-A19,2026-06-22T17:50:08.134Z
G02,395,add,CODE,G02-A15,2026-06-15T22:00:58.433Z
G02,395,add,SIZE_M,G02-A15,2026-06-15T22:00:58.433Z
G02,395,add,Backlog,G02-A15,2026-06-16T01:38:38.349Z
G02,395,add,Doing,G02-A15,2026-06-17T10:52:09.016Z
G02,395,remove,Backlog,G02-A15,2026-06-17T10:52:09.016Z
G02,395,add,Waiting Review,G02-A15,2026-06-17T12:04:14.674Z
G02,395,remove,Doing,G02-A15,2026-06-17T12:04:14.674Z
G02,395,add,Review,G02-A19,2026-06-22T17:12:42.176Z
G02,395,remove,Waiting Review,G02-A19,2026-06-22T17:12:42.176Z
G02,395,remove,Review,G02-A19,2026-06-22T17:26:15.708Z
G02,396,add,CODE,G02-A15,2026-06-15T22:02:13.428Z
G02,396,add,SIZE_M,G02-A15,2026-06-15T22:02:13.428Z
G02,396,add,Backlog,G02-A15,2026-06-16T01:38:43.636Z
G02,396,add,Doing,G02-A15,2026-06-16T11:13:00.856Z
G02,396,remove,Backlog,G02-A15,2026-06-16T11:13:00.856Z
G02,396,add,Waiting Review,G02-A15,2026-06-16T12:13:08.757Z
G02,396,remove,Doing,G02-A15,2026-06-16T12:13:08.757Z
G02,396,add,Review,G02-A19,2026-06-22T17:12:46.265Z
G02,396,remove,Waiting Review,G02-A19,2026-06-22T17:12:46.265Z
G02,396,remove,Review,G02-A19,2026-06-22T17:26:17.495Z
G02,397,add,CODE,G02-A14,2026-06-16T18:06:12.072Z
G02,397,add,ART. 14,G02-A14,2026-06-16T18:06:12.072Z
G02,397,add,SIZE_GG,G02-A14,2026-06-16T18:06:12.072Z
G02,397,add,Backlog,G02-A14,2026-06-16T18:06:21.448Z
G02,397,add,Doing,G02-A14,2026-06-16T18:06:34.878Z
G02,397,remove,Backlog,G02-A14,2026-06-16T18:06:34.878Z
G02,397,add,Waiting Review,G02-A14,2026-06-16T19:01:06.006Z
G02,397,remove,Doing,G02-A14,2026-06-16T19:01:06.006Z
G02,397,add,Review,G02-A16,2026-06-22T19:38:39.037Z
G02,397,remove,Waiting Review,G02-A16,2026-06-22T19:38:39.037Z
G02,397,remove,Review,G02-A16,2026-06-22T19:50:30.379Z
G02,398,add,CODE,G02-A14,2026-06-16T18:17:26.099Z
G02,398,add,ART. 14,G02-A14,2026-06-16T18:17:26.099Z
G02,398,add,SIZE_GG,G02-A14,2026-06-16T18:17:26.099Z
G02,398,add,Backlog,G02-A14,2026-06-16T18:17:33.441Z
G02,398,add,Doing,G02-A14,2026-06-17T18:45:20.178Z
G02,398,remove,Backlog,G02-A14,2026-06-17T18:45:20.178Z
G02,398,add,Waiting Review,G02-A14,2026-06-17T22:13:30.388Z
G02,398,remove,Doing,G02-A14,2026-06-17T22:13:30.388Z
G02,398,add,Review,G02-A16,2026-06-22T19:38:37.620Z
G02,398,remove,Waiting Review,G02-A16,2026-06-22T19:38:37.620Z
G02,398,remove,Review,G02-A16,2026-06-22T19:47:38.618Z
G02,399,add,DOCUMENTATION,G02-A13,2026-06-17T13:11:37.427Z
G02,399,add,SIZE_G,G02-A13,2026-06-17T13:11:37.427Z
G02,399,add,ART. 16,G02-A13,2026-06-17T13:11:37.427Z
G02,399,add,Backlog,G02-A13,2026-06-17T13:11:47.734Z
G02,399,add,Doing,G02-A13,2026-06-17T13:11:49.927Z
G02,399,remove,Backlog,G02-A13,2026-06-17T13:11:49.927Z
G02,399,add,Waiting Review,G02-A13,2026-06-21T22:13:15.904Z
G02,399,remove,Doing,G02-A13,2026-06-21T22:13:15.904Z
G02,399,add,Review,G02-A18,2026-06-23T11:43:50.968Z
G02,399,remove,Waiting Review,G02-A18,2026-06-23T11:43:50.968Z
G02,399,remove,Review,G02-A18,2026-06-23T11:44:36.170Z
G02,400,add,DOCUMENTATION,G02-A13,2026-06-17T13:13:14.737Z
G02,400,add,SIZE_G,G02-A13,2026-06-17T13:13:14.737Z
G02,400,add,ART. 16,G02-A13,2026-06-17T13:13:14.737Z
G02,400,add,Backlog,G02-A13,2026-06-21T22:13:26.502Z
G02,400,add,Doing,G02-A13,2026-06-21T22:13:28.733Z
G02,400,remove,Backlog,G02-A13,2026-06-21T22:13:28.733Z
G02,400,add,Waiting Review,G02-A13,2026-06-22T00:10:30.945Z
G02,400,remove,Doing,G02-A13,2026-06-22T00:10:30.945Z
G02,400,add,Review,G02-A18,2026-06-23T11:43:43.028Z
G02,400,remove,Waiting Review,G02-A18,2026-06-23T11:43:43.028Z
G02,400,remove,Review,G02-A18,2026-06-23T11:44:34.866Z
G02,401,add,,G02-A16,2026-06-21T15:06:50.803Z
G02,401,add,,G02-A16,2026-06-21T15:06:50.803Z
G02,401,add,,G02-A16,2026-06-21T15:06:50.803Z
G02,401,add,CODE,G02-A16,2026-06-21T21:20:21.341Z
G02,401,add,SIZE_M,G02-A16,2026-06-21T21:20:21.341Z
G02,401,add,ART. 14,G02-A16,2026-06-21T21:20:21.341Z
G02,401,add,Backlog,G02-A16,2026-06-21T21:23:50.562Z
G02,401,add,Doing,G02-A16,2026-06-21T21:25:24.753Z
G02,401,remove,Backlog,G02-A16,2026-06-21T21:25:24.753Z
G02,401,add,Waiting Review,G02-A16,2026-06-21T22:05:48.594Z
G02,401,remove,Doing,G02-A16,2026-06-21T22:05:48.594Z
G02,401,add,Review,G02-A14,2026-06-22T19:07:12.968Z
G02,401,remove,Waiting Review,G02-A14,2026-06-22T19:07:12.968Z
G02,401,remove,Review,G02-A14,2026-06-22T19:59:46.527Z
G02,402,add,,G02-A16,2026-06-21T15:06:51.626Z
G02,402,add,,G02-A16,2026-06-21T15:06:51.626Z
G02,402,add,,G02-A16,2026-06-21T15:06:51.626Z
G02,402,add,CODE,G02-A16,2026-06-21T21:20:22.022Z
G02,402,add,SIZE_M,G02-A16,2026-06-21T21:20:22.022Z
G02,402,add,ART. 14,G02-A16,2026-06-21T21:20:22.022Z
G02,402,add,Backlog,G02-A16,2026-06-21T21:23:53.564Z
G02,402,add,Doing,G02-A16,2026-06-21T22:52:31.369Z
G02,402,remove,Backlog,G02-A16,2026-06-21T22:52:31.369Z
G02,402,add,Waiting Review,G02-A16,2026-06-21T23:34:16.879Z
G02,402,remove,Doing,G02-A16,2026-06-21T23:34:16.879Z
G02,402,add,Review,G02-A14,2026-06-22T19:07:12.956Z
G02,402,remove,Waiting Review,G02-A14,2026-06-22T19:07:12.956Z
G02,402,remove,Review,G02-A14,2026-06-22T19:59:47.836Z
G02,403,add,,G02-A16,2026-06-21T15:06:52.363Z
G02,403,add,,G02-A16,2026-06-21T15:06:52.363Z
G02,403,add,,G02-A16,2026-06-21T15:06:52.363Z
G02,403,add,CODE,G02-A16,2026-06-21T21:20:22.652Z
G02,403,add,SIZE_M,G02-A16,2026-06-21T21:20:22.652Z
G02,403,add,ART. 14,G02-A16,2026-06-21T21:20:22.652Z
G02,403,add,Backlog,G02-A16,2026-06-21T21:23:56.224Z
G02,403,add,Doing,G02-A16,2026-06-25T14:58:50.594Z
G02,403,remove,Backlog,G02-A16,2026-06-25T14:58:50.594Z
G02,403,add,Waiting Review,G02-A16,2026-06-25T14:58:51.871Z
G02,403,remove,Doing,G02-A16,2026-06-25T14:58:51.871Z
G02,403,add,Review,G02-A16,2026-06-25T14:58:54.881Z
G02,403,remove,Waiting Review,G02-A16,2026-06-25T14:58:54.881Z
G02,403,remove,Review,G02-A16,2026-06-25T14:58:57.674Z
G02,404,add,,G02-A16,2026-06-21T15:06:53.030Z
G02,404,add,,G02-A16,2026-06-21T15:06:53.030Z
G02,404,add,,G02-A16,2026-06-21T15:06:53.030Z
G02,404,add,CODE,G02-A16,2026-06-21T21:20:23.311Z
G02,404,add,SIZE_M,G02-A16,2026-06-21T21:20:23.311Z
G02,404,add,ART. 14,G02-A16,2026-06-21T21:20:23.311Z
G02,404,add,Backlog,G02-A16,2026-06-21T21:23:58.998Z
G02,404,add,Doing,G02-A16,2026-06-25T14:59:13.466Z
G02,404,remove,Backlog,G02-A16,2026-06-25T14:59:13.466Z
G02,404,add,Waiting Review,G02-A16,2026-06-25T14:59:14.272Z
G02,404,remove,Doing,G02-A16,2026-06-25T14:59:14.272Z
G02,404,add,Review,G02-A16,2026-06-25T14:59:17.316Z
G02,404,remove,Waiting Review,G02-A16,2026-06-25T14:59:17.316Z
G02,404,remove,Review,G02-A16,2026-06-25T14:59:20.059Z
G02,405,add,,G02-A16,2026-06-21T15:06:53.734Z
G02,405,add,,G02-A16,2026-06-21T15:06:53.734Z
G02,405,add,,G02-A16,2026-06-21T15:06:53.734Z
G02,405,add,CODE,G02-A16,2026-06-21T21:20:23.971Z
G02,405,add,SIZE_M,G02-A16,2026-06-21T21:20:23.971Z
G02,405,add,ART. 14,G02-A16,2026-06-21T21:20:23.971Z
G02,405,add,Backlog,G02-A16,2026-06-21T21:24:02.093Z
G02,405,add,Doing,G02-A16,2026-06-25T14:59:35.997Z
G02,405,remove,Backlog,G02-A16,2026-06-25T14:59:35.997Z
G02,405,add,Waiting Review,G02-A16,2026-06-25T14:59:37.013Z
G02,405,remove,Doing,G02-A16,2026-06-25T14:59:37.013Z
G02,405,add,Review,G02-A16,2026-06-25T14:59:39.493Z
G02,405,remove,Waiting Review,G02-A16,2026-06-25T14:59:39.493Z
G02,405,remove,Review,G02-A16,2026-06-25T14:59:42.427Z
G02,406,add,,G02-A16,2026-06-21T15:06:54.399Z
G02,406,add,,G02-A16,2026-06-21T15:06:54.399Z
G02,406,add,,G02-A16,2026-06-21T15:06:54.399Z
G02,406,add,CODE,G02-A16,2026-06-21T21:20:24.629Z
G02,406,add,SIZE_M,G02-A16,2026-06-21T21:20:24.629Z
G02,406,add,ART. 14,G02-A16,2026-06-21T21:20:24.629Z
G02,406,add,Backlog,G02-A16,2026-06-21T21:24:08.860Z
G02,406,add,Doing,G02-A16,2026-06-25T14:59:55.741Z
G02,406,remove,Backlog,G02-A16,2026-06-25T14:59:55.741Z
G02,406,add,Waiting Review,G02-A16,2026-06-25T14:59:56.744Z
G02,406,remove,Doing,G02-A16,2026-06-25T14:59:56.744Z
G02,406,add,Review,G02-A16,2026-06-25T14:59:59.532Z
G02,406,remove,Waiting Review,G02-A16,2026-06-25T14:59:59.532Z
G02,406,remove,Review,G02-A16,2026-06-25T15:00:02.519Z
G02,407,add,,G02-A16,2026-06-21T15:06:55.107Z
G02,407,add,,G02-A16,2026-06-21T15:06:55.107Z
G02,407,add,,G02-A16,2026-06-21T15:06:55.107Z
G02,407,add,TEST,G02-A16,2026-06-21T21:20:25.251Z
G02,407,add,SIZE_M,G02-A16,2026-06-21T21:20:25.251Z
G02,407,add,ART. 14,G02-A16,2026-06-21T21:20:25.251Z
G02,407,add,Backlog,G02-A16,2026-06-21T21:24:11.972Z
G02,407,add,Doing,G02-A16,2026-06-25T15:01:27.484Z
G02,407,remove,Backlog,G02-A16,2026-06-25T15:01:27.484Z
G02,407,add,Waiting Review,G02-A16,2026-06-25T15:01:28.694Z
G02,407,remove,Doing,G02-A16,2026-06-25T15:01:28.694Z
G02,407,add,Review,G02-A16,2026-06-25T15:01:34.794Z
G02,407,remove,Waiting Review,G02-A16,2026-06-25T15:01:34.794Z
G02,407,remove,Review,G02-A16,2026-06-25T15:01:38.076Z
G02,408,add,,G02-A16,2026-06-21T15:06:55.792Z
G02,408,add,,G02-A16,2026-06-21T15:06:55.792Z
G02,408,add,,G02-A16,2026-06-21T15:06:55.792Z
G02,408,add,REQUIREMENTS,G02-A16,2026-06-21T21:20:25.896Z
G02,408,add,SIZE_M,G02-A16,2026-06-21T21:20:25.896Z
G02,408,add,ART. 14,G02-A16,2026-06-21T21:20:25.896Z
G02,408,add,Backlog,G02-A16,2026-06-21T21:24:16.624Z
G02,408,add,Doing,G02-A16,2026-06-25T15:01:40.774Z
G02,408,remove,Backlog,G02-A16,2026-06-25T15:01:40.774Z
G02,408,add,Waiting Review,G02-A16,2026-06-25T15:01:44.123Z
G02,408,remove,Doing,G02-A16,2026-06-25T15:01:44.123Z
G02,408,add,Review,G02-A16,2026-06-25T15:01:48.702Z
G02,408,remove,Waiting Review,G02-A16,2026-06-25T15:01:48.702Z
G02,408,remove,Review,G02-A16,2026-06-25T15:01:50.161Z
G02,409,add,,G02-A16,2026-06-21T15:06:56.463Z
G02,409,add,,G02-A16,2026-06-21T15:06:56.463Z
G02,409,add,,G02-A16,2026-06-21T15:06:56.463Z
G02,409,add,DOCUMENTATION,G02-A16,2026-06-21T21:20:26.497Z
G02,409,add,SIZE_M,G02-A16,2026-06-21T21:20:26.497Z
G02,409,add,ART. 14,G02-A16,2026-06-21T21:20:26.497Z
G02,409,add,Backlog,G02-A16,2026-06-21T21:24:22.599Z
G02,409,add,Doing,G02-A16,2026-06-25T15:01:42.270Z
G02,409,remove,Backlog,G02-A16,2026-06-25T15:01:42.270Z
G02,409,add,Waiting Review,G02-A16,2026-06-25T15:01:45.218Z
G02,409,remove,Doing,G02-A16,2026-06-25T15:01:45.218Z
G02,409,add,Review,G02-A16,2026-06-25T15:01:47.629Z
G02,409,remove,Waiting Review,G02-A16,2026-06-25T15:01:47.629Z
G02,409,remove,Review,G02-A16,2026-06-25T15:01:51.679Z
G02,410,add,,G02-A16,2026-06-21T15:06:57.129Z
G02,410,add,,G02-A16,2026-06-21T15:06:57.129Z
G02,410,add,,G02-A16,2026-06-21T15:06:57.129Z
G02,410,add,CODE,G02-A16,2026-06-21T21:20:27.097Z
G02,410,add,SIZE_M,G02-A16,2026-06-21T21:20:27.097Z
G02,410,add,ART. 14,G02-A16,2026-06-21T21:20:27.097Z
G02,410,add,Backlog,G02-A16,2026-06-21T21:24:25.113Z
G02,410,add,Doing,G02-A16,2026-06-25T15:01:54.098Z
G02,410,remove,Backlog,G02-A16,2026-06-25T15:01:54.098Z
G02,410,add,Waiting Review,G02-A16,2026-06-25T15:01:59.656Z
G02,410,remove,Doing,G02-A16,2026-06-25T15:01:59.656Z
G02,410,add,Review,G02-A16,2026-06-25T15:02:02.873Z
G02,410,remove,Waiting Review,G02-A16,2026-06-25T15:02:02.873Z
G02,410,remove,Review,G02-A16,2026-06-25T15:02:05.314Z
G02,411,add,,G02-A16,2026-06-21T15:06:57.837Z
G02,411,add,,G02-A16,2026-06-21T15:06:57.837Z
G02,411,add,,G02-A16,2026-06-21T15:06:57.837Z
G02,411,add,DEPLOY,G02-A16,2026-06-21T21:20:27.701Z
G02,411,add,SIZE_M,G02-A16,2026-06-21T21:20:27.701Z
G02,411,add,ART. 14,G02-A16,2026-06-21T21:20:27.701Z
G02,411,add,Backlog,G02-A16,2026-06-21T21:24:27.573Z
G02,411,add,Doing,G02-A16,2026-06-25T15:01:55.450Z
G02,411,remove,Backlog,G02-A16,2026-06-25T15:01:55.450Z
G02,411,add,Waiting Review,G02-A16,2026-06-25T15:01:57.516Z
G02,411,remove,Doing,G02-A16,2026-06-25T15:01:57.516Z
G02,411,add,Review,G02-A16,2026-06-25T15:02:09.372Z
G02,411,remove,Waiting Review,G02-A16,2026-06-25T15:02:09.372Z
G02,411,remove,Review,G02-A16,2026-06-25T15:02:11.026Z
G02,412,add,,G02-A16,2026-06-21T15:06:58.513Z
G02,412,add,,G02-A16,2026-06-21T15:06:58.513Z
G02,412,add,,G02-A16,2026-06-21T15:06:58.513Z
G02,412,add,DOCUMENTATION,G02-A16,2026-06-21T21:20:28.325Z
G02,412,add,SIZE_M,G02-A16,2026-06-21T21:20:28.325Z
G02,412,add,ART. 14,G02-A16,2026-06-21T21:20:28.325Z
G02,412,add,Backlog,G02-A16,2026-06-21T21:24:29.862Z
G02,412,add,Doing,G02-A16,2026-06-25T15:01:56.323Z
G02,412,remove,Backlog,G02-A16,2026-06-25T15:01:56.323Z
G02,412,add,Waiting Review,G02-A16,2026-06-25T15:01:58.576Z
G02,412,remove,Doing,G02-A16,2026-06-25T15:01:58.576Z
G02,412,add,Review,G02-A16,2026-06-25T15:02:05.839Z
G02,412,remove,Waiting Review,G02-A16,2026-06-25T15:02:05.839Z
G02,412,remove,Review,G02-A16,2026-06-25T15:02:07.657Z
G02,413,add,DOCUMENTATION,G02-A18,2026-06-22T11:48:40.327Z
G02,413,add,SIZE_M,G02-A18,2026-06-22T11:48:40.327Z
G02,413,add,ART. 16,G02-A18,2026-06-22T11:48:40.327Z
G02,413,add,Backlog,G02-A18,2026-06-22T11:48:50.285Z
G02,413,add,Doing,G02-A18,2026-06-22T11:48:52.201Z
G02,413,remove,Backlog,G02-A18,2026-06-22T11:48:52.201Z
G02,413,add,Waiting Review,G02-A18,2026-06-22T12:59:27.504Z
G02,413,remove,Doing,G02-A18,2026-06-22T12:59:27.504Z
G02,413,add,Review,G02-A13,2026-06-22T18:35:27.738Z
G02,413,remove,Waiting Review,G02-A13,2026-06-22T18:35:27.738Z
G02,413,remove,Review,G02-A13,2026-06-23T00:15:01.550Z
G02,414,add,DOCUMENTATION,G02-A12,2026-06-24T00:25:10.471Z
G02,414,add,SIZE_P,G02-A12,2026-06-24T00:25:10.471Z
G02,414,add,ART. 15,G02-A12,2026-06-24T00:25:10.471Z
G02,414,add,Backlog,G02-A12,2026-06-24T00:25:58.247Z
G02,414,add,Doing,G02-A12,2026-06-24T00:25:59.678Z
G02,414,remove,Backlog,G02-A12,2026-06-24T00:25:59.678Z
G02,414,add,Waiting Review,G02-A12,2026-06-24T01:26:10.940Z
G02,414,remove,Doing,G02-A12,2026-06-24T01:26:10.940Z
G02,414,add,Review,G02-A19,2026-06-24T15:27:38.808Z
G02,414,remove,Waiting Review,G02-A19,2026-06-24T15:27:38.808Z
G02,414,remove,Review,G02-A19,2026-06-24T15:44:47.970Z
G02,415,add,SIZE_M,G02-A12,2026-06-22T17:11:35.496Z
G02,415,add,ART. 17,G02-A12,2026-06-22T17:11:35.496Z
G02,415,add,Backlog,G02-A12,2026-06-22T17:14:00.176Z
G02,415,add,Doing,G02-A12,2026-06-22T17:14:02.005Z
G02,415,remove,Backlog,G02-A12,2026-06-22T17:14:02.005Z
G02,415,add,DOCUMENTATION,G02-A12,2026-06-22T17:16:37.708Z
G02,415,add,Waiting Review,G02-A12,2026-06-22T21:28:35.508Z
G02,415,remove,Doing,G02-A12,2026-06-22T21:28:35.508Z
G02,415,add,Review,G02-A13,2026-06-23T19:30:50.316Z
G02,415,remove,Waiting Review,G02-A13,2026-06-23T19:30:50.316Z
G02,415,remove,Review,G02-A13,2026-06-23T19:31:16.801Z
G02,416,add,Backlog,G02-A12,2026-06-23T23:46:41.895Z
G02,416,add,Doing,G02-A12,2026-06-23T23:46:43.808Z
G02,416,remove,Backlog,G02-A12,2026-06-23T23:46:43.808Z
G02,416,add,CODE,G02-A12,2026-06-23T23:47:01.649Z
G02,416,add,SIZE_P,G02-A12,2026-06-23T23:47:01.649Z
G02,416,add,ART. 18,G02-A12,2026-06-23T23:47:01.649Z
G02,416,add,Waiting Review,G02-A12,2026-06-24T00:24:04.470Z
G02,416,remove,Doing,G02-A12,2026-06-24T00:24:04.470Z
G02,416,add,Review,G02-A15,2026-06-24T15:53:30.237Z
G02,416,remove,Waiting Review,G02-A15,2026-06-24T15:53:30.237Z
G02,416,remove,Review,G02-A15,2026-06-24T17:04:51.059Z
G02,417,add,CODE,G02-A14,2026-06-22T17:21:49.309Z
G02,417,add,SIZE_G,G02-A14,2026-06-22T17:21:49.309Z
G02,417,add,ART. 14,G02-A14,2026-06-22T17:21:49.309Z
G02,417,add,Backlog,G02-A14,2026-06-22T17:21:52.665Z
G02,417,add,Doing,G02-A14,2026-06-22T18:14:54.641Z
G02,417,remove,Backlog,G02-A14,2026-06-22T18:14:54.641Z
G02,417,add,Waiting Review,G02-A14,2026-06-22T19:30:04.014Z
G02,417,remove,Doing,G02-A14,2026-06-22T19:30:04.014Z
G02,417,add,Review,G02-A12,2026-06-24T17:22:27.441Z
G02,417,remove,Waiting Review,G02-A12,2026-06-24T17:22:27.441Z
G02,417,remove,Review,G02-A12,2026-06-24T18:48:55.646Z
G02,418,add,CODE,G02-A16,2026-06-22T17:45:17.129Z
G02,418,add,SIZE_M,G02-A16,2026-06-22T17:45:17.129Z
G02,418,add,ART. 14,G02-A16,2026-06-22T17:45:17.129Z
G02,418,add,Backlog,G02-A16,2026-06-22T17:45:42.984Z
G02,418,add,Doing,G02-A16,2026-06-22T17:48:58.847Z
G02,418,remove,Backlog,G02-A16,2026-06-22T17:48:58.847Z
G02,418,add,Waiting Review,G02-A16,2026-06-22T18:38:23.102Z
G02,418,remove,Doing,G02-A16,2026-06-22T18:38:23.102Z
G02,418,add,Review,G02-A14,2026-06-22T19:07:12.968Z
G02,418,remove,Waiting Review,G02-A14,2026-06-22T19:07:12.968Z
G02,418,remove,Review,G02-A14,2026-06-22T19:59:49.310Z
G02,419,add,DOCUMENTATION,G02-A18,2026-06-22T17:56:17.770Z
G02,419,add,SIZE_M,G02-A18,2026-06-22T17:56:17.770Z
G02,419,add,ART. 16,G02-A18,2026-06-22T17:56:17.770Z
G02,419,add,Backlog,G02-A18,2026-06-22T17:56:41.237Z
G02,419,add,Doing,G02-A18,2026-06-22T17:56:43.105Z
G02,419,remove,Backlog,G02-A18,2026-06-22T17:56:43.105Z
G02,419,add,Waiting Review,G02-A18,2026-06-22T19:32:59.216Z
G02,419,remove,Doing,G02-A18,2026-06-22T19:32:59.216Z
G02,419,add,Review,G02-A13,2026-06-24T17:03:52.257Z
G02,419,remove,Waiting Review,G02-A13,2026-06-24T17:03:52.257Z
G02,419,remove,Review,G02-A13,2026-06-24T18:02:05.252Z
G02,420,add,CODE,G02-A15,2026-06-22T18:05:06.413Z
G02,420,add,ART. 18,G02-A15,2026-06-22T18:06:42.315Z
G02,420,add,Backlog,G02-A15,2026-06-22T18:25:48.886Z
G02,420,add,SIZE_G,G02-A15,2026-06-22T18:26:00.795Z
G02,420,add,Doing,G02-A15,2026-06-22T18:26:04.192Z
G02,420,remove,Backlog,G02-A15,2026-06-22T18:26:04.192Z
G02,420,add,Waiting Review,G02-A15,2026-06-22T19:10:53.013Z
G02,420,remove,Doing,G02-A15,2026-06-22T19:10:53.013Z
G02,420,add,Review,G02-A19,2026-06-23T18:32:47.797Z
G02,420,remove,Waiting Review,G02-A19,2026-06-23T18:32:47.797Z
G02,420,remove,Review,G02-A19,2026-06-23T21:56:11.649Z
G02,421,add,DOCUMENTATION,G02-A19,2026-06-22T18:12:57.002Z
G02,421,add,SIZE_M,G02-A19,2026-06-22T18:12:57.002Z
G02,421,add,ART. 15,G02-A19,2026-06-22T18:12:57.002Z
G02,421,add,Backlog,G02-A19,2026-06-22T18:13:12.877Z
G02,421,add,Doing,G02-A19,2026-06-22T18:53:09.548Z
G02,421,remove,Backlog,G02-A19,2026-06-22T18:53:09.548Z
G02,421,add,Waiting Review,G02-A19,2026-06-22T20:05:28.044Z
G02,421,remove,Doing,G02-A19,2026-06-22T20:05:28.044Z
G02,421,add,Review,G02-A12,2026-06-23T23:59:40.035Z
G02,421,remove,Waiting Review,G02-A12,2026-06-23T23:59:40.035Z
G02,421,remove,Review,G02-A12,2026-06-24T10:48:39.878Z
G02,422,add,ART. 14,G02-A13,2026-06-22T18:38:19.430Z
G02,422,add,DESIGN,G02-A13,2026-06-22T18:38:48.272Z
G02,422,add,SIZE_G,G02-A13,2026-06-22T18:38:48.272Z
G02,422,add,Backlog,G02-A13,2026-06-22T18:39:02.496Z
G02,422,add,Doing,G02-A13,2026-06-22T18:39:04.197Z
G02,422,remove,Backlog,G02-A13,2026-06-22T18:39:04.197Z
G02,422,add,Waiting Review,G02-A13,2026-06-23T00:14:50.579Z
G02,422,remove,Doing,G02-A13,2026-06-23T00:14:50.579Z
G02,422,add,Review,G02-A18,2026-06-25T13:24:14.312Z
G02,422,remove,Waiting Review,G02-A18,2026-06-25T13:24:14.312Z
G02,422,remove,Review,G02-A18,2026-06-25T13:51:32.213Z
G02,423,add,DOCUMENTATION,G02-A12,2026-06-22T23:40:02.455Z
G02,423,add,SIZE_M,G02-A12,2026-06-22T23:40:02.455Z
G02,423,add,ART. 17,G02-A12,2026-06-22T23:40:02.455Z
G02,423,add,Presentation,G02-A12,2026-06-22T23:40:02.455Z
G02,423,add,Backlog,G02-A12,2026-06-22T23:40:16.911Z
G02,423,add,Doing,G02-A12,2026-06-22T23:40:18.579Z
G02,423,remove,Backlog,G02-A12,2026-06-22T23:40:18.579Z
G02,423,add,Waiting Review,G02-A12,2026-06-23T11:01:57.612Z
G02,423,remove,Doing,G02-A12,2026-06-23T11:01:57.612Z
G02,423,add,Review,G02-A13,2026-06-23T19:30:45.320Z
G02,423,remove,Waiting Review,G02-A13,2026-06-23T19:30:45.320Z
G02,423,remove,Review,G02-A13,2026-06-23T19:31:21.739Z
G02,424,add,DOCUMENTATION,G02-A19,2026-06-23T13:41:49.504Z
G02,424,add,SIZE_G,G02-A19,2026-06-23T13:41:49.504Z
G02,424,add,ART. 15,G02-A19,2026-06-23T13:41:49.504Z
G02,424,add,Backlog,G02-A19,2026-06-23T14:26:28.253Z
G02,424,add,Doing,G02-A19,2026-06-23T17:03:10.735Z
G02,424,remove,Backlog,G02-A19,2026-06-23T17:03:10.735Z
G02,424,add,Waiting Review,G02-A19,2026-06-23T18:02:23.690Z
G02,424,remove,Doing,G02-A19,2026-06-23T18:02:23.690Z
G02,424,add,Review,G02-A12,2026-06-23T23:59:35.469Z
G02,424,remove,Waiting Review,G02-A12,2026-06-23T23:59:35.469Z
G02,424,remove,Review,G02-A12,2026-06-24T10:48:43.601Z
G02,425,add,DOCUMENTATION,G02-A19,2026-06-23T14:27:57.812Z
G02,425,add,SIZE_G,G02-A19,2026-06-23T14:27:57.812Z
G02,425,add,ART. 15,G02-A19,2026-06-23T14:27:57.812Z
G02,425,add,Backlog,G02-A19,2026-06-23T14:28:17.785Z
G02,425,add,Doing,G02-A19,2026-06-23T22:01:15.781Z
G02,425,remove,Backlog,G02-A19,2026-06-23T22:01:15.781Z
G02,425,add,Waiting Review,G02-A19,2026-06-23T23:11:26.271Z
G02,425,remove,Doing,G02-A19,2026-06-23T23:11:26.271Z
G02,425,add,Review,G02-A12,2026-06-23T23:59:30.523Z
G02,425,remove,Waiting Review,G02-A12,2026-06-23T23:59:30.523Z
G02,425,remove,Review,G02-A12,2026-06-24T10:48:40.893Z
G02,426,add,DOCUMENTATION,G02-A14,2026-06-23T14:27:24.332Z
G02,426,add,ART. 14,G02-A14,2026-06-23T14:27:24.332Z
G02,426,add,SIZE_G,G02-A14,2026-06-23T14:27:42.825Z
G02,426,add,Backlog,G02-A14,2026-06-23T14:27:45.513Z
G02,426,add,Doing,G02-A14,2026-06-23T17:14:01.771Z
G02,426,remove,Backlog,G02-A14,2026-06-23T17:14:01.771Z
G02,426,add,Waiting Review,G02-A14,2026-06-24T12:00:10.070Z
G02,426,remove,Doing,G02-A14,2026-06-24T12:00:10.070Z
G02,426,add,Review,G02-A12,2026-06-24T17:22:34.365Z
G02,426,remove,Waiting Review,G02-A12,2026-06-24T17:22:34.365Z
G02,426,remove,Review,G02-A12,2026-06-24T18:48:54.701Z
G02,427,add,DOCUMENTATION,G02-A12,2026-06-23T14:28:46.304Z
G02,427,add,SIZE_P,G02-A12,2026-06-23T14:28:46.304Z
G02,427,add,ART. 17,G02-A12,2026-06-23T14:28:46.304Z
G02,427,add,Presentation,G02-A12,2026-06-23T14:28:46.304Z
G02,427,add,Backlog,G02-A12,2026-06-23T14:28:59.389Z
G02,427,add,Doing,G02-A12,2026-06-23T14:29:04.104Z
G02,427,remove,Backlog,G02-A12,2026-06-23T14:29:04.104Z
G02,427,add,Waiting Review,G02-A12,2026-06-23T16:23:13.429Z
G02,427,remove,Doing,G02-A12,2026-06-23T16:23:13.429Z
G02,427,add,Review,G02-A13,2026-06-23T19:30:43.575Z
G02,427,remove,Waiting Review,G02-A13,2026-06-23T19:30:43.575Z
G02,427,remove,Review,G02-A13,2026-06-23T19:31:19.397Z
G02,428,add,DOCUMENTATION,G02-A19,2026-06-23T14:29:13.532Z
G02,428,add,SIZE_M,G02-A19,2026-06-23T14:29:13.532Z
G02,428,add,ART. 15,G02-A19,2026-06-23T14:29:13.532Z
G02,428,add,Backlog,G02-A19,2026-06-23T14:29:21.621Z
G02,428,add,Doing,G02-A19,2026-06-23T18:04:00.233Z
G02,428,remove,Backlog,G02-A19,2026-06-23T18:04:00.233Z
G02,428,add,Waiting Review,G02-A19,2026-06-23T18:31:05.447Z
G02,428,remove,Doing,G02-A19,2026-06-23T18:31:05.447Z
G02,428,add,Review,G02-A12,2026-06-23T23:59:33.746Z
G02,428,remove,Waiting Review,G02-A12,2026-06-23T23:59:33.746Z
G02,428,remove,Review,G02-A12,2026-06-24T10:48:41.875Z
G02,429,add,CODE,G02-A16,2026-06-23T14:30:34.096Z
G02,429,add,SIZE_M,G02-A16,2026-06-23T14:30:34.096Z
G02,429,add,ART. 14,G02-A16,2026-06-23T14:30:34.096Z
G02,429,add,Backlog,G02-A16,2026-06-23T14:30:51.856Z
G02,429,add,Doing,G02-A16,2026-06-23T14:30:54.269Z
G02,429,remove,Backlog,G02-A16,2026-06-23T14:30:54.269Z
G02,429,add,Waiting Review,G02-A16,2026-06-23T14:44:00.361Z
G02,429,remove,Doing,G02-A16,2026-06-23T14:44:00.361Z
G02,429,add,Review,G02-A12,2026-06-23T14:46:18.223Z
G02,429,remove,Waiting Review,G02-A12,2026-06-23T14:46:18.223Z
G02,429,remove,Review,G02-A12,2026-06-23T16:10:13.967Z
G02,430,add,CODE,G02-A12,2026-06-23T16:58:58.989Z
G02,430,add,SIZE_M,G02-A12,2026-06-23T16:58:58.989Z
G02,430,add,ART. 18,G02-A12,2026-06-23T16:58:58.989Z
G02,430,add,Backlog,G02-A12,2026-06-23T16:59:05.002Z
G02,430,add,Doing,G02-A12,2026-06-23T16:59:14.879Z
G02,430,remove,Backlog,G02-A12,2026-06-23T16:59:14.879Z
G02,430,add,Waiting Review,G02-A12,2026-06-23T18:49:26.007Z
G02,430,remove,Doing,G02-A12,2026-06-23T18:49:26.007Z
G02,430,add,Review,G02-A19,2026-06-24T18:00:02.899Z
G02,430,remove,Waiting Review,G02-A19,2026-06-24T18:00:02.899Z
G02,430,remove,Review,G02-A19,2026-06-24T18:43:05.908Z
G02,431,add,DOCUMENTATION,G02-A19,2026-06-23T17:26:46.354Z
G02,431,add,SIZE_M,G02-A19,2026-06-23T17:26:46.354Z
G02,431,add,ART. 15,G02-A19,2026-06-23T17:26:46.354Z
G02,431,add,Backlog,G02-A19,2026-06-23T17:31:15.089Z
G02,431,remove,SIZE_M,G02-A19,2026-06-24T00:51:19.757Z
G02,431,add,SIZE_P,G02-A19,2026-06-24T00:51:44.312Z
G02,431,add,Doing,G02-A19,2026-06-24T00:52:51.135Z
G02,431,remove,Backlog,G02-A19,2026-06-24T00:52:51.135Z
G02,431,add,Waiting Review,G02-A19,2026-06-24T01:10:21.116Z
G02,431,remove,Doing,G02-A19,2026-06-24T01:10:21.116Z
G02,431,add,Review,G02-A12,2026-06-24T17:23:10.681Z
G02,431,remove,Waiting Review,G02-A12,2026-06-24T17:23:10.681Z
G02,431,remove,Review,G02-A12,2026-06-24T18:48:53.182Z
G02,432,add,SIZE_M,G02-A18,2026-06-23T17:32:37.444Z
G02,432,add,DESIGN,G02-A18,2026-06-23T17:32:49.972Z
G02,432,add,ART. 14,G02-A18,2026-06-23T17:33:08.490Z
G02,432,add,Backlog,G02-A18,2026-06-23T17:36:10.853Z
G02,432,add,Doing,G02-A18,2026-06-23T17:36:13.966Z
G02,432,remove,Backlog,G02-A18,2026-06-23T17:36:13.966Z
G02,432,add,Waiting Review,G02-A18,2026-06-23T19:04:31.317Z
G02,432,remove,Doing,G02-A18,2026-06-23T19:04:31.317Z
G02,432,add,Review,G02-A13,2026-06-24T17:03:47.564Z
G02,432,remove,Waiting Review,G02-A13,2026-06-24T17:03:47.564Z
G02,432,remove,Review,G02-A13,2026-06-24T18:02:03.002Z
G02,433,add,CODE,G02-A16,2026-06-23T17:36:13.504Z
G02,433,add,SIZE_M,G02-A16,2026-06-23T17:36:13.504Z
G02,433,add,ART. 14,G02-A16,2026-06-23T17:36:13.504Z
G02,433,add,Backlog,G02-A16,2026-06-23T17:36:44.664Z
G02,433,add,Doing,G02-A16,2026-06-23T17:36:49.129Z
G02,433,remove,Backlog,G02-A16,2026-06-23T17:36:49.129Z
G02,433,add,Waiting Review,G02-A16,2026-06-23T18:35:11.437Z
G02,433,remove,Doing,G02-A16,2026-06-23T18:35:11.437Z
G02,433,add,Review,G02-A12,2026-06-24T17:22:13.488Z
G02,433,remove,Waiting Review,G02-A12,2026-06-24T17:22:13.488Z
G02,433,remove,Review,G02-A14,2026-06-24T18:47:27.377Z
G02,434,add,DOCUMENTATION,G02-A13,2026-06-23T17:40:10.395Z
G02,434,add,SIZE_M,G02-A13,2026-06-23T17:40:10.395Z
G02,434,add,ART. 15,G02-A13,2026-06-23T17:40:10.395Z
G02,434,add,Backlog,G02-A13,2026-06-23T17:40:22.760Z
G02,434,add,Doing,G02-A13,2026-06-23T17:40:24.532Z
G02,434,remove,Backlog,G02-A13,2026-06-23T17:40:24.532Z
G02,434,add,ART. 16,G02-A13,2026-06-23T18:13:08.203Z
G02,434,remove,ART. 15,G02-A13,2026-06-23T18:13:08.203Z
G02,434,add,Waiting Review,G02-A13,2026-06-23T18:25:40.650Z
G02,434,remove,Doing,G02-A13,2026-06-23T18:25:40.650Z
G02,434,add,Review,G02-A18,2026-06-25T13:24:10.171Z
G02,434,remove,Waiting Review,G02-A18,2026-06-25T13:24:10.171Z
G02,434,remove,Review,G02-A18,2026-06-25T13:51:30.744Z
G02,435,add,CODE,G02-A15,2026-06-23T17:50:17.843Z
G02,435,add,SIZE_M,G02-A15,2026-06-23T17:50:17.843Z
G02,435,add,DESIGN,G02-A15,2026-06-23T17:50:45.335Z
G02,435,add,Backlog,G02-A15,2026-06-23T17:51:12.755Z
G02,435,add,Doing,G02-A15,2026-06-23T17:51:15.817Z
G02,435,remove,Backlog,G02-A15,2026-06-23T17:51:15.817Z
G02,435,add,Waiting Review,G02-A15,2026-06-23T18:39:16.241Z
G02,435,remove,Doing,G02-A15,2026-06-23T18:39:16.241Z
G02,435,add,Review,G02-A12,2026-06-23T18:39:36.809Z
G02,435,remove,Waiting Review,G02-A12,2026-06-23T18:39:36.809Z
G02,435,remove,Review,G02-A12,2026-06-23T22:06:58.601Z
G02,436,add,DOCUMENTATION,G02-A13,2026-06-23T19:37:42.728Z
G02,436,add,SIZE_G,G02-A13,2026-06-23T19:37:42.728Z
G02,436,add,ART. 16,G02-A13,2026-06-23T19:37:42.728Z
G02,436,add,Backlog,G02-A13,2026-06-23T19:37:55.287Z
G02,436,add,Doing,G02-A13,2026-06-23T19:38:04.867Z
G02,436,remove,Backlog,G02-A13,2026-06-23T19:38:04.867Z
G02,436,add,Waiting Review,G02-A13,2026-06-23T20:14:00.763Z
G02,436,remove,Doing,G02-A13,2026-06-23T20:14:00.763Z
G02,436,add,Review,G02-A18,2026-06-25T13:24:20.447Z
G02,436,remove,Waiting Review,G02-A18,2026-06-25T13:24:20.447Z
G02,436,remove,Review,G02-A18,2026-06-25T13:51:34.065Z
G02,437,add,DOCUMENTATION,G02-A12,2026-06-23T22:31:46.289Z
G02,437,add,SIZE_M,G02-A12,2026-06-23T22:31:46.289Z
G02,437,add,ART. 18,G02-A12,2026-06-23T22:31:46.289Z
G02,437,add,Backlog,G02-A12,2026-06-23T22:33:05.162Z
G02,437,add,Doing,G02-A12,2026-06-23T22:33:07.018Z
G02,437,remove,Backlog,G02-A12,2026-06-23T22:33:07.018Z
G02,437,add,Waiting Review,G02-A12,2026-06-23T23:46:39.511Z
G02,437,remove,Doing,G02-A12,2026-06-23T23:46:39.511Z
G02,437,add,Review,G02-A15,2026-06-24T15:53:06.891Z
G02,437,remove,Waiting Review,G02-A15,2026-06-24T15:53:06.891Z
G02,437,remove,Review,G02-A15,2026-06-24T17:04:51.932Z
G02,438,add,DOCUMENTATION,G02-A12,2026-06-24T00:29:45.366Z
G02,438,add,SIZE_G,G02-A12,2026-06-24T00:29:45.366Z
G02,438,add,ART. 15,G02-A12,2026-06-24T00:29:45.366Z
G02,438,add,Backlog,G02-A12,2026-06-24T00:32:01.098Z
G02,438,add,Doing,G02-A12,2026-06-24T01:26:12.994Z
G02,438,remove,Backlog,G02-A12,2026-06-24T01:26:12.994Z
G02,438,add,Waiting Review,G02-A12,2026-06-24T10:48:30.438Z
G02,438,remove,Doing,G02-A12,2026-06-24T10:48:30.438Z
G02,438,add,Review,G02-A19,2026-06-24T15:27:32.426Z
G02,438,remove,Waiting Review,G02-A19,2026-06-24T15:27:32.426Z
G02,438,remove,Review,G02-A19,2026-06-24T15:44:46.377Z
G02,439,add,BUG,G02-A16,2026-06-24T01:03:49.155Z
G02,439,add,CODE,G02-A16,2026-06-24T01:03:49.155Z
G02,439,add,SIZE_M,G02-A16,2026-06-24T01:03:49.155Z
G02,439,add,ART. 14,G02-A16,2026-06-24T01:03:49.155Z
G02,439,add,Backlog,G02-A16,2026-06-24T01:04:08.352Z
G02,439,add,Doing,G02-A16,2026-06-24T01:04:10.887Z
G02,439,remove,Backlog,G02-A16,2026-06-24T01:04:10.887Z
G02,439,add,Waiting Review,G02-A16,2026-06-24T01:43:51.599Z
G02,439,remove,Doing,G02-A16,2026-06-24T01:43:51.599Z
G02,440,add,SIZE_P,G02-A12,2026-06-24T13:20:22.420Z
G02,440,add,ART. 17,G02-A12,2026-06-24T13:20:22.420Z
G02,440,add,Presentation,G02-A12,2026-06-24T13:20:22.420Z
G02,440,add,Backlog,G02-A12,2026-06-24T13:22:05.981Z
G02,440,add,Doing,G02-A12,2026-06-24T13:22:07.610Z
G02,440,remove,Backlog,G02-A12,2026-06-24T13:22:07.610Z
G02,440,add,Waiting Review,G02-A12,2026-06-24T14:56:05.089Z
G02,440,remove,Doing,G02-A12,2026-06-24T14:56:05.089Z
G02,440,add,Review,G02-A19,2026-06-24T18:00:00.976Z
G02,440,remove,Waiting Review,G02-A19,2026-06-24T18:00:00.976Z
G02,440,remove,Review,G02-A19,2026-06-24T18:43:04.623Z
G02,441,add,ART. 14,G02-A18,2026-06-24T15:16:31.172Z
G02,441,add,DESIGN,G02-A18,2026-06-24T15:16:51.012Z
G02,441,add,SIZE_P,G02-A18,2026-06-24T15:16:51.012Z
G02,441,add,Backlog,G02-A18,2026-06-24T15:16:58.481Z
G02,441,add,Doing,G02-A18,2026-06-24T15:17:00.400Z
G02,441,remove,Backlog,G02-A18,2026-06-24T15:17:00.400Z
G02,441,add,Waiting Review,G02-A18,2026-06-24T15:38:39.790Z
G02,441,remove,Doing,G02-A18,2026-06-24T15:38:39.790Z
G02,441,add,Review,G02-A13,2026-06-24T17:03:43.344Z
G02,441,remove,Waiting Review,G02-A13,2026-06-24T17:03:43.344Z
G02,441,remove,Review,G02-A13,2026-06-24T18:02:06.297Z
G02,442,add,DOCUMENTATION,G02-A12,2026-06-24T17:06:17.724Z
G02,442,add,DESIGN,G02-A12,2026-06-24T17:06:17.724Z
G02,442,add,SIZE_P,G02-A12,2026-06-24T17:06:17.724Z
G02,442,add,ART. 15,G02-A12,2026-06-24T17:06:17.724Z
G02,442,add,Backlog,G02-A12,2026-06-24T17:08:01.932Z
G02,442,add,Doing,G02-A12,2026-06-24T17:08:05.770Z
G02,442,remove,Backlog,G02-A12,2026-06-24T17:08:05.770Z
G02,442,add,Waiting Review,G02-A12,2026-06-24T17:22:05.315Z
G02,442,remove,Doing,G02-A12,2026-06-24T17:22:05.315Z
G02,442,add,Review,G02-A19,2026-06-24T17:28:42.694Z
G02,442,remove,Waiting Review,G02-A19,2026-06-24T17:28:42.694Z
G02,442,remove,Review,G02-A19,2026-06-24T17:59:25.900Z
G02,443,add,DOCUMENTATION,G02-A14,2026-06-24T17:11:17.005Z
G02,443,add,ART. 14,G02-A14,2026-06-24T17:11:17.005Z
G02,443,add,SIZE_G,G02-A14,2026-06-24T17:11:34.560Z
G02,443,add,Backlog,G02-A14,2026-06-24T17:11:38.063Z
G02,443,add,Doing,G02-A14,2026-06-24T17:21:25.479Z
G02,443,remove,Backlog,G02-A14,2026-06-24T17:21:25.479Z
G02,443,add,ART. 16,G02-A14,2026-06-24T18:44:37.910Z
G02,443,remove,ART. 14,G02-A14,2026-06-24T18:44:37.910Z
G02,443,add,Waiting Review,G02-A14,2026-06-25T13:05:06.436Z
G02,443,remove,Doing,G02-A14,2026-06-25T13:05:06.436Z
G02,443,add,Review,G02-A13,2026-06-25T17:13:03.538Z
G02,443,remove,Waiting Review,G02-A13,2026-06-25T17:13:03.538Z
G02,443,remove,Review,G02-A13,2026-06-25T17:13:07.326Z
G02,444,add,DOCUMENTATION,G02-A19,2026-06-24T17:58:28.690Z
G02,444,add,SIZE_M,G02-A19,2026-06-24T17:58:28.690Z
G02,444,add,ART. 14,G02-A19,2026-06-24T17:58:28.690Z
G02,444,add,Backlog,G02-A19,2026-06-24T17:58:45.769Z
G02,444,remove,ART. 14,G02-A19,2026-06-24T18:00:57.219Z
G02,444,add,ART. 16,G02-A19,2026-06-24T18:01:02.537Z
G02,444,add,Doing,G02-A19,2026-06-24T21:12:57.198Z
G02,444,remove,Backlog,G02-A19,2026-06-24T21:12:57.198Z
G02,444,add,Waiting Review,G02-A19,2026-06-24T21:48:18.977Z
G02,444,remove,Doing,G02-A19,2026-06-24T21:48:18.977Z
G02,444,add,Review,G02-A12,2026-06-25T13:25:58.477Z
G02,444,remove,Waiting Review,G02-A12,2026-06-25T13:25:58.477Z
G02,444,remove,Review,G02-A12,2026-06-25T23:03:40.608Z
G02,445,add,DOCUMENTATION,G02-A12,2026-06-24T18:00:44.079Z
G02,445,add,SIZE_M,G02-A12,2026-06-24T18:00:44.079Z
G02,445,add,ART. 14,G02-A12,2026-06-24T18:00:44.079Z
G02,445,remove,ART. 14,G02-A12,2026-06-24T18:00:53.280Z
G02,445,add,ART. 16,G02-A12,2026-06-24T18:01:00.731Z
G02,445,add,Backlog,G02-A12,2026-06-24T18:01:04.423Z
G02,445,add,Doing,G02-A12,2026-06-24T18:01:06.077Z
G02,445,remove,Backlog,G02-A12,2026-06-24T18:01:06.077Z
G02,445,add,Waiting Review,G02-A12,2026-06-24T18:48:48.588Z
G02,445,remove,Doing,G02-A12,2026-06-24T18:48:48.588Z
G02,445,add,Review,G02-A19,2026-06-24T20:48:35.767Z
G02,445,remove,Waiting Review,G02-A19,2026-06-24T20:48:35.767Z
G02,445,remove,Review,G02-A19,2026-06-24T21:09:02.514Z
G02,446,add,DOCUMENTATION,G02-A13,2026-06-24T18:06:47.944Z
G02,446,add,SIZE_M,G02-A13,2026-06-24T18:06:47.944Z
G02,446,add,ART. 16,G02-A13,2026-06-24T18:06:47.944Z
G02,446,add,Backlog,G02-A13,2026-06-24T18:06:57.491Z
G02,446,add,Doing,G02-A13,2026-06-24T18:06:59.078Z
G02,446,remove,Backlog,G02-A13,2026-06-24T18:06:59.078Z
G02,446,add,Waiting Review,G02-A13,2026-06-25T13:23:44.457Z
G02,446,remove,Doing,G02-A13,2026-06-25T13:23:44.457Z
G02,446,add,Review,G02-A18,2026-06-25T13:24:17.820Z
G02,446,remove,Waiting Review,G02-A18,2026-06-25T13:24:17.820Z
G02,446,remove,Review,G02-A18,2026-06-25T13:51:35.748Z
G02,447,add,BUG,G02-A16,2026-06-24T20:36:31.730Z
G02,447,add,CODE,G02-A16,2026-06-24T20:36:31.730Z
G02,447,add,SIZE_M,G02-A16,2026-06-24T20:36:31.730Z
G02,447,add,ART. 14,G02-A16,2026-06-24T20:36:31.730Z
G02,447,add,Backlog,G02-A16,2026-06-24T20:41:48.243Z
G02,447,add,Doing,G02-A16,2026-06-24T20:41:49.891Z
G02,447,remove,Backlog,G02-A16,2026-06-24T20:41:49.891Z
G02,447,add,Waiting Review,G02-A16,2026-06-24T21:37:15.253Z
G02,447,remove,Doing,G02-A16,2026-06-24T21:37:15.253Z
G02,447,add,Review,G02-A12,2026-06-25T13:25:57.134Z
G02,447,remove,Waiting Review,G02-A12,2026-06-25T13:25:57.134Z
G02,447,remove,Review,G02-A12,2026-06-25T23:04:31.527Z
G02,448,add,CODE,G02-A16,2026-06-24T20:35:56.819Z
G02,448,add,SIZE_M,G02-A16,2026-06-24T20:35:56.819Z
G02,448,add,ART. 14,G02-A16,2026-06-24T20:35:56.819Z
G02,448,add,Backlog,G02-A16,2026-06-24T21:37:16.901Z
G02,448,add,Doing,G02-A16,2026-06-24T21:37:18.212Z
G02,448,remove,Backlog,G02-A16,2026-06-24T21:37:18.212Z
G02,448,add,Waiting Review,G02-A16,2026-06-24T23:10:18.678Z
G02,448,remove,Doing,G02-A16,2026-06-24T23:10:18.678Z
G02,448,add,Review,G02-A12,2026-06-25T13:25:55.813Z
G02,448,remove,Waiting Review,G02-A12,2026-06-25T13:25:55.813Z
G02,448,remove,Review,G02-A12,2026-06-25T23:04:41.094Z
G02,449,add,CODE,G02-A12,2026-06-25T13:33:51.399Z
G02,449,add,SIZE_M,G02-A12,2026-06-25T13:33:51.399Z
G02,449,add,ART. 18,G02-A12,2026-06-25T13:33:51.399Z
G02,449,add,Backlog,G02-A12,2026-06-25T13:34:32.512Z
G02,449,add,Doing,G02-A12,2026-06-25T13:34:33.837Z
G02,449,remove,Backlog,G02-A12,2026-06-25T13:34:33.837Z
G02,449,add,Waiting Review,G02-A12,2026-06-25T17:42:35.284Z
G02,449,remove,Doing,G02-A12,2026-06-25T17:42:35.284Z
G02,449,add,Review,G02-A19,2026-06-25T23:07:47.320Z
G02,449,remove,Waiting Review,G02-A19,2026-06-25T23:07:47.320Z
G02,449,remove,Review,G02-A19,2026-06-25T23:54:36.659Z
G02,450,add,Presentation,G02-A12,2026-06-25T13:47:08.302Z
G02,450,add,SIZE_M,G02-A12,2026-06-25T13:47:41.135Z
G02,450,add,ART. 17,G02-A12,2026-06-25T13:47:41.135Z
G02,450,add,Backlog,G02-A12,2026-06-25T13:47:50.769Z
G02,450,add,Doing,G02-A12,2026-06-25T17:42:42.007Z
G02,450,remove,Backlog,G02-A12,2026-06-25T17:42:42.007Z
G02,450,add,Waiting Review,G02-A12,2026-06-25T18:55:27.376Z
G02,450,remove,Doing,G02-A12,2026-06-25T18:55:27.376Z
G02,450,add,Review,G02-A19,2026-06-25T23:07:43.681Z
G02,450,remove,Waiting Review,G02-A19,2026-06-25T23:07:43.681Z
G02,450,remove,Review,G02-A19,2026-06-25T23:54:38.419Z
G02,451,add,DOCUMENTATION,G02-A14,2026-06-25T13:29:03.526Z
G02,451,add,ART. 16,G02-A14,2026-06-25T13:29:03.526Z
G02,451,add,SIZE_GG,G02-A14,2026-06-25T13:29:03.526Z
G02,451,add,Backlog,G02-A14,2026-06-25T13:29:09.686Z
G02,451,add,Waiting Review,G02-A14,2026-06-26T08:51:32.329Z
G02,451,remove,Backlog,G02-A14,2026-06-26T08:51:32.329Z
G02,451,add,Doing,G02-A14,2026-06-26T08:51:35.149Z
G02,451,remove,Waiting Review,G02-A14,2026-06-26T08:51:35.149Z
G02,451,add,Waiting Review,G02-A14,2026-06-26T08:51:37.710Z
G02,451,remove,Doing,G02-A14,2026-06-26T08:51:37.710Z
G02,451,add,Review,G02-A14,2026-06-26T08:51:39.754Z
G02,451,remove,Waiting Review,G02-A14,2026-06-26T08:51:39.754Z
G02,451,remove,Review,G02-A14,2026-06-26T08:51:42.256Z
G02,452,add,DOCUMENTATION,G02-A13,2026-06-25T13:38:32.433Z
G02,452,add,SIZE_M,G02-A13,2026-06-25T13:38:32.433Z
G02,452,add,ART. 16,G02-A13,2026-06-25T13:38:32.433Z
G02,452,add,Backlog,G02-A13,2026-06-25T13:38:48.402Z
G02,452,add,Doing,G02-A13,2026-06-25T13:38:52.199Z
G02,452,remove,Backlog,G02-A13,2026-06-25T13:38:52.199Z
G02,452,add,Waiting Review,G02-A13,2026-06-25T13:59:34.043Z
G02,452,remove,Doing,G02-A13,2026-06-25T13:59:34.043Z
G02,452,add,Review,G02-A18,2026-06-25T17:14:14.304Z
G02,452,remove,Waiting Review,G02-A18,2026-06-25T17:14:14.304Z
G02,452,remove,Review,G02-A18,2026-06-25T17:14:30.017Z
G02,453,add,DOCUMENTATION,G02-A13,2026-06-25T13:42:47.133Z
G02,453,add,SIZE_M,G02-A13,2026-06-25T13:42:47.133Z
G02,453,add,ART. 16,G02-A13,2026-06-25T13:42:47.133Z
G02,453,add,Backlog,G02-A13,2026-06-25T13:42:59.711Z
G02,453,add,Doing,G02-A13,2026-06-25T13:43:28.822Z
G02,453,remove,Backlog,G02-A13,2026-06-25T13:43:28.822Z
G02,453,add,Waiting Review,G02-A13,2026-06-25T13:59:36.217Z
G02,453,remove,Doing,G02-A13,2026-06-25T13:59:36.217Z
G02,453,add,Review,G02-A18,2026-06-25T17:14:11.610Z
G02,453,remove,Waiting Review,G02-A18,2026-06-25T17:14:11.610Z
G02,453,remove,Review,G02-A18,2026-06-25T17:14:26.236Z
G02,454,add,DOCUMENTATION,G02-A19,2026-06-25T13:50:42.577Z
G02,454,add,SIZE_M,G02-A19,2026-06-25T13:50:42.577Z
G02,454,add,ART. 16,G02-A19,2026-06-25T13:50:42.577Z
G02,454,add,Backlog,G02-A19,2026-06-25T13:51:38.727Z
G02,454,add,Doing,G02-A19,2026-06-25T13:51:42.192Z
G02,454,remove,Backlog,G02-A19,2026-06-25T13:51:42.192Z
G02,454,add,Waiting Review,G02-A19,2026-06-25T14:51:26.944Z
G02,454,remove,Doing,G02-A19,2026-06-25T14:51:26.944Z
G02,454,add,Review,G02-A15,2026-06-25T17:14:10.930Z
G02,454,remove,Waiting Review,G02-A15,2026-06-25T17:14:10.930Z
G02,454,remove,Review,G02-A15,2026-06-25T17:37:49.680Z
G02,455,add,DOCUMENTATION,G02-A18,2026-06-25T13:53:43.788Z
G02,455,add,SIZE_M,G02-A18,2026-06-25T13:53:43.788Z
G02,455,add,ART. 16,G02-A18,2026-06-25T13:53:43.788Z
G02,455,add,Backlog,G02-A18,2026-06-25T13:59:18.548Z
G02,455,add,Doing,G02-A18,2026-06-25T13:59:22.443Z
G02,455,remove,Backlog,G02-A18,2026-06-25T13:59:22.443Z
G02,455,add,Waiting Review,G02-A18,2026-06-25T15:00:17.113Z
G02,455,remove,Doing,G02-A18,2026-06-25T15:00:17.113Z
G02,455,add,Review,G02-A19,2026-06-25T15:22:00.135Z
G02,455,remove,Waiting Review,G02-A19,2026-06-25T15:22:00.135Z
G02,455,remove,Review,G02-A19,2026-06-25T15:37:30.547Z
G02,456,add,CODE,G02-A14,2026-06-25T14:05:01.944Z
G02,456,add,ART. 14,G02-A14,2026-06-25T14:05:01.944Z
G02,456,add,SIZE_GG,G02-A14,2026-06-25T14:05:01.944Z
G02,456,add,Backlog,G02-A14,2026-06-25T14:05:05.036Z
G02,456,add,Doing,G02-A14,2026-06-25T14:05:19.163Z
G02,456,remove,Backlog,G02-A14,2026-06-25T14:05:19.163Z
G02,456,add,Waiting Review,G02-A14,2026-06-25T20:30:52.228Z
G02,456,remove,Doing,G02-A14,2026-06-25T20:30:52.228Z
G02,456,add,Review,G02-A12,2026-06-26T00:58:52.964Z
G02,456,remove,Waiting Review,G02-A12,2026-06-26T00:58:52.964Z
G02,456,remove,Review,G02-A12,2026-06-26T02:16:13.494Z
G02,458,add,DOCUMENTATION,G02-A13,2026-06-25T14:01:18.955Z
G02,458,add,SIZE_M,G02-A13,2026-06-25T14:01:18.955Z
G02,458,add,ART. 16,G02-A13,2026-06-25T14:01:18.955Z
G02,458,add,Backlog,G02-A13,2026-06-25T14:01:27.828Z
G02,458,add,Doing,G02-A13,2026-06-25T14:01:32.332Z
G02,458,remove,Backlog,G02-A13,2026-06-25T14:01:32.332Z
G02,458,add,SIZE_G,G02-A13,2026-06-25T14:02:18.868Z
G02,458,add,ART. 14,G02-A13,2026-06-25T14:02:18.868Z
G02,458,remove,ART. 16,G02-A13,2026-06-25T14:02:18.868Z
G02,458,remove,SIZE_M,G02-A13,2026-06-25T14:02:18.868Z
G02,458,add,DESIGN,G02-A13,2026-06-25T14:02:40.903Z
G02,458,add,CODE,G02-A13,2026-06-25T14:02:40.903Z
G02,458,remove,DOCUMENTATION,G02-A13,2026-06-25T14:02:40.903Z
G02,458,add,Waiting Review,G02-A13,2026-06-25T17:00:49.168Z
G02,458,remove,Doing,G02-A13,2026-06-25T17:00:49.168Z
G02,459,add,ART. 14,G02-A16,2026-06-25T14:25:13.167Z
G02,459,add,BUG,G02-A16,2026-06-25T14:25:29.567Z
G02,459,add,CODE,G02-A16,2026-06-25T14:25:29.567Z
G02,459,add,Backlog,G02-A16,2026-06-25T14:26:29.401Z
G02,459,add,Doing,G02-A16,2026-06-25T14:26:30.972Z
G02,459,remove,Backlog,G02-A16,2026-06-25T14:26:30.972Z
G02,459,add,Waiting Review,G02-A16,2026-06-25T15:01:30.008Z
G02,459,remove,Doing,G02-A16,2026-06-25T15:01:30.008Z
G02,459,add,Review,G02-A12,2026-06-25T17:14:46.851Z
G02,459,remove,Waiting Review,G02-A12,2026-06-25T17:14:46.851Z
G02,459,remove,Review,G02-A12,2026-06-25T23:04:19.742Z
G02,460,add,DOCUMENTATION,G02-A19,2026-06-25T15:45:01.736Z
G02,460,add,SIZE_P,G02-A19,2026-06-25T15:45:01.736Z
G02,460,add,ART. 16,G02-A19,2026-06-25T15:45:01.736Z
G02,460,add,Backlog,G02-A19,2026-06-25T15:45:10.156Z
G02,460,add,Doing,G02-A19,2026-06-25T15:45:13.757Z
G02,460,remove,Backlog,G02-A19,2026-06-25T15:45:13.757Z
G02,460,add,Waiting Review,G02-A19,2026-06-25T16:21:30.783Z
G02,460,remove,Doing,G02-A19,2026-06-25T16:21:30.783Z
G02,460,add,Review,G02-A18,2026-06-25T17:13:57.246Z
G02,460,remove,Waiting Review,G02-A18,2026-06-25T17:13:57.246Z
G02,460,remove,Review,G02-A18,2026-06-25T17:14:25.086Z
G02,461,add,SIZE_M,G02-A13,2026-06-25T17:12:31.016Z
G02,461,add,ART. 17,G02-A13,2026-06-25T17:12:31.016Z
G02,461,add,Presentation,G02-A13,2026-06-25T17:12:31.016Z
G02,461,add,Backlog,G02-A13,2026-06-25T17:12:39.102Z
G02,461,add,Doing,G02-A13,2026-06-25T17:12:47.597Z
G02,461,remove,Backlog,G02-A13,2026-06-25T17:12:47.597Z
G02,461,add,Waiting Review,G02-A13,2026-06-25T19:56:13.048Z
G02,461,remove,Doing,G02-A13,2026-06-25T19:56:13.048Z
G02,461,add,Review,G02-A12,2026-06-26T00:58:44.996Z
G02,461,remove,Waiting Review,G02-A12,2026-06-26T00:58:44.996Z
G02,461,remove,Review,G02-A12,2026-06-26T02:16:11.993Z
G02,462,add,DOCUMENTATION,G02-A18,2026-06-25T17:15:28.219Z
G02,462,add,SIZE_P,G02-A18,2026-06-25T17:15:28.219Z
G02,462,add,ART. 16,G02-A18,2026-06-25T17:15:28.219Z
G02,462,add,Backlog,G02-A18,2026-06-25T17:15:35.870Z
G02,462,add,Doing,G02-A18,2026-06-25T17:15:37.996Z
G02,462,remove,Backlog,G02-A18,2026-06-25T17:15:37.996Z
G02,462,add,Waiting Review,G02-A18,2026-06-25T17:37:19.323Z
G02,462,remove,Doing,G02-A18,2026-06-25T17:37:19.323Z
G02,462,add,Review,G02-A15,2026-06-25T17:37:44.787Z
G02,462,remove,Waiting Review,G02-A15,2026-06-25T17:37:44.787Z
G02,462,remove,Review,G02-A15,2026-06-25T17:45:09.089Z
G02,463,add,DOCUMENTATION,G02-A19,2026-06-25T17:19:12.598Z
G02,463,add,SIZE_M,G02-A19,2026-06-25T17:19:12.598Z
G02,463,add,ART. 16,G02-A19,2026-06-25T17:19:12.598Z
G02,463,add,Backlog,G02-A19,2026-06-25T17:19:48.175Z
G02,463,add,Doing,G02-A19,2026-06-25T17:20:03.946Z
G02,463,remove,Backlog,G02-A19,2026-06-25T17:20:03.946Z
G02,463,add,Waiting Review,G02-A19,2026-06-25T17:54:14.197Z
G02,463,remove,Doing,G02-A19,2026-06-25T17:54:14.197Z
G02,463,add,Review,G02-A15,2026-06-25T18:10:28.318Z
G02,463,remove,Waiting Review,G02-A15,2026-06-25T18:10:28.318Z
G02,463,remove,Review,G02-A15,2026-06-25T18:16:18.994Z
G02,464,add,Review,G02-A16,2026-06-25T17:31:48.275Z
G02,464,add,SIZE_G,G02-A16,2026-06-25T17:31:48.275Z
G02,464,remove,Review,G02-A16,2026-06-25T17:33:35.207Z
G02,465,add,Review,G02-A16,2026-06-25T17:32:47.262Z
G02,465,remove,Review,G02-A16,2026-06-25T17:33:20.303Z
G02,466,add,CODE_REVIEW,G02-A16,2026-06-25T17:33:58.081Z
G02,466,add,SIZE_G,G02-A16,2026-06-25T17:33:58.081Z
G02,466,add,Backlog,G02-A16,2026-06-25T17:34:00.497Z
G02,466,add,Doing,G02-A16,2026-06-25T17:34:01.801Z
G02,466,remove,Backlog,G02-A16,2026-06-25T17:34:01.801Z
G02,466,add,BUG,G02-A16,2026-06-25T19:18:30.117Z
G02,466,add,CODE,G02-A16,2026-06-25T19:18:30.117Z
G02,466,add,Waiting Review,G02-A16,2026-06-25T22:55:50.013Z
G02,466,remove,Doing,G02-A16,2026-06-25T22:55:50.013Z
G02,466,add,Review,G02-A12,2026-06-26T00:58:38.554Z
G02,466,remove,Waiting Review,G02-A12,2026-06-26T00:58:38.554Z
G02,466,remove,Review,G02-A12,2026-06-26T02:16:14.959Z
G02,467,add,DOCUMENTATION,G02-A15,2026-06-25T17:39:20.091Z
G02,467,add,SIZE_G,G02-A15,2026-06-25T17:39:20.091Z
G02,467,add,Backlog,G02-A15,2026-06-25T17:39:30.037Z
G02,467,add,Doing,G02-A15,2026-06-25T17:39:32.732Z
G02,467,remove,Backlog,G02-A15,2026-06-25T17:39:32.732Z
G02,467,add,CODE,G02-A15,2026-06-25T17:39:49.373Z
G02,467,add,Waiting Review,G02-A15,2026-06-25T18:47:41.459Z
G02,467,remove,Doing,G02-A15,2026-06-25T18:47:41.459Z
G02,467,add,Review,G02-A18,2026-06-25T18:57:36.441Z
G02,467,remove,Waiting Review,G02-A18,2026-06-25T18:57:36.441Z
G02,467,remove,Review,G02-A18,2026-06-25T20:13:41.171Z
G02,468,add,DOCUMENTATION,G02-A18,2026-06-25T17:38:59.799Z
G02,468,add,SIZE_P,G02-A18,2026-06-25T17:38:59.799Z
G02,468,add,ART. 16,G02-A18,2026-06-25T17:38:59.799Z
G02,468,add,Backlog,G02-A18,2026-06-25T17:43:55.444Z
G02,468,add,Doing,G02-A18,2026-06-25T17:43:58.254Z
G02,468,remove,Backlog,G02-A18,2026-06-25T17:43:58.254Z
G02,468,add,Waiting Review,G02-A18,2026-06-25T18:11:31.921Z
G02,468,remove,Doing,G02-A18,2026-06-25T18:11:31.921Z
G02,468,add,Review,G02-A15,2026-06-25T18:12:00.913Z
G02,468,remove,Waiting Review,G02-A15,2026-06-25T18:12:00.913Z
G02,468,remove,Review,G02-A15,2026-06-25T18:16:17.472Z
G02,469,add,CODE,G02-A19,2026-06-25T17:55:46.603Z
G02,469,add,SIZE_M,G02-A19,2026-06-25T17:55:46.603Z
G02,469,add,ART. 16,G02-A19,2026-06-25T17:55:46.603Z
G02,469,add,Backlog,G02-A19,2026-06-25T17:57:39.549Z
G02,469,add,Doing,G02-A19,2026-06-25T17:58:05.217Z
G02,469,remove,Backlog,G02-A19,2026-06-25T17:58:05.217Z
G02,469,add,Waiting Review,G02-A19,2026-06-25T18:23:47.169Z
G02,469,remove,Doing,G02-A19,2026-06-25T18:23:47.169Z
G02,469,add,Review,G02-A15,2026-06-25T18:26:54.925Z
G02,469,remove,Waiting Review,G02-A15,2026-06-25T18:26:54.925Z
G02,469,remove,Review,G02-A15,2026-06-25T18:30:06.147Z
G02,470,add,DOCUMENTATION,G02-A18,2026-06-25T18:15:00.453Z
G02,470,add,SIZE_P,G02-A18,2026-06-25T18:15:00.453Z
G02,470,add,ART. 16,G02-A18,2026-06-25T18:15:00.453Z
G02,470,add,Backlog,G02-A18,2026-06-25T18:16:34.412Z
G02,470,add,Doing,G02-A18,2026-06-25T18:16:36.232Z
G02,470,remove,Backlog,G02-A18,2026-06-25T18:16:36.232Z
G02,470,add,Waiting Review,G02-A18,2026-06-25T18:28:18.306Z
G02,470,remove,Doing,G02-A18,2026-06-25T18:28:18.306Z
G02,470,add,Review,G02-A15,2026-06-25T18:30:02.232Z
G02,470,remove,Waiting Review,G02-A15,2026-06-25T18:30:02.232Z
G02,470,remove,Review,G02-A15,2026-06-25T18:35:19.487Z
G02,471,add,DOCUMENTATION,G02-A19,2026-06-25T18:40:14.041Z
G02,471,add,SIZE_M,G02-A19,2026-06-25T18:40:14.041Z
G02,471,add,ART. 16,G02-A19,2026-06-25T18:40:14.041Z
G02,471,add,Backlog,G02-A19,2026-06-25T18:40:54.703Z
G02,471,add,Doing,G02-A19,2026-06-25T18:41:14.995Z
G02,471,remove,Backlog,G02-A19,2026-06-25T18:41:14.995Z
G02,471,add,Waiting Review,G02-A19,2026-06-25T19:35:29.411Z
G02,471,remove,Doing,G02-A19,2026-06-25T19:35:29.411Z
G02,471,add,Review,G02-A12,2026-06-25T23:05:25.428Z
G02,471,remove,Waiting Review,G02-A12,2026-06-25T23:05:25.428Z
G02,471,remove,Review,G02-A12,2026-06-26T00:27:25.549Z
G02,472,add,DOCUMENTATION,G02-A18,2026-06-25T18:44:56.452Z
G02,472,add,SIZE_P,G02-A18,2026-06-25T18:44:56.452Z
G02,472,add,ART. 16,G02-A18,2026-06-25T18:44:56.452Z
G02,472,add,Backlog,G02-A18,2026-06-25T18:46:54.377Z
G02,472,add,Doing,G02-A18,2026-06-25T18:47:03.656Z
G02,472,remove,Backlog,G02-A18,2026-06-25T18:47:03.656Z
G02,472,add,Waiting Review,G02-A18,2026-06-25T18:54:24.445Z
G02,472,remove,Doing,G02-A18,2026-06-25T18:54:24.445Z
G02,472,add,Review,G02-A15,2026-06-25T18:57:21.564Z
G02,472,remove,Waiting Review,G02-A15,2026-06-25T18:57:21.564Z
G02,472,remove,Review,G02-A15,2026-06-25T20:12:34.156Z
G02,473,add,DOCUMENTATION,G02-A12,2026-06-25T18:53:28.998Z
G02,473,add,ART. 18,G02-A12,2026-06-25T18:53:28.998Z
G02,473,add,SIZE_P,G02-A12,2026-06-25T18:53:42.133Z
G02,473,add,Backlog,G02-A12,2026-06-25T18:55:23.310Z
G02,473,add,Doing,G02-A12,2026-06-25T18:55:25.122Z
G02,473,remove,Backlog,G02-A12,2026-06-25T18:55:25.122Z
G02,473,add,Waiting Review,G02-A12,2026-06-25T22:31:59.072Z
G02,473,remove,Doing,G02-A12,2026-06-25T22:31:59.072Z
G02,473,add,Review,G02-A19,2026-06-26T00:29:17.029Z
G02,473,remove,Waiting Review,G02-A19,2026-06-26T00:29:17.029Z
G02,473,remove,Review,G02-A19,2026-06-26T00:58:44.797Z
G02,474,add,DOCUMENTATION,G02-A19,2026-06-25T19:56:15.316Z
G02,474,add,SIZE_M,G02-A19,2026-06-25T19:56:15.316Z
G02,474,add,ART. 16,G02-A19,2026-06-25T19:56:15.316Z
G02,474,add,Backlog,G02-A19,2026-06-25T19:56:44.726Z
G02,474,add,Doing,G02-A19,2026-06-25T20:07:58.906Z
G02,474,remove,Backlog,G02-A19,2026-06-25T20:07:58.906Z
G02,474,add,Waiting Review,G02-A19,2026-06-25T20:21:30.553Z
G02,474,remove,Doing,G02-A19,2026-06-25T20:21:30.553Z
G02,474,add,Review,G02-A15,2026-06-26T01:56:40.168Z
G02,474,remove,Waiting Review,G02-A15,2026-06-26T01:56:40.168Z
G02,474,remove,Review,G02-A15,2026-06-26T02:22:01.752Z
G02,475,add,DOCUMENTATION,G02-A18,2026-06-25T20:24:43.612Z
G02,475,add,SIZE_M,G02-A18,2026-06-25T20:24:43.612Z
G02,475,add,ART. 16,G02-A18,2026-06-25T20:24:43.612Z
G02,475,add,Backlog,G02-A18,2026-06-25T20:28:05.577Z
G02,475,add,Doing,G02-A18,2026-06-25T20:28:11.851Z
G02,475,remove,Backlog,G02-A18,2026-06-25T20:28:11.851Z
G02,475,add,Waiting Review,G02-A18,2026-06-25T20:31:50.594Z
G02,475,remove,Doing,G02-A18,2026-06-25T20:31:50.594Z
G02,475,add,Review,G02-A19,2026-06-26T02:23:40.045Z
G02,475,remove,Waiting Review,G02-A19,2026-06-26T02:23:40.045Z
G02,475,remove,Review,G02-A19,2026-06-26T02:56:03.125Z
G02,476,add,DOCUMENTATION,G02-A18,2026-06-25T20:36:29.556Z
G02,476,add,SIZE_M,G02-A18,2026-06-25T20:36:29.556Z
G02,476,add,ART. 16,G02-A18,2026-06-25T20:36:29.556Z
G02,476,add,Backlog,G02-A18,2026-06-25T20:36:37.508Z
G02,476,add,Doing,G02-A18,2026-06-25T20:36:39.902Z
G02,476,remove,Backlog,G02-A18,2026-06-25T20:36:39.902Z
G02,476,add,Waiting Review,G02-A18,2026-06-25T23:13:45.047Z
G02,476,remove,Doing,G02-A18,2026-06-25T23:13:45.047Z
G02,476,add,Review,G02-A15,2026-06-25T23:16:32.056Z
G02,476,remove,Waiting Review,G02-A15,2026-06-25T23:16:32.056Z
G02,476,remove,Review,G02-A15,2026-06-26T00:28:16.406Z
G02,477,add,DOCUMENTATION,G02-A19,2026-06-25T21:00:02.255Z
G02,477,add,SIZE_M,G02-A19,2026-06-25T21:00:02.255Z
G02,477,add,ART. 16,G02-A19,2026-06-25T21:00:02.255Z
G02,477,add,Backlog,G02-A19,2026-06-25T21:00:12.139Z
G02,477,add,Doing,G02-A19,2026-06-25T21:10:59.104Z
G02,477,remove,Backlog,G02-A19,2026-06-25T21:10:59.104Z
G02,477,add,Waiting Review,G02-A19,2026-06-25T21:52:19.628Z
G02,477,remove,Doing,G02-A19,2026-06-25T21:52:19.628Z
G02,477,add,Review,G02-A18,2026-06-25T23:13:45.752Z
G02,477,remove,Waiting Review,G02-A18,2026-06-25T23:13:45.752Z
G02,477,remove,Review,G02-A18,2026-06-26T01:21:40.031Z
G02,478,add,Backlog,G02-A12,2026-06-25T22:31:01.209Z
G02,478,add,SIZE_P,G02-A12,2026-06-25T22:31:17.913Z
G02,478,add,ART. 15,G02-A12,2026-06-25T22:31:17.913Z
G02,478,add,Doing,G02-A12,2026-06-25T22:32:00.532Z
G02,478,remove,Backlog,G02-A12,2026-06-25T22:32:00.532Z
G02,478,add,DESIGN,G02-A12,2026-06-25T22:55:54.639Z
G02,478,add,Waiting Review,G02-A12,2026-06-25T23:02:47.351Z
G02,478,remove,Doing,G02-A12,2026-06-25T23:02:47.351Z
G02,478,add,Review,G02-A19,2026-06-25T23:04:45.064Z
G02,478,remove,Waiting Review,G02-A19,2026-06-25T23:04:45.064Z
G02,478,remove,Review,G02-A19,2026-06-25T23:54:34.611Z
G02,479,add,DOCUMENTATION,G02-A19,2026-06-25T22:41:47.552Z
G02,479,add,SIZE_M,G02-A19,2026-06-25T22:41:47.552Z
G02,479,add,ART. 15,G02-A19,2026-06-25T22:41:47.552Z
G02,479,add,Backlog,G02-A19,2026-06-25T22:43:05.597Z
G02,479,add,Doing,G02-A19,2026-06-25T22:43:48.031Z
G02,479,remove,Backlog,G02-A19,2026-06-25T22:43:48.031Z
G02,479,add,Waiting Review,G02-A19,2026-06-25T23:16:09.657Z
G02,479,remove,Doing,G02-A19,2026-06-25T23:16:09.657Z
G02,479,add,Review,G02-A15,2026-06-26T01:56:37.738Z
G02,479,remove,Waiting Review,G02-A15,2026-06-26T01:56:37.738Z
G02,479,remove,Review,G02-A15,2026-06-26T02:22:03.235Z
G02,481,add,ART. 15,G02-A12,2026-06-26T00:54:36.906Z
G02,481,add,SIZE_P,G02-A12,2026-06-26T00:55:41.205Z
G02,481,add,Backlog,G02-A12,2026-06-26T00:55:48.371Z
G02,481,add,Doing,G02-A12,2026-06-26T00:55:50.319Z
G02,481,remove,Backlog,G02-A12,2026-06-26T00:55:50.319Z
G02,481,add,Waiting Review,G02-A12,2026-06-26T02:18:31.752Z
G02,481,remove,Doing,G02-A12,2026-06-26T02:18:31.752Z
G02,481,add,Review,G02-A19,2026-06-26T02:23:32.170Z
G02,481,remove,Waiting Review,G02-A19,2026-06-26T02:23:32.170Z
G02,481,remove,Review,G02-A19,2026-06-26T02:56:26.207Z
G02,482,add,CODE,G02-A15,2026-06-25T23:56:43.571Z
G02,482,add,SIZE_P,G02-A15,2026-06-25T23:56:43.571Z
G02,482,add,Backlog,G02-A15,2026-06-25T23:56:54.440Z
G02,482,add,Doing,G02-A15,2026-06-25T23:56:56.371Z
G02,482,remove,Backlog,G02-A15,2026-06-25T23:56:56.371Z
G02,482,add,Waiting Review,G02-A15,2026-06-26T00:09:31.795Z
G02,482,remove,Doing,G02-A15,2026-06-26T00:09:31.795Z
G02,482,add,Review,G02-A12,2026-06-26T00:58:27.067Z
G02,482,remove,Waiting Review,G02-A12,2026-06-26T00:58:27.067Z
G02,482,remove,Review,G02-A12,2026-06-26T02:16:03.439Z
G02,483,add,DOCUMENTATION,G02-A19,2026-06-25T23:57:06.195Z
G02,483,add,SIZE_PP,G02-A19,2026-06-25T23:57:06.195Z
G02,483,add,ART. 16,G02-A19,2026-06-25T23:57:06.195Z
G02,483,add,Backlog,G02-A19,2026-06-25T23:57:20.205Z
G02,483,add,Doing,G02-A19,2026-06-25T23:57:26.528Z
G02,483,remove,Backlog,G02-A19,2026-06-25T23:57:26.528Z
G02,483,add,Waiting Review,G02-A19,2026-06-26T00:14:37.880Z
G02,483,remove,Doing,G02-A19,2026-06-26T00:14:37.880Z
G02,483,add,Review,G02-A15,2026-06-26T01:56:15.604Z
G02,483,remove,Waiting Review,G02-A15,2026-06-26T01:56:15.604Z
G02,483,remove,Review,G02-A15,2026-06-26T02:21:58.817Z
G02,484,add,DOCUMENTATION,G02-A18,2026-06-25T23:59:03.525Z
G02,484,add,SIZE_M,G02-A18,2026-06-25T23:59:03.525Z
G02,484,add,ART. 16,G02-A18,2026-06-25T23:59:03.525Z
G02,484,add,Backlog,G02-A18,2026-06-25T23:59:16.678Z
G02,484,add,Doing,G02-A18,2026-06-25T23:59:44.520Z
G02,484,remove,Backlog,G02-A18,2026-06-25T23:59:44.520Z
G02,484,add,Waiting Review,G02-A18,2026-06-26T01:20:55.041Z
G02,484,remove,Doing,G02-A18,2026-06-26T01:20:55.041Z
G02,484,add,Review,G02-A19,2026-06-26T02:23:38.626Z
G02,484,remove,Waiting Review,G02-A19,2026-06-26T02:23:38.626Z
G02,484,remove,Review,G02-A19,2026-06-26T02:56:11.625Z
G02,485,add,SIZE_PP,G02-A15,2026-06-26T00:08:52.102Z
G02,485,add,Backlog,G02-A15,2026-06-26T00:09:33.603Z
G02,485,add,CODE,G02-A15,2026-06-26T00:09:47.257Z
G02,485,add,Doing,G02-A15,2026-06-26T00:09:59.431Z
G02,485,remove,Backlog,G02-A15,2026-06-26T00:09:59.431Z
G02,485,add,Waiting Review,G02-A15,2026-06-26T00:18:09.876Z
G02,485,remove,Doing,G02-A15,2026-06-26T00:18:09.876Z
G02,485,add,Review,G02-A12,2026-06-26T00:58:28.184Z
G02,485,remove,Waiting Review,G02-A12,2026-06-26T00:58:28.184Z
G02,485,remove,Review,G02-A12,2026-06-26T02:16:10.200Z
G02,486,add,DOCUMENTATION,G02-A19,2026-06-26T00:15:22.637Z
G02,486,add,SIZE_P,G02-A19,2026-06-26T00:15:22.637Z
G02,486,add,ART. 16,G02-A19,2026-06-26T00:15:22.637Z
G02,486,add,Backlog,G02-A19,2026-06-26T00:16:11.489Z
G02,486,add,Doing,G02-A19,2026-06-26T00:16:31.962Z
G02,486,remove,Backlog,G02-A19,2026-06-26T00:16:31.962Z
G02,486,add,Waiting Review,G02-A19,2026-06-26T01:07:54.698Z
G02,486,remove,Doing,G02-A19,2026-06-26T01:07:54.698Z
G02,486,add,Review,G02-A18,2026-06-26T01:21:11.761Z
G02,486,remove,Waiting Review,G02-A18,2026-06-26T01:21:11.761Z
G02,486,remove,Review,G02-A18,2026-06-26T01:21:23.413Z
G02,487,add,SIZE_G,G02-A15,2026-06-26T00:59:12.583Z
G02,487,add,CODE,G02-A15,2026-06-26T01:00:13.325Z
G02,487,add,DEPLOY,G02-A15,2026-06-26T01:01:04.553Z
G02,487,add,Backlog,G02-A15,2026-06-26T01:03:58.478Z
G02,487,add,Doing,G02-A15,2026-06-26T01:04:00.650Z
G02,487,remove,Backlog,G02-A15,2026-06-26T01:04:00.650Z
G02,487,add,Waiting Review,G02-A12,2026-06-26T01:18:54.652Z
G02,487,remove,Doing,G02-A12,2026-06-26T01:18:54.652Z
G02,487,add,Review,G02-A12,2026-06-26T02:15:25.249Z
G02,487,remove,Waiting Review,G02-A12,2026-06-26T02:15:25.249Z
G02,487,remove,Review,G02-A12,2026-06-26T02:21:37.784Z
G02,488,add,DOCUMENTATION,G02-A19,2026-06-26T01:09:24.476Z
G02,488,add,SIZE_P,G02-A19,2026-06-26T01:09:24.476Z
G02,488,add,ART. 16,G02-A19,2026-06-26T01:09:24.476Z
G02,488,add,Backlog,G02-A19,2026-06-26T01:09:36.672Z
G02,488,add,Doing,G02-A19,2026-06-26T01:09:40.892Z
G02,488,remove,Backlog,G02-A19,2026-06-26T01:09:40.892Z
G02,488,add,Waiting Review,G02-A19,2026-06-26T01:54:22.220Z
G02,488,remove,Doing,G02-A19,2026-06-26T01:54:22.220Z
G02,488,add,Review,G02-A15,2026-06-26T01:56:08.470Z
G02,488,remove,Waiting Review,G02-A15,2026-06-26T01:56:08.470Z
G02,488,remove,Review,G02-A15,2026-06-26T02:22:00.400Z
G02,489,add,DOCUMENTATION,G02-A13,2026-06-26T01:51:29.363Z
G02,489,add,SIZE_P,G02-A13,2026-06-26T01:51:29.363Z
G02,489,add,ART. 16,G02-A13,2026-06-26T01:51:29.363Z
G02,489,add,Backlog,G02-A13,2026-06-26T01:51:39.669Z
G02,489,add,Doing,G02-A13,2026-06-26T01:51:41.236Z
G02,489,remove,Backlog,G02-A13,2026-06-26T01:51:41.236Z
G02,489,add,Waiting Review,G02-A13,2026-06-26T02:20:04.122Z
G02,489,remove,Doing,G02-A13,2026-06-26T02:20:04.122Z
G02,490,add,CODE,G02-A15,2026-06-26T02:08:16.244Z
G02,490,add,SIZE_PP,G02-A15,2026-06-26T02:08:16.244Z
G02,490,add,Backlog,G02-A15,2026-06-26T02:08:24.979Z
G02,490,add,Doing,G02-A15,2026-06-26T02:08:26.397Z
G02,490,remove,Backlog,G02-A15,2026-06-26T02:08:26.397Z
G02,490,add,Waiting Review,G02-A15,2026-06-26T02:15:14.373Z
G02,490,remove,Doing,G02-A15,2026-06-26T02:15:14.373Z
G02,490,add,Review,G02-A12,2026-06-26T02:18:27.226Z
G02,490,remove,Waiting Review,G02-A12,2026-06-26T02:18:27.226Z
G02,490,remove,Review,G02-A12,2026-06-26T02:21:39.467Z
G02,491,add,DOCUMENTATION,G02-A19,2026-06-26T02:27:48.388Z
G02,491,add,SIZE_P,G02-A19,2026-06-26T02:27:48.388Z
G02,491,add,ART. 18,G02-A19,2026-06-26T02:27:48.388Z
G02,491,add,Backlog,G02-A19,2026-06-26T02:27:58.414Z
G02,491,add,Doing,G02-A19,2026-06-26T02:28:02.288Z
G02,491,remove,Backlog,G02-A19,2026-06-26T02:28:02.288Z
G02,491,add,Waiting Review,G02-A19,2026-06-26T02:37:41.409Z
G02,491,remove,Doing,G02-A19,2026-06-26T02:37:41.409Z
G02,491,add,Review,G02-A12,2026-06-26T02:40:16.274Z
G02,491,remove,Waiting Review,G02-A12,2026-06-26T02:40:16.274Z
G02,491,remove,Review,G02-A12,2026-06-26T02:56:26.285Z
G02,492,add,CODE,G02-A14,2026-06-26T12:07:09.418Z
G02,492,add,SIZE_G,G02-A14,2026-06-26T12:07:09.418Z
G02,492,add,ART. 14,G02-A14,2026-06-26T12:07:09.418Z
G02,492,add,Backlog,G02-A14,2026-06-26T12:07:13.148Z
G02,492,add,Doing,G02-A14,2026-06-26T12:08:38.625Z
G02,492,remove,Backlog,G02-A14,2026-06-26T12:08:38.625Z
G02,492,add,Waiting Review,G02-A16,2026-07-14T16:04:13.438Z
G02,492,remove,Doing,G02-A16,2026-07-14T16:04:13.438Z
G02,492,add,Review,G02-A16,2026-07-14T16:04:14.092Z
G02,492,remove,Waiting Review,G02-A16,2026-07-14T16:04:14.092Z
G02,492,remove,Review,G02-A16,2026-07-14T16:04:15.677Z
G03,1,add,DOCUMENTATION,G03-A15,2026-04-22T18:29:39.433Z
G03,1,add,size_P,G03-A15,2026-04-22T18:29:39.433Z
G03,1,add,ART.1,G03-A15,2026-04-22T18:29:39.433Z
G03,1,add,Backlog,G03-A15,2026-04-28T02:33:45.880Z
G03,1,add,Doing,G03-A15,2026-04-28T02:33:47.756Z
G03,1,remove,Backlog,G03-A15,2026-04-28T02:33:47.756Z
G03,1,add,Waiting Review,G03-A15,2026-04-28T02:48:52.280Z
G03,1,remove,Doing,G03-A15,2026-04-28T02:48:52.280Z
G03,1,add,Review,G03-A14,2026-04-30T11:06:20.613Z
G03,1,remove,Waiting Review,G03-A14,2026-04-30T11:06:20.613Z
G03,1,remove,Review,G03-A14,2026-04-30T11:47:38.332Z
G03,2,add,DOCUMENTATION,G03-A15,2026-04-22T18:31:50.097Z
G03,2,add,size_M,G03-A15,2026-04-22T18:31:50.097Z
G03,2,add,ART.1,G03-A15,2026-04-22T18:31:50.097Z
G03,2,add,Backlog,G03-A15,2026-04-28T11:05:25.779Z
G03,2,add,Doing,G03-A15,2026-04-28T11:05:31.581Z
G03,2,remove,Backlog,G03-A15,2026-04-28T11:05:31.581Z
G03,2,add,Waiting Review,G03-A15,2026-04-28T12:04:53.849Z
G03,2,remove,Doing,G03-A15,2026-04-28T12:04:53.849Z
G03,2,add,Review,G03-A14,2026-04-30T11:06:23.682Z
G03,2,remove,Waiting Review,G03-A14,2026-04-30T11:06:23.682Z
G03,2,remove,Review,G03-A14,2026-04-30T11:47:39.255Z
G03,3,add,DOCUMENTATION,G03-A15,2026-04-22T18:32:57.824Z
G03,3,add,size_M,G03-A15,2026-04-22T18:32:57.824Z
G03,3,add,ART.1,G03-A15,2026-04-22T18:32:57.824Z
G03,3,add,Backlog,G03-A15,2026-04-28T12:55:39.306Z
G03,3,add,Doing,G03-A15,2026-04-28T17:40:23.085Z
G03,3,remove,Backlog,G03-A15,2026-04-28T17:40:23.085Z
G03,3,add,Waiting Review,G03-A15,2026-04-28T18:24:01.694Z
G03,3,remove,Doing,G03-A15,2026-04-28T18:24:01.694Z
G03,3,add,Review,G03-A14,2026-04-30T11:06:25.450Z
G03,3,remove,Waiting Review,G03-A14,2026-04-30T11:06:25.450Z
G03,3,remove,Review,G03-A14,2026-04-30T11:47:40.258Z
G03,4,add,DOCUMENTATION,G03-A15,2026-04-22T18:34:57.651Z
G03,4,add,size_P,G03-A15,2026-04-22T18:34:57.651Z
G03,4,add,ART.1,G03-A15,2026-04-22T18:34:57.651Z
G03,4,add,Backlog,G03-A15,2026-04-28T12:55:34.956Z
G03,4,add,Doing,G03-A15,2026-04-28T12:59:56.271Z
G03,4,remove,Backlog,G03-A15,2026-04-28T12:59:56.271Z
G03,4,add,Waiting Review,G03-A15,2026-04-28T13:04:36.517Z
G03,4,remove,Doing,G03-A15,2026-04-28T13:04:36.517Z
G03,4,add,Review,G03-A14,2026-04-30T11:06:18.439Z
G03,4,remove,Waiting Review,G03-A14,2026-04-30T11:06:18.439Z
G03,4,remove,Review,G03-A14,2026-04-30T11:47:37.501Z
G03,5,add,DOCUMENTATION,G03-A15,2026-04-22T18:41:07.919Z
G03,5,add,size_P,G03-A15,2026-04-22T18:41:07.919Z
G03,5,add,ART.1,G03-A15,2026-04-22T18:41:07.919Z
G03,5,add,Backlog,G03-A15,2026-04-28T12:55:37.344Z
G03,5,add,Doing,G03-A15,2026-04-28T18:24:07.559Z
G03,5,remove,Backlog,G03-A15,2026-04-28T18:24:07.559Z
G03,5,add,Waiting Review,G03-A15,2026-04-28T18:55:10.532Z
G03,5,remove,Doing,G03-A15,2026-04-28T18:55:10.532Z
G03,5,add,Review,G03-A14,2026-04-30T11:06:27.242Z
G03,5,remove,Waiting Review,G03-A14,2026-04-30T11:06:27.242Z
G03,5,remove,Review,G03-A14,2026-04-30T11:47:41.338Z
G03,6,add,DOCUMENTATION,G03-A14,2026-04-23T17:40:35.279Z
G03,6,add,size_P,G03-A14,2026-04-23T17:40:35.279Z
G03,6,add,ART.1,G03-A14,2026-04-23T17:40:35.279Z
G03,6,add,Backlog,G03-A14,2026-04-23T17:40:46.402Z
G03,6,add,Doing,G03-A14,2026-04-23T17:40:47.549Z
G03,6,remove,Backlog,G03-A14,2026-04-23T17:40:47.549Z
G03,6,add,Waiting Review,G03-A14,2026-04-23T18:36:09.198Z
G03,6,remove,Doing,G03-A14,2026-04-23T18:36:09.198Z
G03,6,add,Review,G03-A18,2026-04-27T17:11:46.127Z
G03,6,remove,Waiting Review,G03-A18,2026-04-27T17:11:46.127Z
G03,6,remove,Review,G03-A18,2026-04-28T12:03:28.712Z
G03,7,add,DOCUMENTATION,G03-A14,2026-04-23T17:41:17.198Z
G03,7,add,size_P,G03-A14,2026-04-23T17:41:17.198Z
G03,7,add,ART.1,G03-A14,2026-04-23T17:41:17.198Z
G03,7,add,Backlog,G03-A14,2026-04-23T17:41:22.326Z
G03,7,add,Doing,G03-A14,2026-04-23T17:56:12.090Z
G03,7,remove,Backlog,G03-A14,2026-04-23T17:56:12.090Z
G03,7,add,Waiting Review,G03-A14,2026-04-23T18:36:10.091Z
G03,7,remove,Doing,G03-A14,2026-04-23T18:36:10.091Z
G03,7,add,Review,G03-A18,2026-04-27T17:11:47.801Z
G03,7,remove,Waiting Review,G03-A18,2026-04-27T17:11:47.801Z
G03,7,remove,Review,G03-A18,2026-04-28T12:03:32.069Z
G03,8,add,DOCUMENTATION,G03-A14,2026-04-23T17:42:28.997Z
G03,8,add,size_P,G03-A14,2026-04-23T17:42:28.997Z
G03,8,add,ART.1,G03-A14,2026-04-23T17:42:28.997Z
G03,8,add,Backlog,G03-A14,2026-04-23T17:42:39.820Z
G03,8,add,Doing,G03-A14,2026-04-23T17:56:13.224Z
G03,8,remove,Backlog,G03-A14,2026-04-23T17:56:13.224Z
G03,8,add,Waiting Review,G03-A14,2026-04-23T18:36:11.213Z
G03,8,remove,Doing,G03-A14,2026-04-23T18:36:11.213Z
G03,8,add,Review,G03-A18,2026-04-27T17:11:49.469Z
G03,8,remove,Waiting Review,G03-A18,2026-04-27T17:11:49.469Z
G03,8,remove,Review,G03-A18,2026-04-28T12:03:29.938Z
G03,9,add,DOCUMENTATION,G03-A14,2026-04-23T17:43:19.319Z
G03,9,add,size_P,G03-A14,2026-04-23T17:43:19.319Z
G03,9,add,ART.1,G03-A14,2026-04-23T17:43:19.319Z
G03,9,add,Backlog,G03-A14,2026-04-23T17:43:25.588Z
G03,9,add,Doing,G03-A14,2026-04-23T17:56:14.458Z
G03,9,remove,Backlog,G03-A14,2026-04-23T17:56:14.458Z
G03,9,add,Waiting Review,G03-A14,2026-04-23T18:36:12.976Z
G03,9,remove,Doing,G03-A14,2026-04-23T18:36:12.976Z
G03,9,add,Review,G03-A18,2026-04-27T17:11:51.207Z
G03,9,remove,Waiting Review,G03-A18,2026-04-27T17:11:51.207Z
G03,9,remove,Review,G03-A18,2026-04-28T12:03:30.864Z
G03,10,add,ART.2,G03-A12,2026-04-23T17:46:52.931Z
G03,10,add,DOCUMENTATION,G03-A12,2026-04-23T17:47:07.582Z
G03,10,add,size_P,G03-A12,2026-04-23T17:47:07.582Z
G03,10,add,Backlog,G03-A12,2026-04-23T17:56:44.428Z
G03,10,add,Doing,G03-A12,2026-04-23T17:57:01.106Z
G03,10,remove,Backlog,G03-A12,2026-04-23T17:57:01.106Z
G03,10,add,Waiting Review,G03-A12,2026-04-23T18:17:36.855Z
G03,10,remove,Doing,G03-A12,2026-04-23T18:17:36.855Z
G03,11,add,DOCUMENTATION,G03-A12,2026-04-23T17:51:23.264Z
G03,11,add,size_P,G03-A12,2026-04-23T17:51:23.264Z
G03,11,add,ART.2,G03-A12,2026-04-23T17:51:23.264Z
G03,11,add,Backlog,G03-A12,2026-04-23T18:18:51.122Z
G03,11,add,Doing,G03-A12,2026-04-23T18:20:55.932Z
G03,11,remove,Backlog,G03-A12,2026-04-23T18:20:55.932Z
G03,11,add,Waiting Review,G03-A12,2026-04-23T18:39:36.474Z
G03,11,remove,Doing,G03-A12,2026-04-23T18:39:36.474Z
G03,11,add,Review,G03-A18,2026-04-30T16:36:59.463Z
G03,11,remove,Waiting Review,G03-A18,2026-04-30T16:36:59.463Z
G03,11,remove,Review,G03-A18,2026-04-30T17:12:41.996Z
G03,12,add,DOCUMENTATION,G03-A12,2026-04-23T17:53:05.496Z
G03,12,add,size_P,G03-A12,2026-04-23T17:53:05.496Z
G03,12,add,ART.2,G03-A12,2026-04-23T17:53:05.496Z
G03,12,add,Backlog,G03-A12,2026-04-23T18:20:34.567Z
G03,12,add,Doing,G03-A12,2026-04-28T17:07:57.093Z
G03,12,remove,Backlog,G03-A12,2026-04-28T17:07:57.093Z
G03,12,add,Waiting Review,G03-A12,2026-04-28T17:19:58.511Z
G03,12,remove,Doing,G03-A12,2026-04-28T17:19:58.511Z
G03,12,add,Review,G03-A18,2026-04-30T16:37:01.574Z
G03,12,remove,Waiting Review,G03-A18,2026-04-30T16:37:01.574Z
G03,12,remove,Review,G03-A18,2026-04-30T17:12:49.337Z
G03,13,add,DOCUMENTATION,G03-A12,2026-04-23T17:56:36.721Z
G03,13,add,size_M,G03-A12,2026-04-23T17:56:36.721Z
G03,13,add,ART.2,G03-A12,2026-04-23T17:56:36.721Z
G03,13,add,Backlog,G03-A12,2026-04-23T18:20:36.424Z
G03,13,add,Doing,G03-A12,2026-04-30T11:44:12.236Z
G03,13,remove,Backlog,G03-A12,2026-04-30T11:44:12.236Z
G03,13,add,Waiting Review,G03-A12,2026-04-30T11:57:06.079Z
G03,13,remove,Doing,G03-A12,2026-04-30T11:57:06.079Z
G03,13,add,Review,G03-A18,2026-04-30T16:36:41.609Z
G03,13,remove,Waiting Review,G03-A18,2026-04-30T16:36:41.609Z
G03,13,remove,Review,G03-A18,2026-04-30T17:12:40.367Z
G03,14,add,size_P,G03-A19,2026-04-23T18:04:17.011Z
G03,14,add,ART.1,G03-A19,2026-04-23T18:04:17.011Z
G03,14,add,DOCUMENTATION,G03-A19,2026-04-23T18:04:39.346Z
G03,14,add,Backlog,G03-A19,2026-04-23T18:32:50.167Z
G03,14,add,Doing,G03-A19,2026-04-23T18:32:55.306Z
G03,14,remove,Backlog,G03-A19,2026-04-23T18:32:55.306Z
G03,14,add,Waiting Review,G03-A19,2026-04-23T19:00:10.391Z
G03,14,remove,Doing,G03-A19,2026-04-23T19:00:10.391Z
G03,14,add,Review,G03-A13,2026-04-29T18:52:53.399Z
G03,14,remove,Waiting Review,G03-A13,2026-04-29T18:52:53.399Z
G03,14,remove,Review,G03-A13,2026-04-30T01:29:12.631Z
G03,15,add,DOCUMENTATION,G03-A19,2026-04-23T18:05:46.648Z
G03,15,add,size_P,G03-A19,2026-04-23T18:05:46.648Z
G03,15,add,ART.1,G03-A19,2026-04-23T18:05:46.648Z
G03,15,add,Backlog,G03-A19,2026-04-23T18:32:48.073Z
G03,15,add,Doing,G03-A19,2026-04-23T18:32:53.358Z
G03,15,remove,Backlog,G03-A19,2026-04-23T18:32:53.358Z
G03,15,add,Waiting Review,G03-A19,2026-04-24T14:24:37.862Z
G03,15,remove,Doing,G03-A19,2026-04-24T14:24:37.862Z
G03,15,add,Review,G03-A13,2026-04-29T18:52:47.103Z
G03,15,remove,Waiting Review,G03-A13,2026-04-29T18:52:47.103Z
G03,15,remove,Review,G03-A13,2026-04-30T01:29:05.756Z
G03,16,add,DOCUMENTATION,G03-A19,2026-04-23T18:06:35.229Z
G03,16,add,size_P,G03-A19,2026-04-23T18:06:35.229Z
G03,16,add,ART.1,G03-A19,2026-04-23T18:06:35.229Z
G03,16,add,Doing,G03-A19,2026-04-23T18:32:39.519Z
G03,16,add,Waiting Review,G03-A19,2026-04-24T14:26:22.264Z
G03,16,remove,Doing,G03-A19,2026-04-24T14:26:22.264Z
G03,16,add,Review,G03-A13,2026-04-29T18:52:44.908Z
G03,16,remove,Waiting Review,G03-A13,2026-04-29T18:52:44.908Z
G03,16,remove,Review,G03-A13,2026-04-30T01:29:04.062Z
G03,17,add,DOCUMENTATION,G03-A19,2026-04-23T18:07:24.856Z
G03,17,add,size_P,G03-A19,2026-04-23T18:07:24.856Z
G03,17,add,ART.1,G03-A19,2026-04-23T18:07:24.856Z
G03,17,add,Doing,G03-A19,2026-04-23T18:32:36.103Z
G03,17,add,Waiting Review,G03-A19,2026-04-24T11:03:39.774Z
G03,17,remove,Doing,G03-A19,2026-04-24T11:03:39.774Z
G03,17,add,Review,G03-A13,2026-04-29T18:52:49.208Z
G03,17,remove,Waiting Review,G03-A13,2026-04-29T18:52:49.208Z
G03,17,remove,Review,G03-A13,2026-04-30T01:29:14.642Z
G03,18,add,DESIGN,G03-A14,2026-04-27T13:10:01.536Z
G03,18,add,size_G,G03-A14,2026-04-27T13:10:01.536Z
G03,21,add,size_G,G03-A15,2026-04-27T13:12:41.241Z
G03,21,add,ART.1,G03-A15,2026-04-27T13:12:41.241Z
G03,21,add,ART.2,G03-A15,2026-04-27T13:12:41.241Z
G03,21,add,ART.3,G03-A15,2026-04-27T13:12:41.241Z
G03,21,add,Backlog,G03-A15,2026-04-27T17:52:52.683Z
G03,21,add,Doing,G03-A15,2026-04-27T17:52:54.995Z
G03,21,remove,Backlog,G03-A15,2026-04-27T17:52:54.995Z
G03,21,add,Waiting Review,G03-A15,2026-04-27T19:42:07.086Z
G03,21,remove,Doing,G03-A15,2026-04-27T19:42:07.086Z
G03,21,add,Review,G03-A15,2026-04-27T19:42:10.234Z
G03,21,remove,Waiting Review,G03-A15,2026-04-27T19:42:10.234Z
G03,21,remove,Review,G03-A15,2026-04-27T19:42:34.118Z
G03,22,add,size_G,G03-A18,2026-04-27T13:13:22.826Z
G03,22,add,ART.1,G03-A18,2026-04-27T13:13:22.826Z
G03,22,add,ART.2,G03-A18,2026-04-27T13:13:22.826Z
G03,22,add,ART.3,G03-A18,2026-04-27T13:13:22.826Z
G03,22,add,Backlog,G03-A18,2026-04-27T17:11:06.568Z
G03,22,add,Doing,G03-A18,2026-04-27T17:52:58.948Z
G03,22,remove,Backlog,G03-A18,2026-04-27T17:52:58.948Z
G03,22,add,Waiting Review,G03-A18,2026-04-27T20:02:52.585Z
G03,22,remove,Doing,G03-A18,2026-04-27T20:02:52.585Z
G03,22,remove,Waiting Review,G03-A18,2026-04-27T20:03:07.386Z
G03,23,add,ART.2,G03-A12,2026-04-27T13:12:48.650Z
G03,23,add,size_G,G03-A12,2026-04-27T13:13:21.836Z
G03,23,add,ART.1,G03-A12,2026-04-27T13:13:21.836Z
G03,23,add,ART.3,G03-A12,2026-04-27T13:13:21.836Z
G03,23,add,Backlog,G03-A12,2026-04-27T13:16:06.888Z
G03,23,add,Doing,G03-A12,2026-04-27T17:53:04.436Z
G03,23,remove,Backlog,G03-A12,2026-04-27T17:53:04.436Z
G03,23,add,Waiting Review,G03-A12,2026-04-27T19:48:48.594Z
G03,23,remove,Doing,G03-A12,2026-04-27T19:48:48.594Z
G03,23,add,Review,G03-A12,2026-04-27T19:48:54.151Z
G03,23,remove,Waiting Review,G03-A12,2026-04-27T19:48:54.151Z
G03,23,remove,Review,G03-A12,2026-04-27T19:48:55.516Z
G03,24,add,ART.1,G03-A15,2026-04-27T13:14:23.006Z
G03,24,add,ART.2,G03-A15,2026-04-27T13:14:23.006Z
G03,24,add,ART.3,G03-A15,2026-04-27T13:14:23.006Z
G03,24,add,size_G,G03-A15,2026-04-27T13:14:23.006Z
G03,24,add,Backlog,G03-A19,2026-04-27T18:08:02.801Z
G03,24,add,Doing,G03-A19,2026-04-27T18:08:05.650Z
G03,24,remove,Backlog,G03-A19,2026-04-27T18:08:05.650Z
G03,24,add,Waiting Review,G03-A19,2026-04-27T18:58:43.424Z
G03,24,remove,Doing,G03-A19,2026-04-27T18:58:43.424Z
G03,24,add,Review,G03-A15,2026-04-28T13:07:02.667Z
G03,24,remove,Waiting Review,G03-A15,2026-04-28T13:07:02.667Z
G03,24,remove,Review,G03-A15,2026-04-28T13:07:20.722Z
G03,25,add,ART.1,G03-A15,2026-04-27T13:14:44.612Z
G03,25,add,ART.2,G03-A15,2026-04-27T13:14:44.612Z
G03,25,add,ART.3,G03-A15,2026-04-27T13:14:44.612Z
G03,25,add,size_G,G03-A15,2026-04-27T13:14:44.612Z
G03,25,add,Backlog,G03-A14,2026-04-27T18:07:08.978Z
G03,25,add,Doing,G03-A14,2026-04-27T18:07:11.985Z
G03,25,remove,Backlog,G03-A14,2026-04-27T18:07:11.985Z
G03,25,add,Waiting Review,G03-A14,2026-04-28T13:00:45.969Z
G03,25,remove,Doing,G03-A14,2026-04-28T13:00:45.969Z
G03,25,add,Doing,G03-A14,2026-04-28T13:00:46.335Z
G03,25,remove,Waiting Review,G03-A14,2026-04-28T13:00:46.335Z
G03,25,add,Waiting Review,G03-A14,2026-04-28T13:00:49.036Z
G03,25,remove,Doing,G03-A14,2026-04-28T13:00:49.036Z
G03,25,add,Review,G03-A15,2026-04-28T13:07:11.993Z
G03,25,remove,Waiting Review,G03-A15,2026-04-28T13:07:11.993Z
G03,25,remove,Review,G03-A15,2026-04-28T13:07:23.478Z
G03,26,add,size_G,G03-A16,2026-04-27T13:15:29.637Z
G03,26,add,ART.1,G03-A16,2026-04-27T13:15:29.637Z
G03,26,add,ART.2,G03-A16,2026-04-27T13:15:29.637Z
G03,26,add,ART.3,G03-A16,2026-04-27T13:15:29.637Z
G03,26,add,Backlog,G03-A16,2026-04-27T18:07:05.950Z
G03,26,add,Doing,G03-A16,2026-04-27T18:07:07.739Z
G03,26,remove,Backlog,G03-A16,2026-04-27T18:07:07.739Z
G03,26,add,Waiting Review,G03-A16,2026-04-27T18:59:25.269Z
G03,26,remove,Doing,G03-A16,2026-04-27T18:59:25.269Z
G03,26,add,Review,G03-A15,2026-04-28T13:07:15.912Z
G03,26,remove,Waiting Review,G03-A15,2026-04-28T13:07:15.912Z
G03,26,remove,Review,G03-A15,2026-04-28T13:07:24.987Z
G03,27,add,ART.1,G03-A15,2026-04-27T13:15:12.302Z
G03,27,add,ART.2,G03-A15,2026-04-27T13:15:12.302Z
G03,27,add,ART.3,G03-A15,2026-04-27T13:15:12.302Z
G03,27,add,size_G,G03-A15,2026-04-27T13:15:12.302Z
G03,29,add,DOCUMENTATION,G03-A15,2026-04-28T12:54:32.013Z
G03,29,add,size_M,G03-A15,2026-04-28T12:54:32.013Z
G03,29,add,ART.3,G03-A15,2026-04-28T12:54:32.013Z
G03,29,add,Backlog,G03-A15,2026-04-29T13:01:14.003Z
G03,29,add,Doing,G03-A15,2026-04-30T22:25:09.126Z
G03,29,remove,Backlog,G03-A15,2026-04-30T22:25:09.126Z
G03,29,add,Waiting Review,G03-A15,2026-04-30T23:18:56.388Z
G03,29,remove,Doing,G03-A15,2026-04-30T23:18:56.388Z
G03,29,add,Review,G03-A14,2026-05-01T00:25:39.618Z
G03,29,remove,Waiting Review,G03-A14,2026-05-01T00:25:39.618Z
G03,29,remove,Review,G03-A14,2026-05-01T01:15:24.282Z
G03,30,add,ART.3,G03-A15,2026-04-28T12:54:44.823Z
G03,30,add,DOCUMENTATION,G03-A15,2026-04-28T12:54:44.823Z
G03,30,add,size_M,G03-A15,2026-04-28T12:54:44.823Z
G03,30,add,Backlog,G03-A15,2026-04-29T13:01:10.722Z
G03,30,add,Doing,G03-A15,2026-04-29T17:35:11.089Z
G03,30,remove,Backlog,G03-A15,2026-04-29T17:35:11.089Z
G03,30,add,Waiting Review,G03-A15,2026-04-29T18:37:10.082Z
G03,30,remove,Doing,G03-A15,2026-04-29T18:37:10.082Z
G03,30,add,Review,G03-A12,2026-04-30T01:59:55.161Z
G03,30,remove,Waiting Review,G03-A12,2026-04-30T01:59:55.161Z
G03,30,remove,Review,G03-A12,2026-04-30T02:54:25.056Z
G03,31,add,DESIGN,G03-A13,2026-04-28T13:06:37.900Z
G03,31,add,size_P,G03-A13,2026-04-28T13:06:37.900Z
G03,31,add,Backlog,G03-A13,2026-04-28T17:40:35.642Z
G03,31,add,Doing,G03-A13,2026-04-28T17:40:55.911Z
G03,31,remove,Backlog,G03-A13,2026-04-28T17:40:55.911Z
G03,31,add,Waiting Review,G03-A13,2026-04-28T18:44:04.776Z
G03,31,remove,Doing,G03-A13,2026-04-28T18:44:04.776Z
G03,31,add,Review,G03-A15,2026-04-30T00:36:41.764Z
G03,31,remove,Waiting Review,G03-A15,2026-04-30T00:36:41.764Z
G03,31,remove,Review,G03-A15,2026-04-30T01:06:52.483Z
G03,32,add,DOCUMENTATION,G03-A16,2026-04-28T13:12:27.579Z
G03,32,add,size_P,G03-A16,2026-04-28T13:12:27.579Z
G03,32,add,ART.1,G03-A16,2026-04-28T13:12:27.579Z
G03,32,add,Backlog,G03-A16,2026-04-28T17:34:25.557Z
G03,32,add,Doing,G03-A16,2026-04-28T17:34:28.014Z
G03,32,remove,Backlog,G03-A16,2026-04-28T17:34:28.014Z
G03,32,add,Waiting Review,G03-A16,2026-04-28T18:09:05.612Z
G03,32,remove,Doing,G03-A16,2026-04-28T18:09:05.612Z
G03,32,add,Review,G03-A15,2026-04-29T18:49:36.928Z
G03,32,remove,Waiting Review,G03-A15,2026-04-29T18:49:36.928Z
G03,32,remove,Review,G03-A15,2026-04-29T19:03:11.588Z
G03,35,add,DOCUMENTATION,G03-A18,2026-04-28T13:17:17.224Z
G03,35,add,size_M,G03-A18,2026-04-28T13:17:17.224Z
G03,35,add,ART.3,G03-A18,2026-04-28T13:17:17.224Z
G03,35,add,Backlog,G03-A18,2026-04-28T20:53:33.545Z
G03,35,add,Doing,G03-A18,2026-04-29T17:35:26.480Z
G03,35,remove,Backlog,G03-A18,2026-04-29T17:35:26.480Z
G03,35,add,Waiting Review,G03-A18,2026-04-29T22:39:34.436Z
G03,35,remove,Doing,G03-A18,2026-04-29T22:39:34.436Z
G03,35,add,Review,G03-A16,2026-04-30T01:37:03.702Z
G03,35,remove,Waiting Review,G03-A16,2026-04-30T01:37:03.702Z
G03,35,remove,Review,G03-A16,2026-04-30T01:40:26.527Z
G03,36,add,ART.3,G03-A12,2026-04-28T13:17:05.273Z
G03,36,add,DOCUMENTATION,G03-A12,2026-04-28T13:17:05.273Z
G03,36,add,size_M,G03-A12,2026-04-28T13:17:05.273Z
G03,36,add,size_G,G03-A12,2026-04-30T20:56:13.259Z
G03,36,remove,size_M,G03-A12,2026-04-30T20:56:13.259Z
G03,36,add,Backlog,G03-A12,2026-04-30T20:56:18.871Z
G03,36,add,Doing,G03-A12,2026-04-30T20:56:20.158Z
G03,36,remove,Backlog,G03-A12,2026-04-30T20:56:20.158Z
G03,36,add,Waiting Review,G03-A12,2026-04-30T23:42:53.325Z
G03,36,remove,Doing,G03-A12,2026-04-30T23:42:53.325Z
G03,36,add,Review,G03-A18,2026-05-01T15:34:26.405Z
G03,36,remove,Waiting Review,G03-A18,2026-05-01T15:34:26.405Z
G03,36,remove,Review,G03-A18,2026-05-01T16:20:34.270Z
G03,37,add,ART.3,G03-A12,2026-04-28T13:18:09.292Z
G03,37,add,DOCUMENTATION,G03-A12,2026-04-28T13:18:09.292Z
G03,37,add,size_M,G03-A12,2026-04-28T13:18:09.292Z
G03,38,add,DOCUMENTATION,G03-A18,2026-04-28T13:19:46.405Z
G03,38,add,size_M,G03-A18,2026-04-28T13:19:46.405Z
G03,38,add,ART.3,G03-A18,2026-04-28T13:19:46.405Z
G03,38,add,Backlog,G03-A18,2026-04-30T11:19:02.856Z
G03,38,add,Doing,G03-A18,2026-05-01T22:48:40.115Z
G03,38,remove,Backlog,G03-A18,2026-05-01T22:48:40.115Z
G03,38,add,Waiting Review,G03-A18,2026-05-01T23:12:43.257Z
G03,38,remove,Doing,G03-A18,2026-05-01T23:12:43.257Z
G03,38,add,Review,G03-A12,2026-05-01T23:16:33.094Z
G03,38,remove,Waiting Review,G03-A12,2026-05-01T23:16:33.094Z
G03,38,remove,Review,G03-A12,2026-05-01T23:37:06.391Z
G03,39,add,DOCUMENTATION,G03-A14,2026-04-28T14:11:08.624Z
G03,39,add,size_M,G03-A14,2026-04-28T14:11:08.624Z
G03,39,add,ART.2,G03-A14,2026-04-28T14:11:08.624Z
G03,39,add,Backlog,G03-A14,2026-04-28T17:39:58.763Z
G03,39,add,Doing,G03-A14,2026-04-28T17:40:31.695Z
G03,39,remove,Backlog,G03-A14,2026-04-28T17:40:31.695Z
G03,39,add,Waiting Review,G03-A14,2026-04-28T23:08:41.735Z
G03,39,remove,Doing,G03-A14,2026-04-28T23:08:41.735Z
G03,39,add,Review,G03-A12,2026-04-29T17:38:42.074Z
G03,39,remove,Waiting Review,G03-A12,2026-04-29T17:38:42.074Z
G03,39,remove,Review,G03-A14,2026-04-29T18:26:35.798Z
G03,40,add,DOCUMENTATION,G03-A14,2026-04-28T14:11:49.125Z
G03,40,add,size_M,G03-A14,2026-04-28T14:11:49.125Z
G03,40,add,ART.2,G03-A14,2026-04-28T14:11:49.125Z
G03,41,add,DOCUMENTATION,G03-A14,2026-04-28T14:12:28.128Z
G03,41,add,size_M,G03-A14,2026-04-28T14:12:28.128Z
G03,41,add,ART.2,G03-A14,2026-04-28T14:12:28.128Z
G03,41,add,Backlog,G03-A14,2026-04-28T17:40:14.857Z
G03,41,add,Doing,G03-A12,2026-04-30T17:23:43.747Z
G03,41,remove,Backlog,G03-A12,2026-04-30T17:23:43.747Z
G03,41,add,Waiting Review,G03-A12,2026-04-30T20:17:22.433Z
G03,41,remove,Doing,G03-A12,2026-04-30T20:17:22.433Z
G03,41,add,Review,G03-A18,2026-04-30T20:52:13.117Z
G03,41,remove,Waiting Review,G03-A18,2026-04-30T20:52:13.117Z
G03,41,remove,Review,G03-A18,2026-04-30T21:05:56.680Z
G03,42,add,DOCUMENTATION,G03-A12,2026-04-28T17:22:17.054Z
G03,42,add,size_M,G03-A12,2026-04-28T17:22:17.054Z
G03,42,add,ART.2,G03-A12,2026-04-28T17:22:17.054Z
G03,43,add,ART.2,G03-A12,2026-04-28T17:23:12.557Z
G03,43,add,DOCUMENTATION,G03-A12,2026-04-28T17:23:12.557Z
G03,43,add,size_M,G03-A12,2026-04-28T17:23:12.557Z
G03,43,add,Backlog,G03-A12,2026-04-28T17:23:55.699Z
G03,43,add,Doing,G03-A12,2026-04-28T17:23:58.287Z
G03,43,remove,Backlog,G03-A12,2026-04-28T17:23:58.287Z
G03,43,add,Waiting Review,G03-A12,2026-04-28T23:08:53.466Z
G03,43,remove,Doing,G03-A12,2026-04-28T23:08:53.466Z
G03,43,add,Review,G03-A14,2026-04-29T17:35:45.291Z
G03,43,remove,Waiting Review,G03-A14,2026-04-29T17:35:45.291Z
G03,43,remove,Review,G03-A14,2026-04-29T17:37:17.498Z
G03,44,add,DESIGN,G03-A16,2026-04-29T17:20:07.992Z
G03,44,add,size_P,G03-A16,2026-04-29T17:20:07.992Z
G03,44,add,Backlog,G03-A16,2026-04-29T17:20:28.980Z
G03,44,add,Doing,G03-A16,2026-04-29T17:23:29.004Z
G03,44,remove,Backlog,G03-A16,2026-04-29T17:23:29.004Z
G03,44,add,Waiting Review,G03-A16,2026-04-29T18:48:40.383Z
G03,44,remove,Doing,G03-A16,2026-04-29T18:48:40.383Z
G03,44,add,Review,G03-A15,2026-04-30T01:10:43.353Z
G03,44,remove,Waiting Review,G03-A15,2026-04-30T01:10:43.353Z
G03,44,remove,Review,G03-A15,2026-04-30T01:21:42.784Z
G03,45,add,DOCUMENTATION,G03-A14,2026-04-29T17:38:36.069Z
G03,45,add,size_M,G03-A14,2026-04-29T17:38:36.069Z
G03,45,add,ART.1,G03-A14,2026-04-29T17:38:36.069Z
G03,45,add,Backlog,G03-A14,2026-04-29T17:38:44.685Z
G03,45,add,Doing,G03-A14,2026-04-29T17:38:47.769Z
G03,45,remove,Backlog,G03-A14,2026-04-29T17:38:47.769Z
G03,45,add,Waiting Review,G03-A14,2026-04-29T18:39:08.391Z
G03,45,remove,Doing,G03-A14,2026-04-29T18:39:08.391Z
G03,45,add,Review,G03-A18,2026-04-30T11:29:32.814Z
G03,45,remove,Waiting Review,G03-A18,2026-04-30T11:29:32.814Z
G03,45,remove,Review,G03-A18,2026-04-30T11:58:58.562Z
G03,46,add,ART.3,G03-A12,2026-04-29T17:39:11.602Z
G03,46,add,Backlog,G03-A12,2026-04-29T17:39:11.602Z
G03,46,add,DOCUMENTATION,G03-A12,2026-04-29T17:39:11.602Z
G03,46,add,size_M,G03-A12,2026-04-29T17:39:11.602Z
G03,46,add,Doing,G03-A12,2026-04-29T17:40:13.783Z
G03,46,remove,Backlog,G03-A12,2026-04-29T17:40:13.783Z
G03,46,add,Waiting Review,G03-A12,2026-04-30T03:11:21.412Z
G03,46,remove,Doing,G03-A12,2026-04-30T03:11:21.412Z
G03,46,add,Review,G03-A14,2026-05-01T00:25:28.698Z
G03,46,remove,Waiting Review,G03-A14,2026-05-01T00:25:28.698Z
G03,46,add,Waiting Review,G03-A14,2026-05-01T00:25:31.650Z
G03,46,remove,Review,G03-A14,2026-05-01T00:25:31.650Z
G03,46,add,Review,G03-A15,2026-05-01T22:18:48.043Z
G03,46,remove,Waiting Review,G03-A15,2026-05-01T22:18:48.043Z
G03,46,remove,Review,G03-A15,2026-05-01T23:22:46.475Z
G03,47,add,DOCUMENTATION,G03-A16,2026-04-30T01:10:39.438Z
G03,47,add,size_P,G03-A16,2026-04-30T01:10:39.438Z
G03,47,add,ART.1,G03-A16,2026-04-30T01:10:39.438Z
G03,47,add,Fix,G03-A16,2026-04-30T01:12:14.260Z
G03,47,add,Doing,G03-A16,2026-04-30T01:12:47.350Z
G03,47,add,Waiting Review,G03-A16,2026-04-30T01:23:15.739Z
G03,47,remove,Doing,G03-A16,2026-04-30T01:23:15.739Z
G03,47,add,Review,G03-A15,2026-04-30T22:29:56.735Z
G03,47,remove,Waiting Review,G03-A15,2026-04-30T22:29:56.735Z
G03,47,remove,Review,G03-A15,2026-04-30T22:36:16.656Z
G03,48,add,DOCUMENTATION,G03-A15,2026-04-30T11:23:21.431Z
G03,48,add,ART.1,G03-A15,2026-04-30T11:23:21.431Z
G03,48,add,Fix,G03-A15,2026-04-30T11:23:21.431Z
G03,48,add,size_PP,G03-A15,2026-04-30T11:23:31.232Z
G03,48,add,Backlog,G03-A15,2026-04-30T11:24:00.145Z
G03,48,add,Doing,G03-A15,2026-04-30T11:24:03.600Z
G03,48,remove,Backlog,G03-A15,2026-04-30T11:24:03.600Z
G03,48,add,Waiting Review,G03-A15,2026-04-30T11:35:18.579Z
G03,48,remove,Doing,G03-A15,2026-04-30T11:35:18.579Z
G03,48,add,Review,G03-A14,2026-04-30T22:31:45.517Z
G03,48,remove,Waiting Review,G03-A14,2026-04-30T22:31:45.517Z
G03,48,remove,Review,G03-A14,2026-04-30T22:35:35.711Z
G03,49,add,ART.1,G03-A15,2026-04-30T11:37:56.660Z
G03,49,add,DOCUMENTATION,G03-A15,2026-04-30T11:37:56.660Z
G03,49,add,Fix,G03-A15,2026-04-30T11:37:56.660Z
G03,49,add,size_PP,G03-A15,2026-04-30T11:37:56.660Z
G03,49,add,Waiting Review,G03-A15,2026-04-30T11:37:56.660Z
G03,49,add,Doing,G03-A15,2026-04-30T11:38:16.937Z
G03,49,remove,Waiting Review,G03-A15,2026-04-30T11:38:16.937Z
G03,49,add,Waiting Review,G03-A15,2026-04-30T11:46:54.801Z
G03,49,remove,Doing,G03-A15,2026-04-30T11:46:54.801Z
G03,49,add,Review,G03-A14,2026-04-30T22:31:47.013Z
G03,49,remove,Waiting Review,G03-A14,2026-04-30T22:31:47.013Z
G03,49,remove,Review,G03-A14,2026-04-30T22:35:35.623Z
G03,50,add,DOCUMENTATION,G03-A14,2026-04-30T21:40:44.553Z
G03,50,add,size_M,G03-A14,2026-04-30T21:40:44.553Z
G03,50,add,ART.3,G03-A14,2026-04-30T21:40:44.553Z
G03,50,add,Backlog,G03-A14,2026-04-30T21:40:54.629Z
G03,50,add,Doing,G03-A14,2026-04-30T21:45:51.059Z
G03,50,remove,Backlog,G03-A14,2026-04-30T21:45:51.059Z
G03,50,add,Waiting Review,G03-A14,2026-05-01T01:15:18.641Z
G03,50,remove,Doing,G03-A14,2026-05-01T01:15:18.641Z
G03,50,add,Review,G03-A15,2026-05-01T01:21:53.585Z
G03,50,remove,Waiting Review,G03-A15,2026-05-01T01:21:53.585Z
G03,50,remove,Review,G03-A15,2026-05-01T01:34:19.478Z
G03,51,add,DOCUMENTATION,G03-A13,2026-04-30T21:01:05.841Z
G03,51,add,size_P,G03-A13,2026-04-30T21:01:05.841Z
G03,51,add,ART.1,G03-A13,2026-04-30T21:01:05.841Z
G03,51,add,Backlog,G03-A13,2026-04-30T21:01:28.916Z
G03,51,add,Doing,G03-A13,2026-04-30T21:01:30.688Z
G03,51,remove,Backlog,G03-A13,2026-04-30T21:01:30.688Z
G03,51,add,Waiting Review,G03-A13,2026-04-30T21:21:08.536Z
G03,51,remove,Doing,G03-A13,2026-04-30T21:21:08.536Z
G03,51,add,Review,G03-A15,2026-04-30T22:36:08.814Z
G03,51,remove,Waiting Review,G03-A15,2026-04-30T22:36:08.814Z
G03,51,remove,Review,G03-A15,2026-04-30T23:03:33.413Z
G03,52,add,DOCUMENTATION,G03-A16,2026-05-01T00:34:39.625Z
G03,52,add,ART.1,G03-A16,2026-05-01T00:34:39.625Z
G03,52,add,Fix,G03-A16,2026-05-01T00:34:39.625Z
G03,52,add,Backlog,G03-A16,2026-05-01T00:34:58.730Z
G03,52,add,Doing,G03-A16,2026-05-01T00:35:00.706Z
G03,52,remove,Backlog,G03-A16,2026-05-01T00:35:00.706Z
G03,52,add,Waiting Review,G03-A16,2026-05-01T00:40:51.331Z
G03,52,remove,Doing,G03-A16,2026-05-01T00:40:51.331Z
G03,52,add,Review,G03-A15,2026-05-01T01:04:54.390Z
G03,52,remove,Waiting Review,G03-A15,2026-05-01T01:04:54.390Z
G03,52,remove,Review,G03-A15,2026-05-01T01:14:14.477Z
G03,53,add,DOCUMENTATION,G03-A15,2026-05-01T01:22:59.991Z
G03,53,add,size_PP,G03-A15,2026-05-01T01:22:59.991Z
G03,53,add,ART.3,G03-A15,2026-05-01T01:22:59.991Z
G03,53,remove,size_PP,G03-A15,2026-05-01T01:23:09.030Z
G03,53,add,size_P,G03-A15,2026-05-01T01:23:15.184Z
G03,53,add,Backlog,G03-A15,2026-05-01T19:14:27.079Z
G03,53,add,Doing,G03-A15,2026-05-01T19:14:37.339Z
G03,53,remove,Backlog,G03-A15,2026-05-01T19:14:37.339Z
G03,53,add,Waiting Review,G03-A15,2026-05-01T19:33:23.961Z
G03,53,remove,Doing,G03-A15,2026-05-01T19:33:23.961Z
G03,53,add,Review,G03-A12,2026-05-01T22:45:25.325Z
G03,53,remove,Waiting Review,G03-A12,2026-05-01T22:45:25.325Z
G03,53,remove,Review,G03-A12,2026-05-01T23:16:35.692Z
G03,54,add,DOCUMENTATION,G03-A15,2026-05-01T01:32:17.413Z
G03,54,add,size_M,G03-A15,2026-05-01T01:32:17.413Z
G03,54,add,ART.3,G03-A15,2026-05-01T01:32:17.413Z
G03,54,add,Backlog,G03-A15,2026-05-01T19:14:24.924Z
G03,54,add,Doing,G03-A15,2026-05-01T19:35:15.249Z
G03,54,remove,Backlog,G03-A15,2026-05-01T19:35:15.249Z
G03,54,remove,size_M,G03-A15,2026-05-01T21:00:22.529Z
G03,54,add,size_G,G03-A15,2026-05-01T21:00:28.990Z
G03,54,add,Review,G03-A15,2026-05-01T21:41:38.502Z
G03,54,remove,Doing,G03-A15,2026-05-01T21:41:38.502Z
G03,54,add,Waiting Review,G03-A15,2026-05-01T21:41:44.204Z
G03,54,remove,Review,G03-A15,2026-05-01T21:41:44.204Z
G03,54,add,Review,G03-A12,2026-05-01T22:45:20.565Z
G03,54,remove,Waiting Review,G03-A12,2026-05-01T22:45:20.565Z
G03,54,remove,Review,G03-A12,2026-05-01T23:16:34.941Z
G03,55,add,DOCUMENTATION,G03-A15,2026-05-01T01:33:11.508Z
G03,55,add,size_M,G03-A15,2026-05-01T01:33:11.508Z
G03,55,add,ART.3,G03-A15,2026-05-01T01:33:11.508Z
G03,55,add,Backlog,G03-A15,2026-05-01T19:14:23.791Z
G03,55,add,Doing,G03-A15,2026-05-01T21:51:45.843Z
G03,55,remove,Backlog,G03-A15,2026-05-01T21:51:45.843Z
G03,55,add,Waiting Review,G03-A15,2026-05-01T22:12:41.894Z
G03,55,remove,Doing,G03-A15,2026-05-01T22:12:41.894Z
G03,55,add,Review,G03-A12,2026-05-01T22:45:26.173Z
G03,55,remove,Waiting Review,G03-A12,2026-05-01T22:45:26.173Z
G03,55,remove,Review,G03-A12,2026-05-01T23:16:36.480Z
G03,56,add,DOCUMENTATION,G03-A15,2026-05-01T01:33:58.646Z
G03,56,add,size_PP,G03-A15,2026-05-01T01:33:58.646Z
G03,56,add,ART.3,G03-A15,2026-05-01T01:33:58.646Z
G03,56,add,Backlog,G03-A15,2026-05-01T19:14:22.458Z
G03,56,add,Doing,G03-A15,2026-05-01T22:12:49.708Z
G03,56,remove,Backlog,G03-A15,2026-05-01T22:12:49.708Z
G03,56,add,Waiting Review,G03-A15,2026-05-01T22:18:42.849Z
G03,56,remove,Doing,G03-A15,2026-05-01T22:18:42.849Z
G03,56,add,Review,G03-A12,2026-05-01T22:59:00.731Z
G03,56,remove,Waiting Review,G03-A12,2026-05-01T22:59:00.731Z
G03,56,remove,Review,G03-A12,2026-05-01T23:16:34.698Z
G03,57,add,DOCUMENTATION,G03-A18,2026-05-01T19:28:44.570Z
G03,57,add,size_P,G03-A18,2026-05-01T19:28:44.570Z
G03,57,add,ART.3,G03-A18,2026-05-01T19:28:44.570Z
G03,57,add,Backlog,G03-A18,2026-05-01T19:28:48.576Z
G03,57,add,Doing,G03-A18,2026-05-01T19:28:50.707Z
G03,57,remove,Backlog,G03-A18,2026-05-01T19:28:50.707Z
G03,57,add,Waiting Review,G03-A18,2026-05-01T19:43:42.219Z
G03,57,remove,Doing,G03-A18,2026-05-01T19:43:42.219Z
G03,57,add,Review,G03-A12,2026-05-01T19:44:13.973Z
G03,57,remove,Waiting Review,G03-A12,2026-05-01T19:44:13.973Z
G03,57,remove,Review,G03-A12,2026-05-01T22:13:34.313Z
G03,58,add,DOCUMENTATION,G03-A18,2026-05-01T20:02:07.730Z
G03,58,add,size_P,G03-A18,2026-05-01T20:02:17.137Z
G03,58,add,Backlog,G03-A12,2026-05-01T20:03:39.294Z
G03,58,add,Doing,G03-A18,2026-05-01T20:05:52.942Z
G03,58,remove,Backlog,G03-A18,2026-05-01T20:05:52.942Z
G03,58,add,size_M,G03-A18,2026-05-01T20:06:14.278Z
G03,58,remove,size_P,G03-A18,2026-05-01T20:06:14.278Z
G03,58,add,Waiting Review,G03-A18,2026-05-01T21:40:42.127Z
G03,58,remove,Doing,G03-A18,2026-05-01T21:40:42.127Z
G03,58,add,Review,G03-A12,2026-05-01T21:48:46.964Z
G03,58,remove,Waiting Review,G03-A12,2026-05-01T21:48:46.964Z
G03,58,remove,Review,G03-A12,2026-05-01T22:14:22.346Z
G03,59,add,DOCUMENTATION,G03-A12,2026-05-01T20:02:56.911Z
G03,59,add,size_M,G03-A12,2026-05-01T20:02:56.911Z
G03,59,add,ART.3,G03-A12,2026-05-01T20:02:56.911Z
G03,59,add,Backlog,G03-A12,2026-05-01T20:03:53.570Z
G03,59,add,Doing,G03-A12,2026-05-01T20:03:54.848Z
G03,59,remove,Backlog,G03-A12,2026-05-01T20:03:54.848Z
G03,59,add,Waiting Review,G03-A12,2026-05-01T21:44:59.528Z
G03,59,remove,Doing,G03-A12,2026-05-01T21:44:59.528Z
G03,59,add,Review,G03-A15,2026-05-01T22:18:50.724Z
G03,59,remove,Waiting Review,G03-A15,2026-05-01T22:18:50.724Z
G03,59,remove,Review,G03-A15,2026-05-01T23:22:49.497Z
G03,60,add,DOCUMENTATION,G03-A16,2026-05-01T20:47:37.820Z
G03,60,add,size_P,G03-A16,2026-05-01T20:47:37.820Z
G03,60,add,ART.1,G03-A16,2026-05-01T20:47:37.820Z
G03,60,add,Backlog,G03-A16,2026-05-01T20:47:55.527Z
G03,60,add,Doing,G03-A16,2026-05-01T20:48:01.920Z
G03,60,remove,Backlog,G03-A16,2026-05-01T20:48:01.920Z
G03,60,add,Waiting Review,G03-A16,2026-05-01T21:35:23.352Z
G03,60,remove,Doing,G03-A16,2026-05-01T21:35:23.352Z
G03,60,add,Review,G03-A12,2026-05-01T21:45:19.982Z
G03,60,remove,Waiting Review,G03-A12,2026-05-01T21:45:19.982Z
G03,60,remove,Review,G03-A12,2026-05-01T22:13:33.853Z
G03,60,add,Fix,G03-A16,2026-05-01T22:14:44.057Z
G03,61,add,size_PP,G03-A15,2026-05-04T16:17:12.221Z
G03,61,remove,size_PP,G03-A15,2026-05-04T16:17:17.986Z
G03,61,add,DOCUMENTATION,G03-A15,2026-05-04T16:17:27.722Z
G03,61,add,size_PP,G03-A15,2026-05-04T16:17:27.722Z
G03,61,add,ART.4,G03-A15,2026-05-04T16:18:28.860Z
G03,61,add,Backlog,G03-A15,2026-05-06T17:18:19.964Z
G03,61,add,Doing,G03-A15,2026-05-07T17:50:26.639Z
G03,61,remove,Backlog,G03-A15,2026-05-07T17:50:26.639Z
G03,61,add,Waiting Review,G03-A15,2026-05-07T18:11:42.913Z
G03,61,remove,Doing,G03-A15,2026-05-07T18:11:42.913Z
G03,61,add,Review,G03-A12,2026-05-12T17:24:36.421Z
G03,61,remove,Waiting Review,G03-A12,2026-05-12T17:24:36.421Z
G03,61,remove,Review,G03-A12,2026-05-12T17:31:37.510Z
G03,62,add,DOCUMENTATION,G03-A15,2026-05-04T16:18:51.131Z
G03,62,add,DESIGN,G03-A15,2026-05-04T16:18:51.131Z
G03,62,add,size_M,G03-A15,2026-05-04T16:18:51.131Z
G03,62,add,ART.4,G03-A15,2026-05-04T16:18:51.131Z
G03,63,add,DOCUMENTATION,G03-A15,2026-05-04T16:19:38.362Z
G03,63,add,size_P,G03-A15,2026-05-04T16:19:38.362Z
G03,63,add,ART.4,G03-A15,2026-05-04T16:19:38.362Z
G03,64,add,DOCUMENTATION,G03-A15,2026-05-04T16:20:32.985Z
G03,64,add,size_PP,G03-A15,2026-05-04T16:20:32.985Z
G03,64,add,ART.4,G03-A15,2026-05-04T16:20:32.985Z
G03,64,add,Backlog,G03-A12,2026-05-06T18:50:51.642Z
G03,64,add,Doing,G03-A12,2026-05-13T19:06:46.407Z
G03,64,remove,Backlog,G03-A12,2026-05-13T19:06:46.407Z
G03,64,add,Backlog,G03-A12,2026-05-13T19:06:51.212Z
G03,64,remove,Doing,G03-A12,2026-05-13T19:06:51.212Z
G03,64,remove,Backlog,G03-A12,2026-05-15T23:38:34.661Z
G03,65,add,DOCUMENTATION,G03-A15,2026-05-04T17:12:30.326Z
G03,65,add,size_PP,G03-A15,2026-05-04T17:12:30.326Z
G03,65,add,ART.5,G03-A15,2026-05-04T17:12:30.326Z
G03,65,add,Backlog,G03-A15,2026-05-05T17:19:17.291Z
G03,65,add,Doing,G03-A15,2026-05-05T17:19:19.690Z
G03,65,remove,Backlog,G03-A15,2026-05-05T17:19:19.690Z
G03,65,add,Waiting Review,G03-A15,2026-05-05T17:30:37.966Z
G03,65,remove,Doing,G03-A15,2026-05-05T17:30:37.966Z
G03,65,add,Review,G03-A12,2026-05-05T17:32:07.631Z
G03,65,remove,Waiting Review,G03-A12,2026-05-05T17:32:07.631Z
G03,65,remove,Review,G03-A12,2026-05-05T17:34:10.607Z
G03,66,add,DOCUMENTATION,G03-A15,2026-05-04T17:13:41.941Z
G03,66,add,size_M,G03-A15,2026-05-04T17:13:41.941Z
G03,66,add,ART.5,G03-A15,2026-05-04T17:13:41.941Z
G03,66,add,Backlog,G03-A15,2026-05-05T17:38:58.863Z
G03,66,add,Doing,G03-A15,2026-05-05T18:18:36.893Z
G03,66,remove,Backlog,G03-A15,2026-05-05T18:18:36.893Z
G03,66,add,Waiting Review,G03-A15,2026-05-05T21:23:30.185Z
G03,66,remove,Doing,G03-A15,2026-05-05T21:23:30.185Z
G03,66,add,Review,G03-A19,2026-05-06T14:54:10.341Z
G03,66,remove,Waiting Review,G03-A19,2026-05-06T14:54:10.341Z
G03,66,remove,Review,G03-A19,2026-05-06T17:16:22.008Z
G03,67,add,DOCUMENTATION,G03-A15,2026-05-04T17:14:31.371Z
G03,67,add,size_PP,G03-A15,2026-05-04T17:14:31.371Z
G03,67,add,ART.5,G03-A15,2026-05-04T17:14:31.371Z
G03,67,add,Backlog,G03-A15,2026-05-06T11:12:39.459Z
G03,67,remove,size_PP,G03-A15,2026-05-06T11:47:19.316Z
G03,67,add,size_P,G03-A15,2026-05-06T11:47:27.860Z
G03,67,add,Doing,G03-A15,2026-05-06T11:47:37.287Z
G03,67,remove,Backlog,G03-A15,2026-05-06T11:47:37.287Z
G03,67,add,Waiting Review,G03-A15,2026-05-06T12:09:35.706Z
G03,67,remove,Doing,G03-A15,2026-05-06T12:09:35.706Z
G03,67,add,Review,G03-A19,2026-05-06T14:54:08.197Z
G03,67,remove,Waiting Review,G03-A19,2026-05-06T14:54:08.197Z
G03,67,remove,Review,G03-A19,2026-05-06T17:16:18.534Z
G03,68,add,ART.4,G03-A12,2026-05-04T17:36:43.985Z
G03,68,add,DESIGN,G03-A12,2026-05-04T17:36:43.985Z
G03,68,add,DOCUMENTATION,G03-A12,2026-05-04T17:36:43.985Z
G03,68,add,size_M,G03-A12,2026-05-04T17:36:43.985Z
G03,68,add,Backlog,G03-A15,2026-05-06T17:18:16.185Z
G03,68,remove,Backlog,G03-A15,2026-05-13T17:13:03.144Z
G03,69,add,ART.4,G03-A12,2026-05-04T17:37:05.046Z
G03,69,add,DOCUMENTATION,G03-A12,2026-05-04T17:37:05.046Z
G03,69,add,size_P,G03-A12,2026-05-04T17:37:05.046Z
G03,69,add,Backlog,G03-A15,2026-05-06T17:18:23.804Z
G03,69,add,Doing,G03-A15,2026-05-13T17:22:28.890Z
G03,69,remove,Backlog,G03-A15,2026-05-13T17:22:28.890Z
G03,69,add,Waiting Review,G03-A15,2026-05-13T18:31:15.720Z
G03,69,remove,Doing,G03-A15,2026-05-13T18:31:15.720Z
G03,69,add,Review,G03-A12,2026-05-14T03:06:35.821Z
G03,69,remove,Waiting Review,G03-A12,2026-05-14T03:06:35.821Z
G03,69,remove,Review,G03-A12,2026-05-14T21:11:36.908Z
G03,70,add,ART.4,G03-A12,2026-05-04T17:37:27.188Z
G03,70,add,DOCUMENTATION,G03-A12,2026-05-04T17:37:27.188Z
G03,70,add,size_PP,G03-A12,2026-05-04T17:37:27.188Z
G03,70,add,Backlog,G03-A15,2026-05-06T17:18:25.708Z
G03,70,add,Doing,G03-A15,2026-05-14T00:22:35.507Z
G03,70,remove,Backlog,G03-A15,2026-05-14T00:22:35.507Z
G03,70,add,Waiting Review,G03-A15,2026-05-14T00:28:14.935Z
G03,70,remove,Doing,G03-A15,2026-05-14T00:28:14.935Z
G03,70,add,Review,G03-A12,2026-05-14T03:06:33.831Z
G03,70,remove,Waiting Review,G03-A12,2026-05-14T03:06:33.831Z
G03,70,remove,Review,G03-A12,2026-05-14T21:11:34.680Z
G03,71,add,ART.5,G03-A18,2026-05-04T17:55:12.045Z
G03,71,add,DOCUMENTATION,G03-A18,2026-05-04T17:56:04.652Z
G03,71,add,size_M,G03-A18,2026-05-04T17:56:04.652Z
G03,71,add,Backlog,G03-A14,2026-05-06T17:31:24.654Z
G03,71,add,Doing,G03-A14,2026-05-06T17:33:01.975Z
G03,71,remove,Backlog,G03-A14,2026-05-06T17:33:01.975Z
G03,71,add,Waiting Review,G03-A14,2026-05-07T12:56:41.283Z
G03,71,remove,Doing,G03-A14,2026-05-07T12:56:41.283Z
G03,71,add,Review,G03-A15,2026-05-12T01:28:05.283Z
G03,71,remove,Waiting Review,G03-A15,2026-05-12T01:28:05.283Z
G03,71,remove,Review,G03-A15,2026-05-12T01:39:28.265Z
G03,72,add,ART.5,G03-A18,2026-05-04T17:57:39.508Z
G03,72,add,DOCUMENTATION,G03-A18,2026-05-04T17:58:01.237Z
G03,72,add,size_M,G03-A18,2026-05-04T17:58:01.237Z
G03,72,add,Backlog,G03-A14,2026-05-06T17:31:21.571Z
G03,72,add,Doing,G03-A14,2026-05-06T17:33:04.374Z
G03,72,remove,Backlog,G03-A14,2026-05-06T17:33:04.374Z
G03,72,add,Waiting Review,G03-A14,2026-05-07T12:56:42.426Z
G03,72,remove,Doing,G03-A14,2026-05-07T12:56:42.426Z
G03,72,add,Review,G03-A15,2026-05-11T14:51:18.540Z
G03,72,remove,Waiting Review,G03-A15,2026-05-11T14:51:18.540Z
G03,72,remove,Review,G03-A15,2026-05-11T17:19:56.162Z
G03,73,add,ART.5,G03-A12,2026-05-04T18:06:13.645Z
G03,73,add,DOCUMENTATION,G03-A12,2026-05-04T18:06:58.150Z
G03,73,add,size_M,G03-A12,2026-05-04T18:23:25.339Z
G03,74,add,size_M,G03-A18,2026-05-04T18:03:01.796Z
G03,74,add,ART.5,G03-A18,2026-05-04T18:03:01.796Z
G03,75,add,size_M,G03-A18,2026-05-04T18:05:08.556Z
G03,75,add,ART.5,G03-A18,2026-05-04T18:05:08.556Z
G03,76,add,size_P,G03-A18,2026-05-04T18:18:31.513Z
G03,76,add,ART.5,G03-A18,2026-05-04T18:18:31.513Z
G03,77,add,DOCUMENTATION,G03-A12,2026-05-04T18:26:11.480Z
G03,77,add,ART.5,G03-A12,2026-05-04T18:26:11.480Z
G03,77,add,size_P,G03-A12,2026-05-04T18:26:50.260Z
G03,78,add,DOCUMENTATION,G03-A12,2026-05-04T18:28:02.703Z
G03,78,add,size_M,G03-A12,2026-05-04T18:28:02.703Z
G03,78,add,ART.5,G03-A12,2026-05-04T18:28:02.703Z
G03,78,remove,size_M,G03-A12,2026-05-04T18:28:56.380Z
G03,78,add,size_P,G03-A12,2026-05-04T18:29:01.211Z
G03,78,remove,size_P,G03-A12,2026-05-04T18:31:19.797Z
G03,78,add,size_PP,G03-A12,2026-05-04T18:31:26.858Z
G03,78,add,Backlog,G03-A12,2026-05-12T15:51:20.918Z
G03,78,add,Doing,G03-A12,2026-05-12T15:51:25.394Z
G03,78,remove,Backlog,G03-A12,2026-05-12T15:51:25.394Z
G03,78,add,Waiting Review,G03-A12,2026-05-12T16:00:53.437Z
G03,78,remove,Doing,G03-A12,2026-05-12T16:00:53.437Z
G03,78,add,Review,G03-A18,2026-05-15T21:42:38.039Z
G03,78,remove,Waiting Review,G03-A18,2026-05-15T21:42:38.039Z
G03,78,remove,Review,G03-A18,2026-05-15T22:52:54.865Z
G03,79,add,ART.5,G03-A12,2026-05-04T18:28:27.090Z
G03,79,add,DOCUMENTATION,G03-A12,2026-05-04T18:28:27.090Z
G03,79,add,size_M,G03-A12,2026-05-04T18:28:27.090Z
G03,79,add,Backlog,G03-A12,2026-05-05T18:32:29.253Z
G03,79,add,Doing,G03-A12,2026-05-05T18:33:11.323Z
G03,79,remove,Backlog,G03-A12,2026-05-05T18:33:11.323Z
G03,79,add,Waiting Review,G03-A12,2026-05-06T00:28:29.279Z
G03,79,remove,Doing,G03-A12,2026-05-06T00:28:29.279Z
G03,79,add,Review,G03-A15,2026-05-06T12:21:09.224Z
G03,79,remove,Waiting Review,G03-A15,2026-05-06T12:21:09.224Z
G03,79,remove,Review,G03-A15,2026-05-06T12:53:00.760Z
G03,80,add,ART.5,G03-A12,2026-05-04T18:29:25.329Z
G03,80,add,DOCUMENTATION,G03-A12,2026-05-04T18:29:25.329Z
G03,80,add,size_P,G03-A12,2026-05-04T18:29:25.329Z
G03,81,add,DOCUMENTATION,G03-A12,2026-05-05T17:10:59.846Z
G03,81,add,size_P,G03-A12,2026-05-05T17:10:59.846Z
G03,81,add,ART.5,G03-A12,2026-05-05T17:10:59.846Z
G03,81,add,Backlog,G03-A12,2026-05-05T17:34:16.181Z
G03,81,add,Doing,G03-A12,2026-05-05T17:34:18.640Z
G03,81,remove,Backlog,G03-A12,2026-05-05T17:34:18.640Z
G03,81,add,Waiting Review,G03-A12,2026-05-05T18:24:00.906Z
G03,81,remove,Doing,G03-A12,2026-05-05T18:24:00.906Z
G03,81,add,Review,G03-A15,2026-05-06T12:23:33.397Z
G03,81,remove,Waiting Review,G03-A15,2026-05-06T12:23:33.397Z
G03,81,remove,Review,G03-A15,2026-05-06T12:53:02.285Z
G03,82,add,ART.5,G03-A16,2026-05-05T17:28:24.659Z
G03,82,add,DOCUMENTATION,G03-A16,2026-05-05T17:28:52.146Z
G03,82,add,size_M,G03-A16,2026-05-05T17:30:02.662Z
G03,82,add,Doing,G03-A16,2026-05-05T17:40:41.623Z
G03,82,remove,size_M,G03-A16,2026-05-05T17:40:51.834Z
G03,82,add,size_P,G03-A16,2026-05-05T17:40:59.129Z
G03,82,add,Waiting Review,G03-A16,2026-05-05T18:33:42.878Z
G03,82,remove,Doing,G03-A16,2026-05-05T18:33:42.878Z
G03,82,add,Review,G03-A15,2026-05-06T12:15:02.424Z
G03,82,remove,Waiting Review,G03-A15,2026-05-06T12:15:02.424Z
G03,82,remove,Review,G03-A15,2026-05-06T12:22:57.692Z
G03,83,add,ART.5,G03-A18,2026-05-05T17:32:11.062Z
G03,83,add,size_M,G03-A18,2026-05-05T17:32:27.732Z
G03,83,add,Backlog,G03-A18,2026-05-05T17:36:53.368Z
G03,83,add,Doing,G03-A18,2026-05-11T18:40:02.910Z
G03,83,remove,Backlog,G03-A18,2026-05-11T18:40:02.910Z
G03,83,add,Waiting Review,G03-A18,2026-05-11T18:59:18.401Z
G03,83,remove,Doing,G03-A18,2026-05-11T18:59:18.401Z
G03,83,remove,Waiting Review,G03-A18,2026-05-12T12:04:54.619Z
G03,84,add,size_M,G03-A18,2026-05-05T17:35:17.369Z
G03,84,add,ART.5,G03-A18,2026-05-05T17:35:17.369Z
G03,84,add,Backlog,G03-A18,2026-05-05T17:36:55.551Z
G03,84,add,Doing,G03-A18,2026-05-12T18:22:20.399Z
G03,84,remove,Backlog,G03-A18,2026-05-12T18:22:20.399Z
G03,84,add,Waiting Review,G03-A18,2026-05-12T18:55:19.084Z
G03,84,remove,Doing,G03-A18,2026-05-12T18:55:19.084Z
G03,84,remove,Waiting Review,G03-A18,2026-05-12T18:55:25.123Z
G03,85,add,size_M,G03-A13,2026-05-05T17:35:50.847Z
G03,85,add,ART.5,G03-A13,2026-05-05T17:35:50.847Z
G03,85,add,Backlog,G03-A13,2026-05-05T17:38:54.378Z
G03,85,add,Doing,G03-A13,2026-05-14T12:17:38.170Z
G03,85,remove,Backlog,G03-A13,2026-05-14T12:17:38.170Z
G03,85,add,Waiting Review,G03-A13,2026-05-14T12:17:43.130Z
G03,85,remove,Doing,G03-A13,2026-05-14T12:17:43.130Z
G03,85,add,Review,G03-A13,2026-05-14T12:17:49.530Z
G03,85,remove,Waiting Review,G03-A13,2026-05-14T12:17:49.530Z
G03,85,remove,Review,G03-A13,2026-05-14T12:17:57.143Z
G03,86,add,size_M,G03-A13,2026-05-05T17:37:24.102Z
G03,86,add,ART.5,G03-A13,2026-05-05T17:37:24.102Z
G03,86,add,Backlog,G03-A13,2026-05-05T17:38:52.579Z
G03,86,add,Doing,G03-A13,2026-05-14T12:17:39.951Z
G03,86,remove,Backlog,G03-A13,2026-05-14T12:17:39.951Z
G03,86,add,Waiting Review,G03-A13,2026-05-14T12:17:46.542Z
G03,86,remove,Doing,G03-A13,2026-05-14T12:17:46.542Z
G03,86,add,Review,G03-A13,2026-05-14T12:17:51.777Z
G03,86,remove,Waiting Review,G03-A13,2026-05-14T12:17:51.777Z
G03,86,remove,Review,G03-A13,2026-05-14T12:17:55.147Z
G03,87,add,DESIGN,G03-A16,2026-05-06T17:32:04.288Z
G03,87,add,size_P,G03-A16,2026-05-06T17:32:04.288Z
G03,87,add,ART.5,G03-A16,2026-05-06T17:32:04.288Z
G03,87,add,Doing,G03-A16,2026-05-06T17:32:15.692Z
G03,87,add,Waiting Review,G03-A16,2026-05-06T18:31:45.742Z
G03,87,remove,Doing,G03-A16,2026-05-06T18:31:45.742Z
G03,87,add,Review,G03-A15,2026-05-11T14:48:29.117Z
G03,87,remove,Waiting Review,G03-A15,2026-05-11T14:48:29.117Z
G03,87,remove,Review,G03-A15,2026-05-11T14:51:11.249Z
G03,88,add,DOCUMENTATION,G03-A12,2026-05-06T17:17:30.216Z
G03,88,add,size_P,G03-A12,2026-05-06T17:17:30.216Z
G03,88,add,ART.5,G03-A12,2026-05-06T17:17:30.216Z
G03,88,add,Backlog,G03-A12,2026-05-06T17:17:59.344Z
G03,88,add,Doing,G03-A12,2026-05-06T17:18:00.928Z
G03,88,remove,Backlog,G03-A12,2026-05-06T17:18:00.928Z
G03,88,add,Waiting Review,G03-A12,2026-05-06T18:46:15.743Z
G03,88,remove,Doing,G03-A12,2026-05-06T18:46:15.743Z
G03,88,add,Review,G03-A15,2026-05-14T00:31:02.720Z
G03,88,remove,Waiting Review,G03-A15,2026-05-14T00:31:02.720Z
G03,88,remove,Review,G03-A15,2026-05-14T00:45:55.943Z
G03,89,add,DESIGN,G03-A16,2026-05-06T17:25:36.427Z
G03,89,add,size_P,G03-A16,2026-05-06T17:25:36.427Z
G03,89,add,ART.5,G03-A16,2026-05-06T17:25:36.427Z
G03,90,add,DOCUMENTATION,G03-A19,2026-05-06T18:11:22.573Z
G03,90,add,size_PP,G03-A19,2026-05-06T18:11:22.573Z
G03,90,add,ART.2,G03-A19,2026-05-06T18:11:22.573Z
G03,90,add,Backlog,G03-A19,2026-05-06T18:12:09.325Z
G03,90,add,Doing,G03-A19,2026-05-06T18:12:11.060Z
G03,90,remove,Backlog,G03-A19,2026-05-06T18:12:11.060Z
G03,90,add,Waiting Review,G03-A19,2026-05-07T11:39:07.995Z
G03,90,remove,Doing,G03-A19,2026-05-07T11:39:07.995Z
G03,90,add,Review,G03-A15,2026-05-12T01:39:38.296Z
G03,90,remove,Waiting Review,G03-A15,2026-05-12T01:39:38.296Z
G03,90,remove,Review,G03-A15,2026-05-12T01:44:02.313Z
G03,91,add,DOCUMENTATION,G03-A13,2026-05-06T18:13:17.555Z
G03,91,add,size_PP,G03-A13,2026-05-06T18:13:17.555Z
G03,91,add,ART.2,G03-A13,2026-05-06T18:13:17.555Z
G03,91,add,Backlog,G03-A13,2026-05-06T18:13:29.124Z
G03,91,add,Doing,G03-A13,2026-05-06T18:13:34.787Z
G03,91,remove,Backlog,G03-A13,2026-05-06T18:13:34.787Z
G03,91,add,Waiting Review,G03-A13,2026-05-07T14:13:04.051Z
G03,91,remove,Doing,G03-A13,2026-05-07T14:13:04.051Z
G03,91,add,Review,G03-A15,2026-05-14T00:56:56.108Z
G03,91,remove,Waiting Review,G03-A15,2026-05-14T00:56:56.108Z
G03,91,remove,Review,G03-A15,2026-05-14T01:02:46.854Z
G03,92,add,ART.4,G03-A15,2026-05-06T18:25:20.303Z
G03,92,add,DESIGN,G03-A15,2026-05-06T18:25:29.763Z
G03,92,add,size_M,G03-A15,2026-05-06T18:25:29.763Z
G03,92,add,Backlog,G03-A15,2026-05-06T18:26:00.483Z
G03,92,add,Doing,G03-A15,2026-05-06T18:26:04.758Z
G03,92,remove,Backlog,G03-A15,2026-05-06T18:26:04.758Z
G03,92,add,Waiting Review,G03-A15,2026-05-06T18:59:19.183Z
G03,92,remove,Doing,G03-A15,2026-05-06T18:59:19.183Z
G03,92,add,Review,G03-A12,2026-05-07T17:35:20.623Z
G03,92,remove,Waiting Review,G03-A12,2026-05-07T17:35:20.623Z
G03,92,remove,Review,G03-A12,2026-05-11T13:06:11.687Z
G03,93,add,DOCUMENTATION,G03-A18,2026-05-06T18:53:40.353Z
G03,93,add,size_M,G03-A18,2026-05-06T18:53:40.353Z
G03,93,add,ART.5,G03-A18,2026-05-06T18:53:40.353Z
G03,93,add,Backlog,G03-A18,2026-05-07T12:43:55.278Z
G03,93,add,Doing,G03-A18,2026-05-07T17:38:47.897Z
G03,93,remove,Backlog,G03-A18,2026-05-07T17:38:47.897Z
G03,93,add,Waiting Review,G03-A18,2026-05-07T19:05:49.141Z
G03,93,remove,Doing,G03-A18,2026-05-07T19:05:49.141Z
G03,93,add,Review,G03-A12,2026-05-15T23:38:02.855Z
G03,93,remove,Waiting Review,G03-A12,2026-05-15T23:38:02.855Z
G03,93,remove,Review,G03-A12,2026-05-15T23:40:46.149Z
G03,94,add,DOCUMENTATION,G03-A18,2026-05-06T18:54:39.951Z
G03,94,add,size_M,G03-A18,2026-05-06T18:54:39.951Z
G03,94,add,ART.5,G03-A18,2026-05-06T18:54:39.951Z
G03,94,add,Backlog,G03-A18,2026-05-07T12:43:57.831Z
G03,94,remove,size_M,G03-A18,2026-05-07T17:39:39.268Z
G03,94,add,size_P,G03-A18,2026-05-07T17:39:44.960Z
G03,94,add,Doing,G03-A18,2026-05-07T19:05:50.963Z
G03,94,remove,Backlog,G03-A18,2026-05-07T19:05:50.963Z
G03,94,add,Waiting Review,G03-A18,2026-05-08T12:40:38.438Z
G03,94,remove,Doing,G03-A18,2026-05-08T12:40:38.438Z
G03,94,add,Review,G03-A12,2026-05-15T23:38:03.690Z
G03,94,remove,Waiting Review,G03-A12,2026-05-15T23:38:03.690Z
G03,94,remove,Review,G03-A12,2026-05-15T23:40:44.077Z
G03,95,add,DOCUMENTATION,G03-A18,2026-05-06T18:56:47.407Z
G03,95,add,size_M,G03-A18,2026-05-06T18:56:47.407Z
G03,95,add,ART.5,G03-A18,2026-05-06T18:56:47.407Z
G03,95,add,Backlog,G03-A18,2026-05-07T12:44:00.311Z
G03,95,remove,size_M,G03-A18,2026-05-07T17:39:21.679Z
G03,95,add,size_P,G03-A18,2026-05-07T17:39:28.106Z
G03,95,add,Doing,G03-A18,2026-05-10T20:47:49.635Z
G03,95,remove,Backlog,G03-A18,2026-05-10T20:47:49.635Z
G03,95,add,Waiting Review,G03-A18,2026-05-10T23:27:40.418Z
G03,95,remove,Doing,G03-A18,2026-05-10T23:27:40.418Z
G03,95,add,Review,G03-A12,2026-05-15T23:38:06.664Z
G03,95,remove,Waiting Review,G03-A12,2026-05-15T23:38:06.664Z
G03,95,remove,Review,G03-A12,2026-05-15T23:40:45.039Z
G03,96,add,DOCUMENTATION,G03-A18,2026-05-07T02:26:21.743Z
G03,96,add,size_M,G03-A18,2026-05-07T02:26:21.743Z
G03,96,add,ART.5,G03-A18,2026-05-07T02:26:21.743Z
G03,96,add,Backlog,G03-A18,2026-05-07T12:44:04.868Z
G03,96,add,Doing,G03-A18,2026-05-11T01:35:37.326Z
G03,96,remove,Backlog,G03-A18,2026-05-11T01:35:37.326Z
G03,96,add,Waiting Review,G03-A18,2026-05-11T10:59:36.242Z
G03,96,remove,Doing,G03-A18,2026-05-11T10:59:36.242Z
G03,96,add,Review,G03-A12,2026-05-15T23:38:08.621Z
G03,96,remove,Waiting Review,G03-A12,2026-05-15T23:38:08.621Z
G03,96,remove,Review,G03-A12,2026-05-15T23:40:47.008Z
G03,97,add,DESIGN,G03-A13,2026-05-07T14:15:36.919Z
G03,97,add,size_M,G03-A13,2026-05-07T14:15:36.919Z
G03,97,add,ART.4,G03-A13,2026-05-07T14:15:36.919Z
G03,97,remove,size_M,G03-A13,2026-05-07T14:16:21.678Z
G03,97,add,size_P,G03-A13,2026-05-07T14:16:28.586Z
G03,98,add,DESIGN,G03-A13,2026-05-07T14:17:04.719Z
G03,98,add,size_P,G03-A13,2026-05-07T14:17:04.719Z
G03,98,add,ART.4,G03-A13,2026-05-07T14:17:04.719Z
G03,98,add,Backlog,G03-A13,2026-05-07T18:14:06.064Z
G03,98,add,Doing,G03-A13,2026-05-07T18:14:09.179Z
G03,98,remove,Backlog,G03-A13,2026-05-07T18:14:09.179Z
G03,98,add,Waiting Review,G03-A13,2026-05-07T18:39:51.774Z
G03,98,remove,Doing,G03-A13,2026-05-07T18:39:51.774Z
G03,98,add,Review,G03-A15,2026-05-12T01:48:41.203Z
G03,98,remove,Waiting Review,G03-A15,2026-05-12T01:48:41.203Z
G03,98,remove,Review,G03-A15,2026-05-12T01:54:31.653Z
G03,99,add,DESIGN,G03-A13,2026-05-07T14:18:37.805Z
G03,99,add,size_P,G03-A13,2026-05-07T14:18:37.805Z
G03,99,add,ART.4,G03-A13,2026-05-07T14:18:37.805Z
G03,99,add,Backlog,G03-A19,2026-05-07T17:47:37.307Z
G03,99,add,Doing,G03-A19,2026-05-07T17:47:48.077Z
G03,99,remove,Backlog,G03-A19,2026-05-07T17:47:48.077Z
G03,99,add,Waiting Review,G03-A19,2026-05-07T18:58:23.134Z
G03,99,remove,Doing,G03-A19,2026-05-07T18:58:23.134Z
G03,99,add,Review,G03-A15,2026-05-12T01:44:10.038Z
G03,99,remove,Waiting Review,G03-A15,2026-05-12T01:44:10.038Z
G03,99,remove,Review,G03-A15,2026-05-12T01:48:35.774Z
G03,100,add,Backlog,G03-A15,2026-05-07T17:31:27.673Z
G03,100,add,DESIGN,G03-A15,2026-05-07T17:31:49.257Z
G03,100,add,size_M,G03-A15,2026-05-07T17:31:49.257Z
G03,100,add,ART.4,G03-A15,2026-05-07T17:31:49.257Z
G03,100,add,Doing,G03-A15,2026-05-07T17:32:22.477Z
G03,100,remove,Backlog,G03-A15,2026-05-07T17:32:22.477Z
G03,100,add,Waiting Review,G03-A15,2026-05-07T18:12:26.791Z
G03,100,remove,Doing,G03-A15,2026-05-07T18:12:26.791Z
G03,100,add,Review,G03-A12,2026-05-12T17:31:49.079Z
G03,100,remove,Waiting Review,G03-A12,2026-05-12T17:31:49.079Z
G03,100,remove,Review,G03-A12,2026-05-12T17:34:54.437Z
G03,101,add,Backlog,G03-A15,2026-05-07T18:21:45.918Z
G03,101,add,DESIGN,G03-A15,2026-05-07T18:22:08.786Z
G03,101,add,size_P,G03-A15,2026-05-07T18:22:08.786Z
G03,101,add,ART.4,G03-A15,2026-05-07T18:22:14.666Z
G03,101,add,Doing,G03-A15,2026-05-07T18:42:37.690Z
G03,101,remove,Backlog,G03-A15,2026-05-07T18:42:37.690Z
G03,101,add,Waiting Review,G03-A15,2026-05-07T19:01:14.684Z
G03,101,remove,Doing,G03-A15,2026-05-07T19:01:14.684Z
G03,101,add,Review,G03-A12,2026-05-12T17:35:12.364Z
G03,101,remove,Waiting Review,G03-A12,2026-05-12T17:35:12.364Z
G03,101,remove,Review,G03-A12,2026-05-12T17:39:31.604Z
G03,102,add,Backlog,G03-A15,2026-05-11T17:20:25.546Z
G03,102,add,DESIGN,G03-A15,2026-05-11T17:20:59.536Z
G03,102,add,size_P,G03-A15,2026-05-11T17:20:59.536Z
G03,102,add,ART.4,G03-A15,2026-05-11T17:20:59.536Z
G03,102,add,Doing,G03-A15,2026-05-11T17:22:19.012Z
G03,102,remove,Backlog,G03-A15,2026-05-11T17:22:19.012Z
G03,102,add,Waiting Review,G03-A15,2026-05-11T17:31:08.811Z
G03,102,remove,Doing,G03-A15,2026-05-11T17:31:08.811Z
G03,102,add,Review,G03-A12,2026-05-12T17:39:37.836Z
G03,102,remove,Waiting Review,G03-A12,2026-05-12T17:39:37.836Z
G03,102,remove,Review,G03-A12,2026-05-12T17:41:26.107Z
G03,103,add,ART.4,G03-A15,2026-05-11T17:22:01.670Z
G03,103,add,Backlog,G03-A15,2026-05-11T17:22:01.670Z
G03,103,add,DESIGN,G03-A15,2026-05-11T17:22:01.670Z
G03,103,add,size_P,G03-A15,2026-05-11T17:22:01.670Z
G03,103,remove,size_P,G03-A15,2026-05-11T17:39:02.240Z
G03,103,add,size_PP,G03-A15,2026-05-11T17:39:08.207Z
G03,103,add,Doing,G03-A15,2026-05-11T17:39:25.076Z
G03,103,remove,Backlog,G03-A15,2026-05-11T17:39:25.076Z
G03,103,add,Waiting Review,G03-A15,2026-05-11T17:44:41.110Z
G03,103,remove,Doing,G03-A15,2026-05-11T17:44:41.110Z
G03,103,add,Review,G03-A12,2026-05-12T17:41:32.503Z
G03,103,remove,Waiting Review,G03-A12,2026-05-12T17:41:32.503Z
G03,103,remove,Review,G03-A12,2026-05-12T17:42:02.714Z
G03,104,add,ART.4,G03-A15,2026-05-11T17:38:20.313Z
G03,104,add,Backlog,G03-A15,2026-05-11T17:38:20.313Z
G03,104,add,DESIGN,G03-A15,2026-05-11T17:38:20.313Z
G03,104,add,size_P,G03-A15,2026-05-11T17:38:20.313Z
G03,104,remove,size_P,G03-A15,2026-05-11T17:46:11.125Z
G03,104,add,size_PP,G03-A15,2026-05-11T17:46:20.867Z
G03,104,add,Doing,G03-A15,2026-05-11T17:46:28.684Z
G03,104,remove,Backlog,G03-A15,2026-05-11T17:46:28.684Z
G03,104,add,Waiting Review,G03-A15,2026-05-11T17:55:47.284Z
G03,104,remove,Doing,G03-A15,2026-05-11T17:55:47.284Z
G03,104,add,Review,G03-A12,2026-05-12T17:43:08.089Z
G03,104,remove,Waiting Review,G03-A12,2026-05-12T17:43:08.089Z
G03,104,remove,Review,G03-A12,2026-05-12T17:45:25.109Z
G03,105,add,ART.4,G03-A15,2026-05-11T17:45:26.410Z
G03,105,add,Backlog,G03-A15,2026-05-11T17:45:26.410Z
G03,105,add,DESIGN,G03-A15,2026-05-11T17:45:26.410Z
G03,105,add,size_P,G03-A15,2026-05-11T17:45:26.410Z
G03,105,remove,size_P,G03-A15,2026-05-11T17:56:52.651Z
G03,105,add,size_PP,G03-A15,2026-05-11T17:56:58.439Z
G03,105,add,Doing,G03-A15,2026-05-11T17:57:05.951Z
G03,105,remove,Backlog,G03-A15,2026-05-11T17:57:05.951Z
G03,105,add,Waiting Review,G03-A15,2026-05-11T18:06:58.654Z
G03,105,remove,Doing,G03-A15,2026-05-11T18:06:58.654Z
G03,105,add,Review,G03-A12,2026-05-12T17:45:58.857Z
G03,105,remove,Waiting Review,G03-A12,2026-05-12T17:45:58.857Z
G03,105,remove,Review,G03-A12,2026-05-12T17:49:06.498Z
G03,106,add,ART.4,G03-A15,2026-05-11T17:56:13.113Z
G03,106,add,Backlog,G03-A15,2026-05-11T17:56:13.113Z
G03,106,add,DESIGN,G03-A15,2026-05-11T17:56:13.113Z
G03,106,add,size_P,G03-A15,2026-05-11T17:56:13.113Z
G03,106,remove,size_P,G03-A15,2026-05-11T18:26:58.921Z
G03,106,add,size_PP,G03-A15,2026-05-11T18:27:03.022Z
G03,106,add,Doing,G03-A15,2026-05-11T18:27:11.320Z
G03,106,remove,Backlog,G03-A15,2026-05-11T18:27:11.320Z
G03,106,add,Waiting Review,G03-A15,2026-05-11T18:34:49.605Z
G03,106,remove,Doing,G03-A15,2026-05-11T18:34:49.605Z
G03,106,add,Review,G03-A12,2026-05-11T18:36:16.730Z
G03,106,remove,Waiting Review,G03-A12,2026-05-11T18:36:16.730Z
G03,106,remove,Review,G03-A12,2026-05-11T18:59:12.131Z
G03,107,add,ART.4,G03-A15,2026-05-11T18:26:11.968Z
G03,107,add,Backlog,G03-A15,2026-05-11T18:26:11.968Z
G03,107,add,DESIGN,G03-A15,2026-05-11T18:26:11.968Z
G03,107,add,size_P,G03-A15,2026-05-11T18:26:11.968Z
G03,107,remove,size_P,G03-A15,2026-05-11T18:42:08.712Z
G03,107,add,size_PP,G03-A15,2026-05-11T18:42:14.283Z
G03,107,add,Doing,G03-A15,2026-05-11T18:42:27.946Z
G03,107,remove,Backlog,G03-A15,2026-05-11T18:42:27.946Z
G03,107,add,Waiting Review,G03-A15,2026-05-11T18:47:21.740Z
G03,107,remove,Doing,G03-A15,2026-05-11T18:47:21.740Z
G03,107,add,Review,G03-A12,2026-05-12T17:49:11.177Z
G03,107,remove,Waiting Review,G03-A12,2026-05-12T17:49:11.177Z
G03,107,remove,Review,G03-A12,2026-05-12T17:51:34.619Z
G03,108,add,DESIGN,G03-A19,2026-05-11T18:35:07.712Z
G03,108,add,size_P,G03-A19,2026-05-11T18:35:07.712Z
G03,108,add,ART.4,G03-A19,2026-05-11T18:35:07.712Z
G03,108,add,Backlog,G03-A19,2026-05-11T18:35:14.414Z
G03,108,add,Doing,G03-A19,2026-05-11T19:03:40.243Z
G03,108,remove,Backlog,G03-A19,2026-05-11T19:03:40.243Z
G03,108,add,Waiting Review,G03-A19,2026-05-12T11:45:33.537Z
G03,108,remove,Doing,G03-A19,2026-05-12T11:45:33.537Z
G03,108,add,Review,G03-A15,2026-05-16T00:12:58.923Z
G03,108,remove,Waiting Review,G03-A15,2026-05-16T00:12:58.923Z
G03,108,remove,Review,G03-A19,2026-05-16T00:46:52.976Z
G03,109,add,ART.4,G03-A15,2026-05-11T18:39:52.857Z
G03,109,add,Backlog,G03-A15,2026-05-11T18:39:52.857Z
G03,109,add,DESIGN,G03-A15,2026-05-11T18:39:52.857Z
G03,109,add,size_P,G03-A15,2026-05-11T18:39:52.857Z
G03,109,remove,size_P,G03-A15,2026-05-11T18:53:42.624Z
G03,109,add,size_PP,G03-A15,2026-05-11T18:53:49.386Z
G03,109,add,Doing,G03-A15,2026-05-11T18:53:53.561Z
G03,109,remove,Backlog,G03-A15,2026-05-11T18:53:53.561Z
G03,109,add,Waiting Review,G03-A15,2026-05-11T18:58:39.439Z
G03,109,remove,Doing,G03-A15,2026-05-11T18:58:39.439Z
G03,109,add,Review,G03-A12,2026-05-12T18:07:42.520Z
G03,109,remove,Waiting Review,G03-A12,2026-05-12T18:07:42.520Z
G03,109,remove,Review,G03-A12,2026-05-12T18:20:28.552Z
G03,110,add,ART.4,G03-A15,2026-05-11T18:53:16.116Z
G03,110,add,Backlog,G03-A15,2026-05-11T18:53:16.116Z
G03,110,add,DESIGN,G03-A15,2026-05-11T18:53:16.116Z
G03,110,add,size_P,G03-A15,2026-05-11T18:53:16.116Z
G03,110,remove,size_P,G03-A15,2026-05-12T01:40:14.914Z
G03,110,add,size_PP,G03-A15,2026-05-12T01:40:20.904Z
G03,110,add,Doing,G03-A15,2026-05-12T01:44:17.966Z
G03,110,remove,Backlog,G03-A15,2026-05-12T01:44:17.966Z
G03,110,add,Waiting Review,G03-A15,2026-05-12T01:49:53.001Z
G03,110,remove,Doing,G03-A15,2026-05-12T01:49:53.001Z
G03,110,add,Review,G03-A12,2026-05-12T18:20:36.969Z
G03,110,remove,Waiting Review,G03-A12,2026-05-12T18:20:36.969Z
G03,110,remove,Review,G03-A12,2026-05-12T18:24:50.369Z
G03,111,add,ART.5,G03-A16,2026-05-11T18:56:02.681Z
G03,111,add,size_P,G03-A16,2026-05-11T18:56:28.876Z
G03,111,add,Backlog,G03-A16,2026-05-12T00:25:37.798Z
G03,111,add,Doing,G03-A16,2026-05-12T00:25:56.430Z
G03,111,remove,Backlog,G03-A16,2026-05-12T00:25:56.430Z
G03,111,add,Waiting Review,G03-A16,2026-05-12T00:48:17.080Z
G03,111,remove,Doing,G03-A16,2026-05-12T00:48:17.080Z
G03,111,add,Review,G03-A18,2026-05-15T23:01:06.785Z
G03,111,remove,Waiting Review,G03-A18,2026-05-15T23:01:06.785Z
G03,111,remove,Review,G03-A18,2026-05-15T23:36:34.600Z
G03,112,add,DOCUMENTATION,G03-A16,2026-05-12T00:31:33.508Z
G03,112,add,size_M,G03-A16,2026-05-12T00:31:33.508Z
G03,112,add,ART.5,G03-A16,2026-05-12T00:31:33.508Z
G03,112,add,Backlog,G03-A16,2026-05-12T00:31:47.472Z
G03,112,add,Doing,G03-A16,2026-05-12T00:31:50.577Z
G03,112,remove,Backlog,G03-A16,2026-05-12T00:31:50.577Z
G03,112,add,Waiting Review,G03-A16,2026-05-12T00:52:01.320Z
G03,112,remove,Doing,G03-A16,2026-05-12T00:52:01.320Z
G03,112,add,Doing,G03-A16,2026-05-12T00:52:03.617Z
G03,112,remove,Waiting Review,G03-A16,2026-05-12T00:52:03.617Z
G03,112,add,Waiting Review,G03-A16,2026-05-12T01:11:40.315Z
G03,112,remove,Doing,G03-A16,2026-05-12T01:11:40.315Z
G03,112,remove,Waiting Review,G03-A12,2026-05-12T02:39:53.769Z
G03,112,add,Review,G03-A12,2026-05-12T02:40:00.039Z
G03,112,remove,Review,G03-A12,2026-05-12T03:18:05.069Z
G03,113,add,Backlog,G03-A12,2026-05-12T01:18:51.220Z
G03,113,add,DOCUMENTATION,G03-A12,2026-05-12T01:19:10.698Z
G03,113,add,size_M,G03-A12,2026-05-12T01:19:10.698Z
G03,113,add,ART.5,G03-A12,2026-05-12T01:19:10.698Z
G03,113,add,Doing,G03-A12,2026-05-12T01:19:42.364Z
G03,113,remove,Backlog,G03-A12,2026-05-12T01:19:42.364Z
G03,113,add,Waiting Review,G03-A12,2026-05-12T01:57:44.214Z
G03,113,remove,Doing,G03-A12,2026-05-12T01:57:44.214Z
G03,113,add,Review,G03-A18,2026-05-12T17:50:02.226Z
G03,113,remove,Waiting Review,G03-A18,2026-05-12T17:50:02.226Z
G03,113,remove,Review,G03-A18,2026-05-12T18:14:51.332Z
G03,114,add,Backlog,G03-A15,2026-05-12T01:56:19.603Z
G03,114,add,DESIGN,G03-A15,2026-05-12T01:56:37.862Z
G03,114,add,size_PP,G03-A15,2026-05-12T01:56:37.862Z
G03,114,add,ART.4,G03-A15,2026-05-12T01:56:37.862Z
G03,114,add,Doing,G03-A15,2026-05-12T01:57:01.323Z
G03,114,remove,Backlog,G03-A15,2026-05-12T01:57:01.323Z
G03,114,add,Waiting Review,G03-A15,2026-05-12T02:03:24.957Z
G03,114,remove,Doing,G03-A15,2026-05-12T02:03:24.957Z
G03,114,add,Review,G03-A12,2026-05-12T17:21:52.965Z
G03,114,remove,Waiting Review,G03-A12,2026-05-12T17:21:52.965Z
G03,114,remove,Review,G03-A12,2026-05-12T17:23:41.756Z
G03,115,add,DOCUMENTATION,G03-A13,2026-05-12T13:20:37.721Z
G03,115,add,size_P,G03-A13,2026-05-12T13:20:37.721Z
G03,115,add,ART.1,G03-A13,2026-05-12T13:20:37.721Z
G03,115,add,Backlog,G03-A13,2026-05-12T13:38:17.810Z
G03,115,add,Doing,G03-A13,2026-05-12T13:38:20.830Z
G03,115,remove,Backlog,G03-A13,2026-05-12T13:38:20.830Z
G03,115,add,Waiting Review,G03-A13,2026-05-12T17:49:48.731Z
G03,115,remove,Doing,G03-A13,2026-05-12T17:49:48.731Z
G03,115,add,Review,G03-A18,2026-05-12T18:15:15.122Z
G03,115,remove,Waiting Review,G03-A18,2026-05-12T18:15:15.122Z
G03,115,remove,Review,G03-A18,2026-05-12T18:55:22.950Z
G03,116,add,DOCUMENTATION,G03-A14,2026-05-12T17:08:09.506Z
G03,116,add,size_P,G03-A14,2026-05-12T17:08:09.506Z
G03,116,add,ART.5,G03-A14,2026-05-12T17:08:09.506Z
G03,116,add,Backlog,G03-A14,2026-05-12T17:09:01.974Z
G03,116,add,Doing,G03-A14,2026-05-12T17:09:03.103Z
G03,116,remove,Backlog,G03-A14,2026-05-12T17:09:03.103Z
G03,116,add,Waiting Review,G03-A14,2026-05-12T17:34:00.114Z
G03,116,remove,Doing,G03-A14,2026-05-12T17:34:00.114Z
G03,116,add,Review,G03-A18,2026-05-13T17:42:10.460Z
G03,116,remove,Waiting Review,G03-A18,2026-05-13T17:42:10.460Z
G03,116,remove,Review,G03-A18,2026-05-14T00:29:32.792Z
G03,117,add,DOCUMENTATION,G03-A16,2026-05-12T17:10:40.527Z
G03,117,add,size_P,G03-A16,2026-05-12T17:10:40.527Z
G03,117,add,ART.5,G03-A16,2026-05-12T17:10:40.527Z
G03,117,add,Backlog,G03-A16,2026-05-12T17:11:06.918Z
G03,117,add,Doing,G03-A16,2026-05-12T17:13:00.810Z
G03,117,remove,Backlog,G03-A16,2026-05-12T17:13:00.810Z
G03,117,add,Waiting Review,G03-A16,2026-05-12T18:17:03.895Z
G03,117,remove,Doing,G03-A16,2026-05-12T18:17:03.895Z
G03,117,add,Review,G03-A18,2026-05-15T23:01:03.721Z
G03,117,remove,Waiting Review,G03-A18,2026-05-15T23:01:03.721Z
G03,117,remove,Review,G03-A18,2026-05-15T23:36:37.389Z
G03,118,add,Backlog,G03-A15,2026-05-12T17:41:30.285Z
G03,118,add,DESIGN,G03-A15,2026-05-12T17:41:55.466Z
G03,118,add,size_M,G03-A15,2026-05-12T17:41:55.466Z
G03,118,add,ART.4,G03-A15,2026-05-12T17:42:01.496Z
G03,118,add,Doing,G03-A15,2026-05-12T17:43:40.378Z
G03,118,remove,Backlog,G03-A15,2026-05-12T17:43:40.378Z
G03,118,add,Waiting Review,G03-A15,2026-05-12T17:59:40.301Z
G03,118,remove,Doing,G03-A15,2026-05-12T17:59:40.301Z
G03,118,add,Review,G03-A12,2026-05-12T18:25:29.348Z
G03,118,remove,Waiting Review,G03-A12,2026-05-12T18:25:29.348Z
G03,118,remove,Review,G03-A12,2026-05-12T18:26:20.203Z
G03,119,add,Backlog,G03-A15,2026-05-12T18:00:22.353Z
G03,119,add,DESIGN,G03-A15,2026-05-12T18:00:36.373Z
G03,119,add,size_P,G03-A15,2026-05-12T18:00:36.373Z
G03,119,add,ART.4,G03-A15,2026-05-12T18:00:36.373Z
G03,119,add,Doing,G03-A15,2026-05-12T18:00:58.803Z
G03,119,remove,Backlog,G03-A15,2026-05-12T18:00:58.803Z
G03,119,add,Waiting Review,G03-A15,2026-05-12T18:13:14.215Z
G03,119,remove,Doing,G03-A15,2026-05-12T18:13:14.215Z
G03,119,add,Review,G03-A12,2026-05-12T18:31:39.409Z
G03,119,remove,Waiting Review,G03-A12,2026-05-12T18:31:39.409Z
G03,119,remove,Review,G03-A12,2026-05-12T18:43:19.740Z
G03,120,add,Backlog,G03-A15,2026-05-12T18:06:41.108Z
G03,120,add,DESIGN,G03-A15,2026-05-12T18:06:52.877Z
G03,120,add,size_PP,G03-A15,2026-05-12T18:06:52.877Z
G03,120,add,ART.4,G03-A15,2026-05-12T18:06:52.877Z
G03,120,add,Doing,G03-A15,2026-05-12T18:13:16.448Z
G03,120,remove,Backlog,G03-A15,2026-05-12T18:13:16.448Z
G03,120,add,Waiting Review,G03-A15,2026-05-12T18:18:04.121Z
G03,120,remove,Doing,G03-A15,2026-05-12T18:18:04.121Z
G03,120,add,Review,G03-A12,2026-05-12T18:43:22.468Z
G03,120,remove,Waiting Review,G03-A12,2026-05-12T18:43:22.468Z
G03,120,remove,Review,G03-A12,2026-05-12T18:44:07.336Z
G03,121,add,DESIGN,G03-A16,2026-05-12T18:10:55.769Z
G03,121,add,size_P,G03-A16,2026-05-12T18:10:55.769Z
G03,121,add,Doing,G03-A16,2026-05-12T18:17:39.336Z
G03,121,add,Waiting Review,G03-A16,2026-05-12T18:56:03.250Z
G03,121,remove,Doing,G03-A16,2026-05-12T18:56:03.250Z
G03,121,add,Review,G03-A19,2026-05-15T13:10:51.826Z
G03,121,remove,Waiting Review,G03-A19,2026-05-15T13:10:51.826Z
G03,121,remove,Review,G03-A19,2026-05-15T13:51:34.398Z
G03,122,add,Backlog,G03-A15,2026-05-12T18:24:39.419Z
G03,122,remove,Backlog,G03-A15,2026-05-12T18:24:43.351Z
G03,122,add,DESIGN,G03-A15,2026-05-12T18:24:53.071Z
G03,122,add,size_PP,G03-A15,2026-05-12T18:24:53.071Z
G03,122,add,ART.4,G03-A15,2026-05-12T18:24:53.071Z
G03,122,add,Backlog,G03-A15,2026-05-12T18:27:19.074Z
G03,122,add,Doing,G03-A15,2026-05-12T18:27:21.509Z
G03,122,remove,Backlog,G03-A15,2026-05-12T18:27:21.509Z
G03,122,add,Waiting Review,G03-A15,2026-05-12T18:30:33.685Z
G03,122,remove,Doing,G03-A15,2026-05-12T18:30:33.685Z
G03,122,add,Review,G03-A12,2026-05-12T18:44:10.286Z
G03,122,remove,Waiting Review,G03-A12,2026-05-12T18:44:10.286Z
G03,122,remove,Review,G03-A12,2026-05-12T18:45:10.965Z
G03,123,add,Backlog,G03-A15,2026-05-12T18:26:03.721Z
G03,123,remove,Backlog,G03-A15,2026-05-12T18:26:08.336Z
G03,123,add,DESIGN,G03-A15,2026-05-12T18:26:52.663Z
G03,123,add,size_PP,G03-A15,2026-05-12T18:26:52.663Z
G03,123,add,ART.4,G03-A15,2026-05-12T18:26:52.663Z
G03,123,remove,size_PP,G03-A15,2026-05-12T19:06:19.735Z
G03,123,add,size_PP,G03-A15,2026-05-12T19:06:29.585Z
G03,123,add,Backlog,G03-A15,2026-05-12T19:06:32.057Z
G03,123,add,Doing,G03-A15,2026-05-12T19:06:34.227Z
G03,123,remove,Backlog,G03-A15,2026-05-12T19:06:34.227Z
G03,123,add,Waiting Review,G03-A15,2026-05-12T19:11:01.522Z
G03,123,remove,Doing,G03-A15,2026-05-12T19:11:01.522Z
G03,123,add,Review,G03-A12,2026-05-12T22:45:18.589Z
G03,123,remove,Waiting Review,G03-A12,2026-05-12T22:45:18.589Z
G03,123,remove,Review,G03-A12,2026-05-12T22:47:46.330Z
G03,124,add,DOCUMENTATION,G03-A15,2026-05-13T17:13:44.210Z
G03,124,add,size_P,G03-A15,2026-05-13T17:13:44.210Z
G03,124,add,ART.4,G03-A15,2026-05-13T17:13:44.210Z
G03,124,add,Backlog,G03-A15,2026-05-13T17:14:16.006Z
G03,124,add,Doing,G03-A15,2026-05-13T17:14:29.929Z
G03,124,remove,Backlog,G03-A15,2026-05-13T17:14:29.929Z
G03,124,add,Waiting Review,G03-A15,2026-05-13T17:21:28.410Z
G03,124,remove,Doing,G03-A15,2026-05-13T17:21:28.410Z
G03,124,add,Review,G03-A12,2026-05-14T03:06:38.527Z
G03,124,remove,Waiting Review,G03-A12,2026-05-14T03:06:38.527Z
G03,124,remove,Review,G03-A12,2026-05-14T21:11:35.794Z
G03,125,add,DESIGN,G03-A16,2026-05-13T17:14:23.158Z
G03,125,add,size_P,G03-A16,2026-05-13T17:14:23.158Z
G03,125,add,Doing,G03-A16,2026-05-13T17:14:42.425Z
G03,125,add,Waiting Review,G03-A16,2026-05-13T18:53:55.253Z
G03,125,remove,Doing,G03-A16,2026-05-13T18:53:55.253Z
G03,125,add,Review,G03-A15,2026-05-14T00:48:35.552Z
G03,125,remove,Waiting Review,G03-A15,2026-05-14T00:48:35.552Z
G03,125,remove,Review,G03-A15,2026-05-14T00:55:55.850Z
G03,126,add,Backlog,G03-A12,2026-05-13T19:05:47.349Z
G03,126,add,DOCUMENTATION,G03-A12,2026-05-13T19:06:44.253Z
G03,126,add,size_PP,G03-A12,2026-05-13T19:06:44.253Z
G03,126,add,ART.5,G03-A12,2026-05-13T19:06:44.253Z
G03,126,add,Doing,G03-A12,2026-05-13T19:06:58.744Z
G03,126,remove,Backlog,G03-A12,2026-05-13T19:06:58.744Z
G03,126,add,Waiting Review,G03-A12,2026-05-14T00:25:28.893Z
G03,126,remove,Doing,G03-A12,2026-05-14T00:25:28.893Z
G03,126,add,Review,G03-A15,2026-05-14T00:31:08.593Z
G03,126,remove,Waiting Review,G03-A15,2026-05-14T00:31:08.593Z
G03,126,remove,Review,G03-A15,2026-05-14T00:45:57.100Z
G03,127,add,DOCUMENTATION,G03-A14,2026-05-14T17:03:47.509Z
G03,127,add,size_M,G03-A14,2026-05-14T17:03:47.509Z
G03,127,add,ART.5,G03-A14,2026-05-14T17:03:47.509Z
G03,127,add,Backlog,G03-A14,2026-05-14T17:03:50.569Z
G03,127,add,Doing,G03-A14,2026-05-14T17:03:54.779Z
G03,127,remove,Backlog,G03-A14,2026-05-14T17:03:54.779Z
G03,127,add,Waiting Review,G03-A14,2026-05-18T17:04:27.889Z
G03,127,remove,Doing,G03-A14,2026-05-18T17:04:27.889Z
G03,127,add,Review,G03-A15,2026-05-18T18:49:44.969Z
G03,127,remove,Waiting Review,G03-A15,2026-05-18T18:49:44.969Z
G03,127,remove,Review,G03-A15,2026-05-19T12:39:29.478Z
G03,128,add,ART.4,G03-A12,2026-05-14T17:25:02.428Z
G03,128,add,Backlog,G03-A12,2026-05-14T17:25:02.428Z
G03,128,add,DOCUMENTATION,G03-A12,2026-05-14T17:25:02.428Z
G03,128,add,size_PP,G03-A12,2026-05-14T17:25:02.428Z
G03,128,remove,size_PP,G03-A12,2026-05-14T17:32:31.013Z
G03,128,add,size_P,G03-A12,2026-05-14T17:32:39.117Z
G03,128,add,Doing,G03-A12,2026-05-14T17:34:46.771Z
G03,128,remove,Backlog,G03-A12,2026-05-14T17:34:46.771Z
G03,128,add,Waiting Review,G03-A12,2026-05-14T18:48:59.255Z
G03,128,remove,Doing,G03-A12,2026-05-14T18:48:59.255Z
G03,128,add,Review,G03-A18,2026-05-15T21:41:53.186Z
G03,128,remove,Waiting Review,G03-A18,2026-05-15T21:41:53.186Z
G03,128,remove,Review,G03-A18,2026-05-15T22:52:52.012Z
G03,129,add,DESIGN,G03-A16,2026-05-14T17:33:31.779Z
G03,129,add,size_P,G03-A16,2026-05-14T17:33:31.779Z
G03,129,add,Doing,G03-A16,2026-05-14T17:33:51.739Z
G03,129,add,Waiting Review,G03-A16,2026-05-14T18:49:06.081Z
G03,129,remove,Doing,G03-A16,2026-05-14T18:49:06.081Z
G03,129,add,Review,G03-A19,2026-05-15T13:10:49.949Z
G03,129,remove,Waiting Review,G03-A19,2026-05-15T13:10:49.949Z
G03,129,remove,Review,G03-A19,2026-05-15T13:51:35.669Z
G03,130,add,ART.1,G03-A13,2026-05-14T18:44:17.456Z
G03,130,add,DOCUMENTATION,G03-A13,2026-05-14T18:44:38.192Z
G03,130,add,size_P,G03-A13,2026-05-14T18:44:38.192Z
G03,130,add,Backlog,G03-A13,2026-05-15T18:44:41.032Z
G03,130,add,Doing,G03-A13,2026-05-15T18:44:47.022Z
G03,130,remove,Backlog,G03-A13,2026-05-15T18:44:47.022Z
G03,130,add,Waiting Review,G03-A13,2026-05-15T18:56:38.890Z
G03,130,remove,Doing,G03-A13,2026-05-15T18:56:38.890Z
G03,130,add,Review,G03-A19,2026-05-15T21:03:28.841Z
G03,130,remove,Waiting Review,G03-A19,2026-05-15T21:03:28.841Z
G03,130,remove,Review,G03-A19,2026-05-16T00:50:19.098Z
G03,131,add,DOCUMENTATION,G03-A13,2026-05-14T18:45:57.335Z
G03,131,add,size_P,G03-A13,2026-05-14T18:45:57.335Z
G03,131,add,ART.1,G03-A13,2026-05-14T18:45:57.335Z
G03,131,add,Backlog,G03-A13,2026-05-15T18:44:39.466Z
G03,131,add,Doing,G03-A13,2026-05-15T18:44:45.582Z
G03,131,remove,Backlog,G03-A13,2026-05-15T18:44:45.582Z
G03,131,add,Waiting Review,G03-A13,2026-05-15T18:56:35.417Z
G03,131,remove,Doing,G03-A13,2026-05-15T18:56:35.417Z
G03,131,add,Review,G03-A19,2026-05-15T21:03:30.041Z
G03,131,remove,Waiting Review,G03-A19,2026-05-15T21:03:30.041Z
G03,131,remove,Review,G03-A19,2026-05-16T00:50:20.872Z
G03,132,add,DOCUMENTATION,G03-A16,2026-05-15T02:05:25.378Z
G03,132,add,size_P,G03-A16,2026-05-15T02:05:25.378Z
G03,132,add,ART.5,G03-A16,2026-05-15T02:05:25.378Z
G03,132,add,Doing,G03-A16,2026-05-15T02:05:35.348Z
G03,132,add,Waiting Review,G03-A16,2026-05-15T02:29:06.030Z
G03,132,remove,Doing,G03-A16,2026-05-15T02:29:06.030Z
G03,132,add,Review,G03-A18,2026-05-15T23:00:57.618Z
G03,132,remove,Waiting Review,G03-A18,2026-05-15T23:00:57.618Z
G03,132,remove,Review,G03-A18,2026-05-15T23:36:40.955Z
G03,133,add,Backlog,G03-A18,2026-05-15T21:38:14.351Z
G03,133,add,DOCUMENTATION,G03-A18,2026-05-15T21:38:49.887Z
G03,133,add,size_P,G03-A18,2026-05-15T21:38:49.887Z
G03,133,add,ART.5,G03-A18,2026-05-15T21:38:49.887Z
G03,133,add,Doing,G03-A18,2026-05-15T21:39:02.596Z
G03,133,remove,Backlog,G03-A18,2026-05-15T21:39:02.596Z
G03,133,add,Waiting Review,G03-A18,2026-05-15T22:52:47.296Z
G03,133,remove,Doing,G03-A18,2026-05-15T22:52:47.296Z
G03,133,add,Review,G03-A12,2026-05-15T23:01:30.361Z
G03,133,remove,Waiting Review,G03-A12,2026-05-15T23:01:30.361Z
G03,133,remove,Review,G03-A12,2026-05-15T23:05:48.685Z
G03,134,add,Backlog,G03-A18,2026-05-15T22:53:48.942Z
G03,134,add,DOCUMENTATION,G03-A18,2026-05-15T22:54:25.877Z
G03,134,add,size_P,G03-A18,2026-05-15T22:54:25.877Z
G03,134,add,ART.5,G03-A18,2026-05-15T22:54:25.877Z
G03,134,add,Doing,G03-A18,2026-05-15T22:54:45.990Z
G03,134,remove,Backlog,G03-A18,2026-05-15T22:54:45.990Z
G03,134,add,Waiting Review,G03-A12,2026-05-15T23:24:29.877Z
G03,134,remove,Doing,G03-A12,2026-05-15T23:24:29.877Z
G03,134,add,Review,G03-A12,2026-05-15T23:34:52.246Z
G03,134,remove,Waiting Review,G03-A12,2026-05-15T23:34:52.246Z
G03,134,add,Waiting Review,G03-A18,2026-05-15T23:36:20.993Z
G03,134,remove,Waiting Review,G03-A18,2026-05-15T23:37:02.595Z
G03,134,remove,Review,G03-A12,2026-05-15T23:37:52.053Z
G03,135,add,DOCUMENTATION,G03-A15,2026-05-15T23:30:12.599Z
G03,135,add,size_P,G03-A15,2026-05-15T23:30:12.599Z
G03,135,add,ART.5,G03-A15,2026-05-15T23:30:12.599Z
G03,135,add,Backlog,G03-A15,2026-05-15T23:30:21.342Z
G03,135,add,Doing,G03-A15,2026-05-15T23:32:00.391Z
G03,135,remove,Backlog,G03-A15,2026-05-15T23:32:00.391Z
G03,135,add,Waiting Review,G03-A15,2026-05-16T00:12:48.874Z
G03,135,remove,Doing,G03-A15,2026-05-16T00:12:48.874Z
G03,135,add,Review,G03-A18,2026-05-16T00:23:04.952Z
G03,135,remove,Waiting Review,G03-A18,2026-05-16T00:23:04.952Z
G03,135,remove,Review,G03-A18,2026-05-16T00:39:01.850Z
G03,136,add,CODE,G03-A15,2026-05-16T00:24:23.188Z
G03,136,add,size_PP,G03-A15,2026-05-16T00:24:23.188Z
G03,136,add,ART.5,G03-A15,2026-05-16T00:24:23.188Z
G03,136,add,Backlog,G03-A15,2026-05-16T00:24:38.330Z
G03,136,add,Doing,G03-A15,2026-05-16T00:24:40.845Z
G03,136,remove,Backlog,G03-A15,2026-05-16T00:24:40.845Z
G03,136,add,Waiting Review,G03-A15,2026-05-16T00:30:33.658Z
G03,136,remove,Doing,G03-A15,2026-05-16T00:30:33.658Z
G03,136,add,Review,G03-A18,2026-05-16T00:39:13.936Z
G03,136,remove,Waiting Review,G03-A18,2026-05-16T00:39:13.936Z
G03,136,remove,Review,G03-A18,2026-05-16T00:58:36.633Z
G03,137,add,Backlog,G03-A18,2026-05-16T02:11:08.906Z
G03,137,add,DOCUMENTATION,G03-A18,2026-05-16T02:11:34.411Z
G03,137,add,size_P,G03-A18,2026-05-16T02:11:34.411Z
G03,137,add,ART.5,G03-A18,2026-05-16T02:11:34.411Z
G03,137,add,Doing,G03-A18,2026-05-16T02:11:38.251Z
G03,137,remove,Backlog,G03-A18,2026-05-16T02:11:38.251Z
G03,137,add,Waiting Review,G03-A18,2026-05-16T02:54:28.378Z
G03,137,remove,Doing,G03-A18,2026-05-16T02:54:28.378Z
G03,137,add,Review,G03-A12,2026-05-16T02:59:09.626Z
G03,137,remove,Waiting Review,G03-A12,2026-05-16T02:59:09.626Z
G03,137,remove,Review,G03-A12,2026-05-16T02:59:12.954Z
G03,138,add,DOCUMENTATION,G03-A14,2026-05-18T17:06:30.000Z
G03,138,add,size_P,G03-A14,2026-05-18T17:06:30.000Z
G03,138,add,ART.6,G03-A14,2026-05-18T17:06:30.000Z
G03,138,add,Backlog,G03-A14,2026-05-18T17:09:58.315Z
G03,138,add,Doing,G03-A14,2026-05-18T17:49:53.761Z
G03,138,remove,Backlog,G03-A14,2026-05-18T17:49:53.761Z
G03,138,add,Waiting Review,G03-A14,2026-05-18T19:02:24.335Z
G03,138,remove,Doing,G03-A14,2026-05-18T19:02:24.335Z
G03,138,add,Review,G03-A13,2026-05-26T17:18:54.451Z
G03,138,remove,Waiting Review,G03-A13,2026-05-26T17:18:54.451Z
G03,138,remove,Review,G03-A13,2026-05-27T17:47:58.156Z
G03,139,add,DOCUMENTATION,G03-A14,2026-05-18T17:08:12.335Z
G03,139,add,size_P,G03-A14,2026-05-18T17:08:12.335Z
G03,139,add,ART.6,G03-A14,2026-05-18T17:08:12.335Z
G03,139,add,Backlog,G03-A14,2026-05-18T17:09:57.119Z
G03,139,add,Doing,G03-A19,2026-05-20T17:14:48.062Z
G03,139,remove,Backlog,G03-A19,2026-05-20T17:14:48.062Z
G03,139,add,Waiting Review,G03-A19,2026-05-21T17:55:10.489Z
G03,139,remove,Doing,G03-A19,2026-05-21T17:55:10.489Z
G03,139,add,Review,G03-A13,2026-05-26T17:34:34.484Z
G03,139,remove,Waiting Review,G03-A13,2026-05-26T17:34:34.484Z
G03,139,remove,Review,G03-A13,2026-05-27T17:47:55.583Z
G03,140,add,DOCUMENTATION,G03-A14,2026-05-18T17:09:18.007Z
G03,140,add,size_P,G03-A14,2026-05-18T17:09:18.007Z
G03,140,add,ART.6,G03-A14,2026-05-18T17:09:18.007Z
G03,140,add,Backlog,G03-A14,2026-05-18T17:09:54.949Z
G03,140,add,Doing,G03-A13,2026-05-20T17:37:38.666Z
G03,140,remove,Backlog,G03-A13,2026-05-20T17:37:38.666Z
G03,140,add,Waiting Review,G03-A13,2026-05-20T18:48:57.055Z
G03,140,remove,Doing,G03-A13,2026-05-20T18:48:57.055Z
G03,140,add,Review,G03-A14,2026-05-21T17:22:09.506Z
G03,140,remove,Waiting Review,G03-A14,2026-05-21T17:22:09.506Z
G03,140,remove,Review,G03-A14,2026-05-21T17:27:34.731Z
G03,141,add,DESIGN,G03-A15,2026-05-18T17:20:31.018Z
G03,141,add,size_M,G03-A15,2026-05-18T17:20:31.018Z
G03,141,add,ART.7,G03-A15,2026-05-18T17:20:31.018Z
G03,141,add,Backlog,G03-A15,2026-05-18T17:33:45.812Z
G03,141,add,Doing,G03-A15,2026-05-18T17:33:49.413Z
G03,141,remove,Backlog,G03-A15,2026-05-18T17:33:49.413Z
G03,141,add,Waiting Review,G03-A15,2026-05-18T18:49:07.366Z
G03,141,remove,Doing,G03-A15,2026-05-18T18:49:07.366Z
G03,141,add,Review,G03-A18,2026-05-19T17:21:40.052Z
G03,141,remove,Waiting Review,G03-A18,2026-05-19T17:21:40.052Z
G03,141,remove,Review,G03-A18,2026-05-19T18:27:22.962Z
G03,142,add,DESIGN,G03-A15,2026-05-18T17:21:28.783Z
G03,142,add,size_M,G03-A15,2026-05-18T17:21:28.783Z
G03,142,add,ART.7,G03-A15,2026-05-18T17:21:28.783Z
G03,142,add,Doing,G03-A16,2026-05-18T17:29:29.219Z
G03,142,add,Waiting Review,G03-A16,2026-05-18T18:46:15.986Z
G03,142,remove,Doing,G03-A16,2026-05-18T18:46:15.986Z
G03,142,add,Review,G03-A15,2026-05-19T12:23:06.788Z
G03,142,remove,Waiting Review,G03-A15,2026-05-19T12:23:06.788Z
G03,142,remove,Review,G03-A15,2026-05-19T12:39:10.986Z
G03,143,add,DESIGN,G03-A15,2026-05-18T17:22:57.618Z
G03,143,add,size_P,G03-A15,2026-05-18T17:22:57.618Z
G03,143,add,ART.7,G03-A15,2026-05-18T17:22:57.618Z
G03,144,add,DESIGN,G03-A16,2026-05-18T17:25:42.076Z
G03,144,add,size_P,G03-A16,2026-05-18T17:25:42.076Z
G03,144,add,ART.7,G03-A16,2026-05-18T17:25:42.076Z
G03,145,add,DESIGN,G03-A16,2026-05-18T17:26:47.131Z
G03,145,add,size_P,G03-A16,2026-05-18T17:26:47.131Z
G03,145,add,ART.7,G03-A16,2026-05-18T17:26:47.131Z
G03,146,add,DESIGN,G03-A16,2026-05-18T17:27:50.554Z
G03,146,add,size_P,G03-A16,2026-05-18T17:27:50.554Z
G03,146,add,ART.7,G03-A16,2026-05-18T17:27:50.554Z
G03,147,add,DOCUMENTATION,G03-A19,2026-05-18T18:06:14.220Z
G03,147,add,size_PP,G03-A19,2026-05-18T18:06:14.220Z
G03,147,add,Backlog,G03-A19,2026-05-18T18:06:39.407Z
G03,147,add,Doing,G03-A19,2026-05-18T18:06:41.418Z
G03,147,remove,Backlog,G03-A19,2026-05-18T18:06:41.418Z
G03,147,add,Waiting Review,G03-A19,2026-05-18T18:17:54.292Z
G03,147,remove,Doing,G03-A19,2026-05-18T18:17:54.292Z
G03,147,add,Review,G03-A13,2026-05-18T18:19:18.423Z
G03,147,remove,Waiting Review,G03-A13,2026-05-18T18:19:18.423Z
G03,147,remove,Review,G03-A19,2026-05-18T18:19:37.594Z
G03,148,add,DOCUMENTATION,G03-A18,2026-05-18T18:17:31.569Z
G03,148,add,size_P,G03-A18,2026-05-18T18:17:31.569Z
G03,148,add,ART.9,G03-A18,2026-05-18T18:17:31.569Z
G03,149,add,DOCUMENTATION,G03-A18,2026-05-18T18:19:52.155Z
G03,149,add,size_M,G03-A18,2026-05-18T18:19:52.155Z
G03,149,add,ART.9,G03-A18,2026-05-18T18:19:52.155Z
G03,149,remove,size_M,G03-A18,2026-05-18T18:20:25.207Z
G03,149,add,size_PP,G03-A18,2026-05-18T18:20:31.158Z
G03,150,add,DOCUMENTATION,G03-A18,2026-05-18T18:23:47.305Z
G03,150,add,size_M,G03-A18,2026-05-18T18:23:47.305Z
G03,150,add,ART.9,G03-A18,2026-05-18T18:23:47.305Z
G03,151,add,DOCUMENTATION,G03-A18,2026-05-18T18:25:06.436Z
G03,151,add,size_P,G03-A18,2026-05-18T18:25:06.436Z
G03,151,add,ART.9,G03-A18,2026-05-18T18:25:06.436Z
G03,152,add,DOCUMENTATION,G03-A18,2026-05-18T18:27:52.449Z
G03,152,add,size_P,G03-A18,2026-05-18T18:27:52.449Z
G03,152,add,ART.9,G03-A18,2026-05-18T18:27:52.449Z
G03,153,add,DOCUMENTATION,G03-A18,2026-05-18T18:29:01.334Z
G03,153,add,size_P,G03-A18,2026-05-18T18:29:01.334Z
G03,153,add,ART.9,G03-A18,2026-05-18T18:29:01.334Z
G03,154,add,DOCUMENTATION,G03-A18,2026-05-18T18:30:58.340Z
G03,154,add,size_P,G03-A18,2026-05-18T18:30:58.340Z
G03,154,add,ART.9,G03-A18,2026-05-18T18:30:58.340Z
G03,155,add,DOCUMENTATION,G03-A18,2026-05-18T18:39:39.288Z
G03,155,add,size_M,G03-A18,2026-05-18T18:39:39.288Z
G03,155,add,ART.9,G03-A18,2026-05-18T18:39:39.288Z
G03,155,add,Backlog,G03-A18,2026-05-29T21:03:44.578Z
G03,155,add,Doing,G03-A18,2026-05-29T22:33:25.356Z
G03,155,remove,Backlog,G03-A18,2026-05-29T22:33:25.356Z
G03,155,add,Waiting Review,G03-A18,2026-05-29T23:19:28.890Z
G03,155,remove,Doing,G03-A18,2026-05-29T23:19:28.890Z
G03,155,add,Review,G03-A16,2026-05-30T02:05:57.775Z
G03,155,remove,Waiting Review,G03-A16,2026-05-30T02:05:57.775Z
G03,155,remove,Review,G03-A16,2026-05-30T02:10:20.805Z
G03,156,add,DOCUMENTATION,G03-A18,2026-05-18T18:43:35.537Z
G03,156,add,size_P,G03-A18,2026-05-18T18:43:35.537Z
G03,156,add,ART.9,G03-A18,2026-05-18T18:43:35.537Z
G03,157,add,DOCUMENTATION,G03-A18,2026-05-18T18:48:44.449Z
G03,157,add,size_M,G03-A18,2026-05-18T18:48:44.449Z
G03,157,add,ART.9,G03-A18,2026-05-18T18:48:44.449Z
G03,159,add,DOCUMENTATION,G03-A12,2026-05-18T20:26:54.646Z
G03,159,add,size_P,G03-A12,2026-05-18T20:26:54.646Z
G03,159,add,ART.6,G03-A12,2026-05-18T20:26:54.646Z
G03,159,add,Backlog,G03-A12,2026-05-18T22:00:25.169Z
G03,159,add,Doing,G03-A12,2026-05-20T18:15:02.850Z
G03,159,remove,Backlog,G03-A12,2026-05-20T18:15:02.850Z
G03,159,add,Waiting Review,G03-A12,2026-05-20T18:48:30.870Z
G03,159,remove,Doing,G03-A12,2026-05-20T18:48:30.870Z
G03,159,add,Review,G03-A18,2026-05-29T21:01:39.102Z
G03,159,remove,Waiting Review,G03-A18,2026-05-29T21:01:39.102Z
G03,159,remove,Review,G03-A18,2026-05-29T21:16:32.037Z
G03,160,add,ART.6,G03-A12,2026-05-18T20:27:15.749Z
G03,160,add,DOCUMENTATION,G03-A12,2026-05-18T20:27:15.749Z
G03,160,add,size_P,G03-A12,2026-05-18T20:27:15.749Z
G03,160,add,Backlog,G03-A12,2026-05-18T22:00:12.146Z
G03,160,add,Doing,G03-A12,2026-05-20T17:35:17.082Z
G03,160,remove,Backlog,G03-A12,2026-05-20T17:35:17.082Z
G03,160,add,Waiting Review,G03-A12,2026-05-20T18:15:14.327Z
G03,160,remove,Doing,G03-A12,2026-05-20T18:15:14.327Z
G03,160,add,Review,G03-A18,2026-05-29T21:01:36.011Z
G03,160,remove,Waiting Review,G03-A18,2026-05-29T21:01:36.011Z
G03,160,remove,Review,G03-A18,2026-05-29T21:16:28.945Z
G03,161,add,ART.6,G03-A12,2026-05-18T20:28:10.170Z
G03,161,add,DOCUMENTATION,G03-A12,2026-05-18T20:28:10.170Z
G03,161,add,size_P,G03-A12,2026-05-18T20:28:10.170Z
G03,161,add,Backlog,G03-A12,2026-05-18T22:00:20.769Z
G03,161,add,Doing,G03-A12,2026-05-20T17:26:42.281Z
G03,161,remove,Backlog,G03-A12,2026-05-20T17:26:42.281Z
G03,161,add,Waiting Review,G03-A12,2026-05-20T17:35:26.713Z
G03,161,remove,Doing,G03-A12,2026-05-20T17:35:26.713Z
G03,161,add,Review,G03-A18,2026-05-29T21:01:34.498Z
G03,161,remove,Waiting Review,G03-A18,2026-05-29T21:01:34.498Z
G03,161,remove,Review,G03-A18,2026-05-29T21:16:27.651Z
G03,162,add,ART.6,G03-A12,2026-05-18T20:29:38.695Z
G03,162,add,DOCUMENTATION,G03-A12,2026-05-18T20:29:38.695Z
G03,162,add,size_P,G03-A12,2026-05-18T20:29:38.695Z
G03,162,add,Backlog,G03-A12,2026-05-18T22:00:16.727Z
G03,162,add,Doing,G03-A12,2026-05-20T18:15:04.608Z
G03,162,remove,Backlog,G03-A12,2026-05-20T18:15:04.608Z
G03,162,add,Waiting Review,G03-A12,2026-05-20T18:48:29.116Z
G03,162,remove,Doing,G03-A12,2026-05-20T18:48:29.116Z
G03,162,add,Review,G03-A18,2026-05-29T21:01:37.588Z
G03,162,remove,Waiting Review,G03-A18,2026-05-29T21:01:37.588Z
G03,162,remove,Review,G03-A18,2026-05-29T21:16:30.577Z
G03,163,add,DOCUMENTATION,G03-A12,2026-05-18T21:55:20.917Z
G03,163,add,size_P,G03-A12,2026-05-18T21:55:20.917Z
G03,163,add,ART.6,G03-A12,2026-05-18T21:55:20.917Z
G03,163,add,Backlog,G03-A12,2026-05-20T18:49:01.655Z
G03,163,add,Doing,G03-A12,2026-05-21T23:36:03.153Z
G03,163,remove,Backlog,G03-A12,2026-05-21T23:36:03.153Z
G03,163,add,Waiting Review,G03-A12,2026-05-21T23:49:28.988Z
G03,163,remove,Doing,G03-A12,2026-05-21T23:49:28.988Z
G03,163,add,Review,G03-A13,2026-05-26T18:53:05.907Z
G03,163,remove,Waiting Review,G03-A13,2026-05-26T18:53:05.907Z
G03,163,remove,Review,G03-A13,2026-05-27T17:48:01.165Z
G03,164,add,DOCUMENTATION,G03-A12,2026-05-18T21:55:22.548Z
G03,164,add,size_P,G03-A12,2026-05-18T21:55:22.548Z
G03,164,add,ART.6,G03-A12,2026-05-18T21:55:22.548Z
G03,164,add,Backlog,G03-A12,2026-05-20T18:49:04.721Z
G03,164,add,Doing,G03-A12,2026-05-21T23:36:04.481Z
G03,164,remove,Backlog,G03-A12,2026-05-21T23:36:04.481Z
G03,164,add,Waiting Review,G03-A12,2026-05-21T23:49:30.186Z
G03,164,remove,Doing,G03-A12,2026-05-21T23:49:30.186Z
G03,164,add,Review,G03-A18,2026-05-29T21:01:51.007Z
G03,164,remove,Waiting Review,G03-A18,2026-05-29T21:01:51.007Z
G03,164,remove,Review,G03-A18,2026-05-29T21:16:35.596Z
G03,165,add,DOCUMENTATION,G03-A12,2026-05-18T21:55:23.986Z
G03,165,add,size_P,G03-A12,2026-05-18T21:55:23.986Z
G03,165,add,ART.6,G03-A12,2026-05-18T21:55:23.986Z
G03,165,add,Backlog,G03-A12,2026-05-20T18:49:06.993Z
G03,165,add,Doing,G03-A12,2026-05-21T23:36:06.086Z
G03,165,remove,Backlog,G03-A12,2026-05-21T23:36:06.086Z
G03,165,add,Waiting Review,G03-A12,2026-05-21T23:49:31.540Z
G03,165,remove,Doing,G03-A12,2026-05-21T23:49:31.540Z
G03,165,add,Review,G03-A18,2026-05-29T21:01:53.184Z
G03,165,remove,Waiting Review,G03-A18,2026-05-29T21:01:53.184Z
G03,165,remove,Review,G03-A18,2026-05-29T21:16:33.591Z
G03,166,add,DOCUMENTATION,G03-A12,2026-05-18T21:55:25.482Z
G03,166,add,size_P,G03-A12,2026-05-18T21:55:25.482Z
G03,166,add,ART.6,G03-A12,2026-05-18T21:55:25.482Z
G03,167,add,DOCUMENTATION,G03-A12,2026-05-18T21:55:27.119Z
G03,167,add,size_P,G03-A12,2026-05-18T21:55:27.119Z
G03,167,add,ART.6,G03-A12,2026-05-18T21:55:27.119Z
G03,168,add,DOCUMENTATION,G03-A12,2026-05-18T21:55:28.560Z
G03,168,add,size_P,G03-A12,2026-05-18T21:55:28.560Z
G03,168,add,ART.6,G03-A12,2026-05-18T21:55:28.560Z
G03,169,add,DOCUMENTATION,G03-A12,2026-05-18T21:55:30.118Z
G03,169,add,size_P,G03-A12,2026-05-18T21:55:30.118Z
G03,169,add,ART.6,G03-A12,2026-05-18T21:55:30.118Z
G03,170,add,DOCUMENTATION,G03-A12,2026-05-18T21:55:31.657Z
G03,170,add,size_P,G03-A12,2026-05-18T21:55:31.657Z
G03,170,add,ART.6,G03-A12,2026-05-18T21:55:31.657Z
G03,171,add,DOCUMENTATION,G03-A12,2026-05-18T21:55:33.177Z
G03,171,add,size_P,G03-A12,2026-05-18T21:55:33.177Z
G03,171,add,ART.6,G03-A12,2026-05-18T21:55:33.177Z
G03,172,add,DOCUMENTATION,G03-A12,2026-05-18T21:55:34.648Z
G03,172,add,size_P,G03-A12,2026-05-18T21:55:34.648Z
G03,172,add,ART.6,G03-A12,2026-05-18T21:55:34.648Z
G03,173,add,DOCUMENTATION,G03-A12,2026-05-18T21:55:36.058Z
G03,173,add,size_P,G03-A12,2026-05-18T21:55:36.058Z
G03,173,add,ART.6,G03-A12,2026-05-18T21:55:36.058Z
G03,174,add,DOCUMENTATION,G03-A12,2026-05-18T21:55:37.554Z
G03,174,add,size_P,G03-A12,2026-05-18T21:55:37.554Z
G03,174,add,ART.6,G03-A12,2026-05-18T21:55:37.554Z
G03,175,add,DOCUMENTATION,G03-A12,2026-05-18T21:55:38.894Z
G03,175,add,size_P,G03-A12,2026-05-18T21:55:38.894Z
G03,175,add,ART.6,G03-A12,2026-05-18T21:55:38.894Z
G03,176,add,DOCUMENTATION,G03-A12,2026-05-18T21:55:40.352Z
G03,176,add,size_P,G03-A12,2026-05-18T21:55:40.352Z
G03,176,add,ART.6,G03-A12,2026-05-18T21:55:40.352Z
G03,177,add,DOCUMENTATION,G03-A12,2026-05-18T21:55:41.885Z
G03,177,add,size_P,G03-A12,2026-05-18T21:55:41.885Z
G03,177,add,ART.6,G03-A12,2026-05-18T21:55:41.885Z
G03,178,add,DOCUMENTATION,G03-A12,2026-05-18T21:55:43.495Z
G03,178,add,size_P,G03-A12,2026-05-18T21:55:43.495Z
G03,178,add,ART.6,G03-A12,2026-05-18T21:55:43.495Z
G03,179,add,DOCUMENTATION,G03-A12,2026-05-18T21:55:44.947Z
G03,179,add,size_P,G03-A12,2026-05-18T21:55:44.947Z
G03,179,add,ART.6,G03-A12,2026-05-18T21:55:44.947Z
G03,180,add,DOCUMENTATION,G03-A12,2026-05-18T21:55:46.488Z
G03,180,add,size_P,G03-A12,2026-05-18T21:55:46.488Z
G03,180,add,ART.6,G03-A12,2026-05-18T21:55:46.488Z
G03,181,add,DOCUMENTATION,G03-A12,2026-05-18T21:55:48.110Z
G03,181,add,size_P,G03-A12,2026-05-18T21:55:48.110Z
G03,181,add,ART.6,G03-A12,2026-05-18T21:55:48.110Z
G03,182,add,DOCUMENTATION,G03-A12,2026-05-18T21:55:49.456Z
G03,182,add,size_P,G03-A12,2026-05-18T21:55:49.456Z
G03,182,add,ART.6,G03-A12,2026-05-18T21:55:49.456Z
G03,183,add,Backlog,G03-A12,2026-05-19T17:19:31.147Z
G03,183,add,DOCUMENTATION,G03-A12,2026-05-19T17:20:52.475Z
G03,183,add,size_P,G03-A12,2026-05-19T17:20:52.475Z
G03,183,add,ART.5,G03-A12,2026-05-19T17:20:52.475Z
G03,183,add,Doing,G03-A12,2026-05-19T17:21:35.124Z
G03,183,remove,Backlog,G03-A12,2026-05-19T17:21:35.124Z
G03,183,add,Waiting Review,G03-A12,2026-05-19T17:58:32.785Z
G03,183,remove,Doing,G03-A12,2026-05-19T17:58:32.785Z
G03,183,add,Review,G03-A18,2026-05-29T15:38:44.282Z
G03,183,remove,Waiting Review,G03-A18,2026-05-29T15:38:44.282Z
G03,183,remove,Review,G03-A18,2026-05-29T16:38:11.902Z
G03,184,add,ART.5,G03-A12,2026-05-19T17:21:16.822Z
G03,184,add,Backlog,G03-A12,2026-05-19T17:21:16.822Z
G03,184,add,DOCUMENTATION,G03-A12,2026-05-19T17:21:16.822Z
G03,184,add,size_P,G03-A12,2026-05-19T17:21:16.822Z
G03,184,add,Doing,G03-A12,2026-05-21T23:35:34.274Z
G03,184,remove,Backlog,G03-A12,2026-05-21T23:35:34.274Z
G03,184,add,Backlog,G03-A12,2026-05-21T23:35:37.761Z
G03,184,remove,Doing,G03-A12,2026-05-21T23:35:37.761Z
G03,184,add,Doing,G03-A12,2026-05-21T23:49:35.600Z
G03,184,remove,Backlog,G03-A12,2026-05-21T23:49:35.600Z
G03,184,add,Backlog,G03-A12,2026-05-21T23:49:38.632Z
G03,184,remove,Doing,G03-A12,2026-05-21T23:49:38.632Z
G03,184,remove,Backlog,G03-A12,2026-05-21T23:49:43.251Z
G03,184,remove,DOCUMENTATION,G03-A12,2026-05-26T23:40:45.548Z
G03,184,add,CODE,G03-A12,2026-05-26T23:40:56.448Z
G03,184,remove,size_P,G03-A12,2026-05-26T23:40:58.898Z
G03,184,add,size_G,G03-A12,2026-05-26T23:41:05.712Z
G03,184,add,Backlog,G03-A12,2026-05-26T23:42:09.901Z
G03,184,add,Doing,G03-A12,2026-05-26T23:42:12.026Z
G03,184,remove,Backlog,G03-A12,2026-05-26T23:42:12.026Z
G03,184,add,Waiting Review,G03-A12,2026-05-27T02:55:15.806Z
G03,184,remove,Doing,G03-A12,2026-05-27T02:55:15.806Z
G03,184,add,Review,G03-A18,2026-05-29T15:50:37.609Z
G03,184,remove,Waiting Review,G03-A18,2026-05-29T15:50:37.609Z
G03,184,remove,Review,G03-A18,2026-05-29T16:38:14.563Z
G03,185,add,DESIGN,G03-A15,2026-05-19T17:30:47.061Z
G03,185,add,size_M,G03-A15,2026-05-19T17:30:47.061Z
G03,185,add,ART.7,G03-A15,2026-05-19T17:30:47.061Z
G03,185,remove,size_M,G03-A15,2026-05-19T17:30:52.173Z
G03,185,add,size_P,G03-A15,2026-05-19T17:31:00.156Z
G03,185,add,Backlog,G03-A15,2026-05-19T17:31:04.565Z
G03,185,add,Doing,G03-A15,2026-05-19T17:31:06.538Z
G03,185,remove,Backlog,G03-A15,2026-05-19T17:31:06.538Z
G03,185,add,Waiting Review,G03-A15,2026-05-19T18:27:04.193Z
G03,185,remove,Doing,G03-A15,2026-05-19T18:27:04.193Z
G03,185,add,Review,G03-A19,2026-05-26T17:59:03.872Z
G03,185,remove,Waiting Review,G03-A19,2026-05-26T17:59:03.872Z
G03,185,remove,Review,G03-A19,2026-05-26T18:10:24.329Z
G03,186,add,size_M,G03-A18,2026-05-19T17:38:40.033Z
G03,186,add,ART.5,G03-A18,2026-05-19T17:38:40.033Z
G03,186,add,Backlog,G03-A18,2026-05-19T17:41:55.286Z
G03,186,add,Doing,G03-A18,2026-05-19T17:42:01.293Z
G03,186,remove,Backlog,G03-A18,2026-05-19T17:42:01.293Z
G03,186,add,Waiting Review,G03-A18,2026-05-19T19:04:35.445Z
G03,186,remove,Doing,G03-A18,2026-05-19T19:04:35.445Z
G03,186,add,Review,G03-A19,2026-05-26T17:14:53.686Z
G03,186,remove,Waiting Review,G03-A19,2026-05-26T17:14:53.686Z
G03,186,remove,Review,G03-A19,2026-05-26T17:57:16.346Z
G03,187,add,DESIGN,G03-A16,2026-05-19T17:42:53.491Z
G03,187,add,size_P,G03-A16,2026-05-19T17:42:53.491Z
G03,187,add,Doing,G03-A16,2026-05-19T17:43:06.288Z
G03,187,add,Waiting Review,G03-A16,2026-05-20T17:21:01.143Z
G03,187,remove,Doing,G03-A16,2026-05-20T17:21:01.143Z
G03,187,add,Review,G03-A19,2026-05-29T13:18:01.445Z
G03,187,remove,Waiting Review,G03-A19,2026-05-29T13:18:01.445Z
G03,187,remove,Review,G03-A19,2026-05-29T13:24:48.555Z
G03,188,add,DOCUMENTATION,G03-A14,2026-05-19T18:28:08.052Z
G03,188,add,ART.5,G03-A14,2026-05-19T18:28:08.052Z
G03,188,add,Backlog,G03-A14,2026-05-19T18:28:44.050Z
G03,188,add,Doing,G03-A14,2026-05-19T18:28:47.118Z
G03,188,remove,Backlog,G03-A14,2026-05-19T18:28:47.118Z
G03,188,add,Waiting Review,G03-A14,2026-05-19T18:54:59.656Z
G03,188,remove,Doing,G03-A14,2026-05-19T18:54:59.656Z
G03,188,add,Review,G03-A18,2026-05-29T15:38:42.432Z
G03,188,remove,Waiting Review,G03-A18,2026-05-29T15:38:42.432Z
G03,188,remove,Review,G03-A18,2026-05-29T16:38:07.551Z
G03,189,add,DESIGN,G03-A15,2026-05-19T18:30:31.152Z
G03,189,add,size_P,G03-A15,2026-05-19T18:30:31.152Z
G03,189,add,ART.7,G03-A15,2026-05-19T18:30:31.152Z
G03,189,add,Backlog,G03-A15,2026-05-19T18:31:10.633Z
G03,189,add,Doing,G03-A15,2026-05-20T17:34:41.230Z
G03,189,remove,Backlog,G03-A15,2026-05-20T17:34:41.230Z
G03,189,add,Waiting Review,G03-A15,2026-05-20T17:58:27.023Z
G03,189,remove,Doing,G03-A15,2026-05-20T17:58:27.023Z
G03,189,add,Review,G03-A19,2026-05-26T17:59:16.794Z
G03,189,remove,Waiting Review,G03-A19,2026-05-26T17:59:16.794Z
G03,189,remove,Review,G03-A19,2026-05-26T18:06:19.269Z
G03,190,add,DESIGN,G03-A16,2026-05-20T17:19:54.196Z
G03,190,add,size_M,G03-A16,2026-05-20T17:19:54.196Z
G03,190,add,ART.7,G03-A16,2026-05-20T17:19:54.196Z
G03,190,add,Doing,G03-A16,2026-05-20T17:20:58.605Z
G03,190,add,Waiting Review,G03-A16,2026-05-20T17:47:51.897Z
G03,190,remove,Doing,G03-A16,2026-05-20T17:47:51.897Z
G03,190,add,Review,G03-A19,2026-05-29T13:04:21.851Z
G03,190,remove,Waiting Review,G03-A19,2026-05-29T13:04:21.851Z
G03,190,remove,Review,G03-A19,2026-05-29T13:15:32.366Z
G03,191,add,DESIGN,G03-A16,2026-05-20T17:23:08.083Z
G03,191,add,size_M,G03-A16,2026-05-20T17:23:08.083Z
G03,191,add,ART.7,G03-A16,2026-05-20T17:23:08.083Z
G03,191,add,Doing,G03-A16,2026-05-20T17:27:52.193Z
G03,191,add,Waiting Review,G03-A16,2026-05-20T17:48:57.206Z
G03,191,remove,Doing,G03-A16,2026-05-20T17:48:57.206Z
G03,191,add,Review,G03-A19,2026-05-29T13:04:23.801Z
G03,191,remove,Waiting Review,G03-A19,2026-05-29T13:04:23.801Z
G03,191,remove,Review,G03-A19,2026-05-29T13:12:12.841Z
G03,192,add,DESIGN,G03-A16,2026-05-20T17:24:47.876Z
G03,192,add,size_M,G03-A16,2026-05-20T17:24:47.876Z
G03,192,add,ART.7,G03-A16,2026-05-20T17:24:47.876Z
G03,192,add,Doing,G03-A16,2026-05-20T17:49:22.166Z
G03,192,add,Waiting Review,G03-A16,2026-05-20T18:08:29.395Z
G03,192,remove,Doing,G03-A16,2026-05-20T18:08:29.395Z
G03,192,add,Review,G03-A19,2026-05-29T13:04:27.138Z
G03,192,remove,Waiting Review,G03-A19,2026-05-29T13:04:27.138Z
G03,192,remove,Review,G03-A19,2026-05-29T13:11:21.895Z
G03,193,add,DOCUMENTATION,G03-A14,2026-05-20T17:39:01.830Z
G03,193,add,size_M,G03-A14,2026-05-20T17:39:01.830Z
G03,193,add,ART.6,G03-A14,2026-05-20T17:39:01.830Z
G03,193,add,Backlog,G03-A14,2026-05-20T17:57:09.496Z
G03,193,add,Doing,G03-A14,2026-05-20T17:57:10.616Z
G03,193,remove,Backlog,G03-A14,2026-05-20T17:57:10.616Z
G03,193,remove,size_M,G03-A14,2026-05-20T17:57:42.476Z
G03,193,add,size_P,G03-A14,2026-05-20T17:57:46.234Z
G03,193,add,Waiting Review,G03-A14,2026-05-20T18:01:08.613Z
G03,193,remove,Doing,G03-A14,2026-05-20T18:01:08.613Z
G03,193,add,Review,G03-A12,2026-05-21T23:08:07.515Z
G03,193,remove,Waiting Review,G03-A12,2026-05-21T23:08:07.515Z
G03,193,remove,Review,G03-A12,2026-05-21T23:35:28.852Z
G03,194,add,DOCUMENTATION,G03-A14,2026-05-20T17:41:26.231Z
G03,194,add,size_M,G03-A14,2026-05-20T17:41:26.231Z
G03,194,add,ART.6,G03-A14,2026-05-20T17:41:26.231Z
G03,194,add,Backlog,G03-A14,2026-05-20T17:41:31.678Z
G03,194,remove,size_M,G03-A14,2026-05-20T17:57:26.371Z
G03,194,add,size_P,G03-A14,2026-05-20T17:57:32.542Z
G03,194,remove,size_P,G03-A14,2026-05-20T17:57:35.189Z
G03,194,add,size_M,G03-A14,2026-05-20T17:57:38.611Z
G03,194,add,Doing,G03-A14,2026-05-20T18:50:39.646Z
G03,194,remove,Backlog,G03-A14,2026-05-20T18:50:39.646Z
G03,194,remove,size_M,G03-A14,2026-05-20T18:50:42.591Z
G03,194,add,size_P,G03-A14,2026-05-20T18:50:48.457Z
G03,194,add,Waiting Review,G03-A14,2026-05-20T19:03:21.427Z
G03,194,remove,Doing,G03-A14,2026-05-20T19:03:21.427Z
G03,194,add,Review,G03-A18,2026-05-29T15:38:47.138Z
G03,194,remove,Waiting Review,G03-A18,2026-05-29T15:38:47.138Z
G03,194,remove,Review,G03-A18,2026-05-29T16:38:09.968Z
G03,195,add,DESIGN,G03-A15,2026-05-20T17:59:29.422Z
G03,195,add,size_M,G03-A15,2026-05-20T17:59:29.422Z
G03,195,remove,size_M,G03-A15,2026-05-20T17:59:30.802Z
G03,195,add,size_P,G03-A15,2026-05-20T17:59:40.519Z
G03,195,add,ART.7,G03-A15,2026-05-20T17:59:40.519Z
G03,195,add,Backlog,G03-A15,2026-05-20T18:00:19.300Z
G03,195,add,Doing,G03-A15,2026-05-20T18:00:21.849Z
G03,195,remove,Backlog,G03-A15,2026-05-20T18:00:21.849Z
G03,195,add,Waiting Review,G03-A15,2026-05-20T18:12:43.938Z
G03,195,remove,Doing,G03-A15,2026-05-20T18:12:43.938Z
G03,195,add,Review,G03-A19,2026-05-26T18:10:54.907Z
G03,195,remove,Waiting Review,G03-A19,2026-05-26T18:10:54.907Z
G03,195,remove,Review,G03-A19,2026-05-26T18:18:02.188Z
G03,196,add,DESIGN,G03-A15,2026-05-20T18:13:46.803Z
G03,196,add,DEPLOY,G03-A15,2026-05-20T18:13:46.803Z
G03,196,add,size_P,G03-A15,2026-05-20T18:13:46.803Z
G03,196,add,ART.7,G03-A15,2026-05-20T18:13:46.803Z
G03,196,remove,DEPLOY,G03-A15,2026-05-20T18:13:48.560Z
G03,196,add,Backlog,G03-A15,2026-05-20T18:19:34.253Z
G03,196,add,Doing,G03-A15,2026-05-20T18:19:35.690Z
G03,196,remove,Backlog,G03-A15,2026-05-20T18:19:35.690Z
G03,196,add,Waiting Review,G03-A15,2026-05-20T19:00:00.547Z
G03,196,remove,Doing,G03-A15,2026-05-20T19:00:00.547Z
G03,196,add,Review,G03-A19,2026-05-26T18:10:52.186Z
G03,196,remove,Waiting Review,G03-A19,2026-05-26T18:10:52.186Z
G03,196,remove,Review,G03-A19,2026-05-26T18:18:34.037Z
G03,197,add,DESIGN,G03-A16,2026-05-20T18:37:31.882Z
G03,197,add,size_M,G03-A16,2026-05-20T18:37:31.882Z
G03,197,add,ART.7,G03-A16,2026-05-20T18:37:31.882Z
G03,197,add,Doing,G03-A16,2026-05-24T18:15:37.571Z
G03,197,add,Waiting Review,G03-A16,2026-05-24T19:29:06.783Z
G03,197,remove,Doing,G03-A16,2026-05-24T19:29:06.783Z
G03,197,add,Review,G03-A19,2026-05-29T13:04:12.098Z
G03,197,remove,Waiting Review,G03-A19,2026-05-29T13:04:12.098Z
G03,197,remove,Review,G03-A19,2026-05-29T13:15:06.468Z
G03,198,add,DESIGN,G03-A16,2026-05-20T18:39:27.740Z
G03,198,add,size_M,G03-A16,2026-05-20T18:39:27.740Z
G03,198,add,ART.7,G03-A16,2026-05-20T18:39:27.740Z
G03,198,add,Doing,G03-A16,2026-05-24T19:33:41.597Z
G03,198,add,Waiting Review,G03-A16,2026-05-24T19:36:08.314Z
G03,198,remove,Doing,G03-A16,2026-05-24T19:36:08.314Z
G03,198,add,Review,G03-A19,2026-05-29T13:04:09.859Z
G03,198,remove,Waiting Review,G03-A19,2026-05-29T13:04:09.859Z
G03,198,remove,Review,G03-A19,2026-05-29T13:13:05.996Z
G03,199,add,DESIGN,G03-A16,2026-05-20T18:40:58.611Z
G03,199,add,size_M,G03-A16,2026-05-20T18:40:58.611Z
G03,199,add,ART.7,G03-A16,2026-05-20T18:40:58.611Z
G03,199,add,Doing,G03-A16,2026-05-25T11:16:20.215Z
G03,199,add,Waiting Review,G03-A16,2026-05-25T12:02:24.707Z
G03,199,remove,Doing,G03-A16,2026-05-25T12:02:24.707Z
G03,199,add,Review,G03-A19,2026-05-29T13:04:07.804Z
G03,199,remove,Waiting Review,G03-A19,2026-05-29T13:04:07.804Z
G03,199,remove,Review,G03-A19,2026-05-29T13:10:41.948Z
G03,200,add,CODE,G03-A15,2026-05-21T13:20:33.601Z
G03,200,add,size_G,G03-A15,2026-05-21T13:20:33.601Z
G03,200,add,ART.8,G03-A15,2026-05-21T13:20:33.601Z
G03,200,add,Backlog,G03-A15,2026-05-21T13:20:40.226Z
G03,200,add,Doing,G03-A15,2026-05-21T13:20:41.657Z
G03,200,remove,Backlog,G03-A15,2026-05-21T13:20:41.657Z
G03,200,add,Waiting Review,G03-A15,2026-05-21T15:01:25.667Z
G03,200,remove,Doing,G03-A15,2026-05-21T15:01:25.667Z
G03,200,add,Review,G03-A19,2026-05-26T18:19:03.540Z
G03,200,remove,Waiting Review,G03-A19,2026-05-26T18:19:03.540Z
G03,200,remove,Review,G03-A19,2026-05-28T18:01:44.827Z
G03,201,add,Backlog,G03-A18,2026-05-21T14:46:34.437Z
G03,201,add,Doing,G03-A18,2026-05-21T14:46:48.136Z
G03,201,remove,Backlog,G03-A18,2026-05-21T14:46:48.136Z
G03,201,add,CODE,G03-A18,2026-05-21T15:02:51.317Z
G03,201,add,size_G,G03-A18,2026-05-21T15:03:08.473Z
G03,201,add,ART.8,G03-A18,2026-05-21T15:03:08.473Z
G03,201,add,Waiting Review,G03-A18,2026-05-21T15:03:14.755Z
G03,201,remove,Doing,G03-A18,2026-05-21T15:03:14.755Z
G03,201,add,Review,G03-A16,2026-05-30T02:06:00.279Z
G03,201,remove,Waiting Review,G03-A16,2026-05-30T02:06:00.279Z
G03,201,remove,Review,G03-A16,2026-05-30T02:10:18.666Z
G03,202,add,Ano: 2025,G03-A12,2026-05-21T23:48:50.425Z
G03,202,remove,Ano: 2025,G03-A12,2026-05-21T23:48:56.602Z
G03,202,add,DOCUMENTATION,G03-A12,2026-05-21T23:49:07.992Z
G03,202,add,size_P,G03-A12,2026-05-21T23:49:07.992Z
G03,202,add,Backlog,G03-A12,2026-05-21T23:49:44.383Z
G03,202,add,Doing,G03-A12,2026-05-21T23:49:45.570Z
G03,202,remove,Backlog,G03-A12,2026-05-21T23:49:45.570Z
G03,202,add,Waiting Review,G03-A12,2026-05-22T00:41:25.476Z
G03,202,remove,Doing,G03-A12,2026-05-22T00:41:25.476Z
G03,202,add,Review,G03-A19,2026-05-26T17:17:57.674Z
G03,202,remove,Waiting Review,G03-A19,2026-05-26T17:17:57.674Z
G03,202,remove,Review,G03-A19,2026-05-26T17:57:11.426Z
G03,203,add,size_M,G03-A12,2026-05-25T17:37:03.365Z
G03,203,add,DOCUMENTATION,G03-A12,2026-05-25T17:37:11.758Z
G03,203,add,ART.5,G03-A12,2026-05-25T17:37:23.105Z
G03,203,add,Backlog,G03-A12,2026-05-25T17:38:28.457Z
G03,203,add,Doing,G03-A12,2026-05-25T17:38:32.922Z
G03,203,remove,Backlog,G03-A12,2026-05-25T17:38:32.922Z
G03,203,add,Waiting Review,G03-A12,2026-05-25T18:02:59.863Z
G03,203,remove,Doing,G03-A12,2026-05-25T18:02:59.863Z
G03,203,add,Review,G03-A18,2026-05-29T21:01:41.200Z
G03,203,remove,Waiting Review,G03-A18,2026-05-29T21:01:41.200Z
G03,203,remove,Review,G03-A18,2026-05-29T22:33:19.853Z
G03,204,add,CODE,G03-A12,2026-05-25T18:33:48.973Z
G03,204,add,size_M,G03-A12,2026-05-25T18:33:48.973Z
G03,204,add,Backlog,G03-A12,2026-05-25T18:35:24.996Z
G03,204,add,Doing,G03-A12,2026-05-25T18:35:26.551Z
G03,204,remove,Backlog,G03-A12,2026-05-25T18:35:26.551Z
G03,204,add,Waiting Review,G03-A12,2026-05-26T13:44:32.471Z
G03,204,remove,Doing,G03-A12,2026-05-26T13:44:32.471Z
G03,204,add,Review,G03-A18,2026-05-29T16:40:04.910Z
G03,204,remove,Waiting Review,G03-A18,2026-05-29T16:40:04.910Z
G03,204,remove,Review,G03-A18,2026-05-29T18:58:12.204Z
G03,205,add,DESIGN,G03-A15,2026-05-25T20:32:04.612Z
G03,205,add,size_M,G03-A15,2026-05-25T20:32:04.612Z
G03,205,add,ART.7,G03-A15,2026-05-25T20:32:09.774Z
G03,205,add,Backlog,G03-A15,2026-05-25T20:33:18.628Z
G03,205,add,Doing,G03-A15,2026-05-25T20:33:22.876Z
G03,205,remove,Backlog,G03-A15,2026-05-25T20:33:22.876Z
G03,205,add,Waiting Review,G03-A15,2026-05-25T21:06:02.399Z
G03,205,remove,Doing,G03-A15,2026-05-25T21:06:02.399Z
G03,205,add,Review,G03-A19,2026-05-26T18:19:12.488Z
G03,205,remove,Waiting Review,G03-A19,2026-05-26T18:19:12.488Z
G03,205,remove,Review,G03-A19,2026-05-26T18:22:16.393Z
G03,206,add,ART.7,G03-A15,2026-05-25T20:33:09.961Z
G03,206,add,DESIGN,G03-A15,2026-05-25T20:33:09.961Z
G03,206,add,size_M,G03-A15,2026-05-25T20:33:09.961Z
G03,206,remove,size_M,G03-A15,2026-05-27T17:51:11.812Z
G03,206,add,size_G,G03-A15,2026-05-27T17:51:16.447Z
G03,206,add,Backlog,G03-A15,2026-05-27T17:51:25.128Z
G03,206,remove,size_G,G03-A15,2026-05-27T18:22:07.521Z
G03,206,add,size_M,G03-A15,2026-05-27T18:22:12.248Z
G03,206,add,Doing,G03-A15,2026-05-27T18:22:15.524Z
G03,206,remove,Backlog,G03-A15,2026-05-27T18:22:15.524Z
G03,206,add,Waiting Review,G03-A15,2026-05-28T00:05:50.149Z
G03,206,remove,Doing,G03-A15,2026-05-28T00:05:50.149Z
G03,206,add,Review,G03-A19,2026-05-28T18:07:19.678Z
G03,206,remove,Waiting Review,G03-A19,2026-05-28T18:07:19.678Z
G03,206,remove,Review,G03-A19,2026-05-28T18:58:36.311Z
G03,207,add,DOCUMENTATION,G03-A15,2026-05-25T21:14:58.615Z
G03,207,add,CODE,G03-A15,2026-05-25T21:14:58.615Z
G03,207,add,size_G,G03-A15,2026-05-25T21:14:58.615Z
G03,207,add,Backlog,G03-A15,2026-05-25T21:15:22.416Z
G03,207,add,Doing,G03-A15,2026-05-25T21:15:24.263Z
G03,207,remove,Backlog,G03-A15,2026-05-25T21:15:24.263Z
G03,207,add,Waiting Review,G03-A15,2026-05-25T23:40:10.620Z
G03,207,remove,Doing,G03-A15,2026-05-25T23:40:10.620Z
G03,207,add,Review,G03-A19,2026-05-26T18:19:19.084Z
G03,207,remove,Waiting Review,G03-A19,2026-05-26T18:19:19.084Z
G03,207,remove,Review,G03-A19,2026-05-28T18:01:46.990Z
G03,208,add,size_M,G03-A15,2026-05-26T17:18:09.307Z
G03,208,add,ART.7,G03-A15,2026-05-26T17:18:09.307Z
G03,208,add,DESIGN,G03-A15,2026-05-26T17:18:14.936Z
G03,208,add,Backlog,G03-A15,2026-05-26T17:53:10.316Z
G03,208,add,Doing,G03-A15,2026-05-26T17:53:12.787Z
G03,208,remove,Backlog,G03-A15,2026-05-26T17:53:12.787Z
G03,208,add,Waiting Review,G03-A15,2026-05-26T18:54:33.469Z
G03,208,remove,Doing,G03-A15,2026-05-26T18:54:33.469Z
G03,208,add,Review,G03-A19,2026-05-28T18:06:23.216Z
G03,208,remove,Waiting Review,G03-A19,2026-05-28T18:06:23.216Z
G03,208,remove,Review,G03-A19,2026-05-28T18:57:12.091Z
G03,209,add,DESIGN,G03-A16,2026-05-26T17:29:20.298Z
G03,209,add,size_M,G03-A16,2026-05-26T17:29:20.298Z
G03,209,add,ART.7,G03-A16,2026-05-26T17:29:20.298Z
G03,209,add,Doing,G03-A16,2026-05-26T17:29:48.598Z
G03,209,add,Waiting Review,G03-A16,2026-05-26T18:32:20.526Z
G03,209,remove,Doing,G03-A16,2026-05-26T18:32:20.526Z
G03,209,add,Review,G03-A19,2026-05-29T13:04:33.389Z
G03,209,remove,Waiting Review,G03-A19,2026-05-29T13:04:33.389Z
G03,209,remove,Review,G03-A19,2026-05-29T13:09:33.294Z
G03,210,add,DESIGN,G03-A18,2026-05-26T17:56:18.981Z
G03,210,add,size_M,G03-A18,2026-05-26T17:56:18.981Z
G03,210,add,ART.7,G03-A18,2026-05-26T17:56:18.981Z
G03,210,add,Backlog,G03-A18,2026-05-26T17:56:54.990Z
G03,210,add,Doing,G03-A18,2026-05-26T17:56:58.399Z
G03,210,remove,Backlog,G03-A18,2026-05-26T17:56:58.399Z
G03,210,add,Waiting Review,G03-A18,2026-05-26T18:26:04.731Z
G03,210,remove,Doing,G03-A18,2026-05-26T18:26:04.731Z
G03,210,add,Review,G03-A19,2026-05-29T13:04:35.974Z
G03,210,remove,Waiting Review,G03-A19,2026-05-29T13:04:35.974Z
G03,210,remove,Review,G03-A19,2026-05-29T13:08:07.034Z
G03,211,add,DESIGN,G03-A18,2026-05-26T18:25:37.518Z
G03,211,add,size_M,G03-A18,2026-05-26T18:25:37.518Z
G03,211,add,ART.7,G03-A18,2026-05-26T18:25:37.518Z
G03,211,add,Backlog,G03-A18,2026-05-26T18:26:00.506Z
G03,211,add,Doing,G03-A18,2026-05-26T18:26:06.572Z
G03,211,remove,Backlog,G03-A18,2026-05-26T18:26:06.572Z
G03,211,add,Waiting Review,G03-A18,2026-05-27T01:22:49.666Z
G03,211,remove,Doing,G03-A18,2026-05-27T01:22:49.666Z
G03,211,add,Review,G03-A19,2026-05-29T13:04:38.253Z
G03,211,remove,Waiting Review,G03-A19,2026-05-29T13:04:38.253Z
G03,211,remove,Review,G03-A19,2026-05-29T13:06:55.548Z
G03,213,add,DOCUMENTATION,G03-A19,2026-05-27T17:40:39.942Z
G03,213,add,DESIGN,G03-A19,2026-05-27T17:40:39.942Z
G03,213,add,size_M,G03-A19,2026-05-27T17:40:39.942Z
G03,213,add,ART.9,G03-A19,2026-05-27T17:40:39.942Z
G03,213,add,Backlog,G03-A19,2026-05-27T17:40:55.028Z
G03,213,add,Doing,G03-A19,2026-05-27T17:40:58.076Z
G03,213,remove,Backlog,G03-A19,2026-05-27T17:40:58.076Z
G03,213,add,Waiting Review,G03-A19,2026-05-28T12:06:45.155Z
G03,213,remove,Doing,G03-A19,2026-05-28T12:06:45.155Z
G03,213,add,Review,G03-A18,2026-05-30T01:22:04.076Z
G03,213,remove,Waiting Review,G03-A18,2026-05-30T01:22:04.076Z
G03,213,remove,Review,G03-A18,2026-05-30T01:46:14.344Z
G03,214,add,DESIGN,G03-A15,2026-05-28T00:07:38.039Z
G03,214,add,size_M,G03-A15,2026-05-28T00:07:38.039Z
G03,214,add,ART.7,G03-A15,2026-05-28T00:07:38.039Z
G03,214,add,Backlog,G03-A15,2026-05-28T00:08:20.846Z
G03,214,add,Doing,G03-A15,2026-05-28T00:09:52.437Z
G03,214,remove,Backlog,G03-A15,2026-05-28T00:09:52.437Z
G03,214,add,Waiting Review,G03-A15,2026-05-28T00:31:53.438Z
G03,214,remove,Doing,G03-A15,2026-05-28T00:31:53.438Z
G03,214,add,Review,G03-A19,2026-05-28T18:09:51.511Z
G03,214,remove,Waiting Review,G03-A19,2026-05-28T18:09:51.511Z
G03,214,remove,Review,G03-A19,2026-05-28T18:27:16.469Z
G03,215,add,DESIGN,G03-A15,2026-05-28T00:38:25.014Z
G03,215,add,size_P,G03-A15,2026-05-28T00:38:25.014Z
G03,215,add,ART.7,G03-A15,2026-05-28T00:38:25.014Z
G03,215,add,Backlog,G03-A15,2026-05-28T00:39:04.773Z
G03,215,add,Doing,G03-A15,2026-05-28T00:39:08.189Z
G03,215,remove,Backlog,G03-A15,2026-05-28T00:39:08.189Z
G03,215,add,Waiting Review,G03-A15,2026-05-28T00:46:19.657Z
G03,215,remove,Doing,G03-A15,2026-05-28T00:46:19.657Z
G03,215,add,Review,G03-A19,2026-05-28T18:09:42.493Z
G03,215,remove,Waiting Review,G03-A19,2026-05-28T18:09:42.493Z
G03,215,remove,Review,G03-A19,2026-05-28T18:29:22.474Z
G03,216,add,DESIGN,G03-A15,2026-05-28T00:47:23.296Z
G03,216,add,size_P,G03-A15,2026-05-28T00:47:23.296Z
G03,216,add,ART.7,G03-A15,2026-05-28T00:47:23.296Z
G03,216,add,Backlog,G03-A15,2026-05-28T01:14:17.924Z
G03,216,add,Doing,G03-A15,2026-05-28T01:14:20.972Z
G03,216,remove,Backlog,G03-A15,2026-05-28T01:14:20.972Z
G03,216,remove,size_P,G03-A15,2026-05-28T01:14:36.705Z
G03,216,add,size_PP,G03-A15,2026-05-28T01:14:41.129Z
G03,216,add,Waiting Review,G03-A15,2026-05-28T01:21:53.121Z
G03,216,remove,Doing,G03-A15,2026-05-28T01:21:53.121Z
G03,216,add,Review,G03-A19,2026-05-28T18:12:37.482Z
G03,216,remove,Waiting Review,G03-A19,2026-05-28T18:12:37.482Z
G03,216,remove,Review,G03-A19,2026-05-28T18:20:44.651Z
G03,217,add,DESIGN,G03-A15,2026-05-28T01:15:04.022Z
G03,217,add,size_PP,G03-A15,2026-05-28T01:15:04.022Z
G03,217,add,ART.7,G03-A15,2026-05-28T01:15:04.022Z
G03,217,add,Backlog,G03-A15,2026-05-28T01:21:55.464Z
G03,217,add,Doing,G03-A15,2026-05-28T01:21:57.764Z
G03,217,remove,Backlog,G03-A15,2026-05-28T01:21:57.764Z
G03,217,add,Waiting Review,G03-A15,2026-05-28T01:31:46.654Z
G03,217,remove,Doing,G03-A15,2026-05-28T01:31:46.654Z
G03,217,add,Review,G03-A19,2026-05-28T18:09:18.673Z
G03,217,remove,Waiting Review,G03-A19,2026-05-28T18:09:18.673Z
G03,217,remove,Review,G03-A19,2026-05-28T18:31:31.219Z
G03,218,add,DESIGN,G03-A15,2026-05-28T01:37:31.621Z
G03,218,add,size_M,G03-A15,2026-05-28T01:37:31.621Z
G03,218,add,ART.7,G03-A15,2026-05-28T01:37:31.621Z
G03,218,add,Backlog,G03-A15,2026-05-28T01:37:59.719Z
G03,218,add,Doing,G03-A15,2026-05-28T01:38:02.819Z
G03,218,remove,Backlog,G03-A15,2026-05-28T01:38:02.819Z
G03,218,add,Waiting Review,G03-A15,2026-05-28T02:26:23.711Z
G03,218,remove,Doing,G03-A15,2026-05-28T02:26:23.711Z
G03,218,add,Review,G03-A19,2026-05-28T18:12:39.904Z
G03,218,remove,Waiting Review,G03-A19,2026-05-28T18:12:39.904Z
G03,218,remove,Review,G03-A19,2026-05-28T18:18:03.766Z
G03,219,add,DOCUMENTATION,G03-A18,2026-05-28T11:21:39.179Z
G03,219,add,size_M,G03-A18,2026-05-28T11:21:39.179Z
G03,219,add,ART.5,G03-A18,2026-05-28T11:21:39.179Z
G03,219,add,ART.9,G03-A18,2026-05-28T11:21:39.179Z
G03,219,add,Backlog,G03-A18,2026-05-28T11:22:10.104Z
G03,219,add,Doing,G03-A18,2026-05-28T12:10:31.906Z
G03,219,remove,Backlog,G03-A18,2026-05-28T12:10:31.906Z
G03,219,add,Waiting Review,G03-A18,2026-05-28T17:59:24.625Z
G03,219,remove,Doing,G03-A18,2026-05-28T17:59:24.625Z
G03,219,add,Review,G03-A16,2026-05-30T02:05:55.935Z
G03,219,remove,Waiting Review,G03-A16,2026-05-30T02:05:55.935Z
G03,219,remove,Review,G03-A16,2026-05-30T02:10:26.048Z
G03,220,add,DOCUMENTATION,G03-A18,2026-05-28T11:26:36.753Z
G03,220,add,size_P,G03-A18,2026-05-28T11:26:36.753Z
G03,220,add,ART.5,G03-A18,2026-05-28T11:26:36.753Z
G03,220,add,ART.9,G03-A18,2026-05-28T11:26:36.753Z
G03,220,remove,size_P,G03-A18,2026-05-28T11:26:38.815Z
G03,220,add,size_P,G03-A18,2026-05-28T11:26:47.003Z
G03,220,add,Backlog,G03-A18,2026-05-28T11:28:03.002Z
G03,220,add,Doing,G03-A18,2026-05-28T18:09:42.220Z
G03,220,remove,Backlog,G03-A18,2026-05-28T18:09:42.220Z
G03,220,add,Waiting Review,G03-A18,2026-05-28T18:27:15.424Z
G03,220,remove,Doing,G03-A18,2026-05-28T18:27:15.424Z
G03,220,add,Review,G03-A16,2026-05-29T19:51:16.705Z
G03,220,remove,Waiting Review,G03-A16,2026-05-29T19:51:16.705Z
G03,220,remove,Review,G03-A16,2026-05-29T19:53:46.106Z
G03,221,add,DESIGN,G03-A15,2026-05-28T11:27:18.572Z
G03,221,add,DEPLOY,G03-A15,2026-05-28T11:27:18.572Z
G03,221,add,size_P,G03-A15,2026-05-28T11:27:18.572Z
G03,221,add,ART.7,G03-A15,2026-05-28T11:27:18.572Z
G03,221,remove,DEPLOY,G03-A15,2026-05-28T11:27:20.330Z
G03,221,add,Backlog,G03-A15,2026-05-28T11:27:53.945Z
G03,221,add,Doing,G03-A15,2026-05-28T11:28:13.328Z
G03,221,remove,Backlog,G03-A15,2026-05-28T11:28:13.328Z
G03,221,add,Waiting Review,G03-A15,2026-05-28T11:39:45.527Z
G03,221,remove,Doing,G03-A15,2026-05-28T11:39:45.527Z
G03,221,add,Review,G03-A19,2026-05-28T18:12:32.210Z
G03,221,remove,Waiting Review,G03-A19,2026-05-28T18:12:32.210Z
G03,221,remove,Review,G03-A19,2026-05-28T18:25:03.219Z
G03,222,add,DOCUMENTATION,G03-A16,2026-05-28T11:39:27.551Z
G03,222,add,size_P,G03-A16,2026-05-28T11:39:27.551Z
G03,222,add,ART.7,G03-A16,2026-05-28T11:39:27.551Z
G03,222,add,Doing,G03-A16,2026-05-28T17:20:12.120Z
G03,222,add,Waiting Review,G03-A16,2026-05-28T17:37:37.866Z
G03,222,remove,Doing,G03-A16,2026-05-28T17:37:37.866Z
G03,222,add,Review,G03-A14,2026-05-29T22:36:06.480Z
G03,222,remove,Waiting Review,G03-A14,2026-05-29T22:36:06.480Z
G03,222,remove,Review,G03-A14,2026-05-29T22:45:58.968Z
G03,223,add,DESIGN,G03-A15,2026-05-28T12:02:13.967Z
G03,223,add,size_P,G03-A15,2026-05-28T12:02:13.967Z
G03,223,add,ART.7,G03-A15,2026-05-28T12:02:13.967Z
G03,223,add,Backlog,G03-A15,2026-05-28T12:02:19.186Z
G03,223,add,Doing,G03-A15,2026-05-28T12:02:22.367Z
G03,223,remove,Backlog,G03-A15,2026-05-28T12:02:22.367Z
G03,223,add,Waiting Review,G03-A15,2026-05-28T12:10:32.390Z
G03,223,remove,Doing,G03-A15,2026-05-28T12:10:32.390Z
G03,223,add,Review,G03-A19,2026-05-28T18:08:48.043Z
G03,223,remove,Waiting Review,G03-A19,2026-05-28T18:08:48.043Z
G03,223,remove,Review,G03-A19,2026-05-28T18:33:31.369Z
G03,224,add,DESIGN,G03-A15,2026-05-28T12:20:27.902Z
G03,224,add,size_PP,G03-A15,2026-05-28T12:20:27.902Z
G03,224,add,ART.7,G03-A15,2026-05-28T12:20:27.902Z
G03,224,add,Backlog,G03-A15,2026-05-28T12:21:20.789Z
G03,224,add,Doing,G03-A15,2026-05-28T12:21:22.126Z
G03,224,remove,Backlog,G03-A15,2026-05-28T12:21:22.126Z
G03,224,add,Waiting Review,G03-A15,2026-05-28T12:32:35.883Z
G03,224,remove,Doing,G03-A15,2026-05-28T12:32:35.883Z
G03,224,add,Review,G03-A19,2026-05-28T18:12:33.334Z
G03,224,remove,Waiting Review,G03-A19,2026-05-28T18:12:33.334Z
G03,224,remove,Review,G03-A19,2026-05-28T18:22:55.163Z
G03,225,add,DESIGN,G03-A15,2026-05-28T12:33:52.793Z
G03,225,add,size_PP,G03-A15,2026-05-28T12:33:52.793Z
G03,225,add,ART.7,G03-A15,2026-05-28T12:33:52.793Z
G03,225,add,Backlog,G03-A15,2026-05-28T12:34:02.246Z
G03,225,add,Doing,G03-A15,2026-05-28T12:34:03.525Z
G03,225,remove,Backlog,G03-A15,2026-05-28T12:34:03.525Z
G03,225,add,Waiting Review,G03-A15,2026-05-28T12:43:05.306Z
G03,225,remove,Doing,G03-A15,2026-05-28T12:43:05.306Z
G03,225,add,Review,G03-A19,2026-05-28T18:08:36.079Z
G03,225,remove,Waiting Review,G03-A19,2026-05-28T18:08:36.079Z
G03,225,remove,Review,G03-A19,2026-05-28T18:35:33.018Z
G03,226,add,DOCUMENTATION,G03-A13,2026-05-28T15:31:51.877Z
G03,226,add,size_P,G03-A13,2026-05-28T15:31:51.877Z
G03,226,add,ART.9,G03-A13,2026-05-28T15:31:51.877Z
G03,226,add,Backlog,G03-A13,2026-05-28T15:32:07.498Z
G03,226,remove,ART.9,G03-A13,2026-05-29T13:03:45.772Z
G03,226,add,Doing,G03-A13,2026-05-29T13:23:04.957Z
G03,226,remove,Backlog,G03-A13,2026-05-29T13:23:04.957Z
G03,226,add,Waiting Review,G03-A13,2026-05-29T20:47:58.813Z
G03,226,remove,Doing,G03-A13,2026-05-29T20:47:58.813Z
G03,226,add,Review,G03-A13,2026-05-29T20:48:01.014Z
G03,226,remove,Waiting Review,G03-A13,2026-05-29T20:48:01.014Z
G03,226,remove,Review,G03-A13,2026-05-29T20:48:04.306Z
G03,227,add,DESIGN,G03-A15,2026-05-28T16:10:32.108Z
G03,227,add,size_P,G03-A15,2026-05-28T16:10:32.108Z
G03,227,add,ART.7,G03-A15,2026-05-28T16:10:32.108Z
G03,227,add,Backlog,G03-A15,2026-05-28T16:11:19.485Z
G03,227,add,Doing,G03-A15,2026-05-28T16:11:23.289Z
G03,227,remove,Backlog,G03-A15,2026-05-28T16:11:23.289Z
G03,227,add,Waiting Review,G03-A15,2026-05-28T16:57:26.520Z
G03,227,remove,Doing,G03-A15,2026-05-28T16:57:26.520Z
G03,227,add,Review,G03-A19,2026-05-28T18:08:26.502Z
G03,227,remove,Waiting Review,G03-A19,2026-05-28T18:08:26.502Z
G03,227,remove,Review,G03-A19,2026-05-28T18:52:15.030Z
G03,228,add,DESIGN,G03-A15,2026-05-28T17:20:48.182Z
G03,228,add,size_P,G03-A15,2026-05-28T17:20:48.182Z
G03,228,add,ART.7,G03-A15,2026-05-28T17:20:48.182Z
G03,228,add,Backlog,G03-A15,2026-05-28T17:21:44.928Z
G03,228,add,Doing,G03-A15,2026-05-28T17:21:48.413Z
G03,228,remove,Backlog,G03-A15,2026-05-28T17:21:48.413Z
G03,228,add,Waiting Review,G03-A15,2026-05-28T17:42:41.687Z
G03,228,remove,Doing,G03-A15,2026-05-28T17:42:41.687Z
G03,228,add,Review,G03-A19,2026-05-28T18:07:56.572Z
G03,228,remove,Waiting Review,G03-A19,2026-05-28T18:07:56.572Z
G03,228,remove,Review,G03-A19,2026-05-28T18:59:04.283Z
G03,229,add,DOCUMENTATION,G03-A16,2026-05-28T17:37:24.221Z
G03,229,add,size_PP,G03-A16,2026-05-28T17:37:24.221Z
G03,229,add,Doing,G03-A16,2026-05-28T17:37:34.631Z
G03,229,add,Waiting Review,G03-A16,2026-05-28T17:40:40.229Z
G03,229,remove,Doing,G03-A16,2026-05-28T17:40:40.229Z
G03,229,add,Review,G03-A19,2026-05-29T13:18:37.401Z
G03,229,remove,Waiting Review,G03-A19,2026-05-29T13:18:37.401Z
G03,229,remove,Review,G03-A19,2026-05-29T13:19:11.435Z
G03,230,add,DESIGN,G03-A19,2026-05-28T17:39:42.249Z
G03,230,add,CODE,G03-A19,2026-05-28T17:39:42.249Z
G03,230,add,ART.9,G03-A19,2026-05-28T17:39:42.249Z
G03,230,add,Backlog,G03-A19,2026-05-28T17:39:47.855Z
G03,230,add,Doing,G03-A19,2026-05-28T17:39:50.693Z
G03,230,remove,Backlog,G03-A19,2026-05-28T17:39:50.693Z
G03,230,add,Waiting Review,G03-A19,2026-05-28T18:01:22.770Z
G03,230,remove,Doing,G03-A19,2026-05-28T18:01:22.770Z
G03,230,add,Review,G03-A18,2026-05-30T01:22:06.483Z
G03,230,remove,Waiting Review,G03-A18,2026-05-30T01:22:06.483Z
G03,230,remove,Review,G03-A18,2026-05-30T01:46:12.329Z
G03,231,add,DOCUMENTATION,G03-A16,2026-05-28T17:42:06.345Z
G03,231,add,size_P,G03-A16,2026-05-28T17:42:06.345Z
G03,231,add,ART.7,G03-A16,2026-05-28T17:42:06.345Z
G03,231,add,Doing,G03-A16,2026-05-28T17:42:35.715Z
G03,231,add,Waiting Review,G03-A16,2026-05-28T18:02:17.508Z
G03,231,remove,Doing,G03-A16,2026-05-28T18:02:17.508Z
G03,231,add,Review,G03-A14,2026-05-29T22:46:43.022Z
G03,231,remove,Waiting Review,G03-A14,2026-05-29T22:46:43.022Z
G03,231,remove,Review,G03-A14,2026-05-29T22:54:59.579Z
G03,232,add,DOCUMENTATION,G03-A16,2026-05-28T18:03:59.597Z
G03,232,add,size_P,G03-A16,2026-05-28T18:03:59.597Z
G03,232,add,ART.7,G03-A16,2026-05-28T18:03:59.597Z
G03,232,add,Doing,G03-A16,2026-05-28T18:04:09.505Z
G03,232,add,Waiting Review,G03-A16,2026-05-28T18:52:16.553Z
G03,232,remove,Doing,G03-A16,2026-05-28T18:52:16.553Z
G03,232,add,Review,G03-A14,2026-05-29T22:54:57.567Z
G03,232,remove,Waiting Review,G03-A14,2026-05-29T22:54:57.567Z
G03,232,remove,Review,G03-A14,2026-05-29T22:58:56.795Z
G03,233,add,DOCUMENTATION,G03-A18,2026-05-28T18:43:34.202Z
G03,233,add,size_P,G03-A18,2026-05-28T18:43:34.202Z
G03,233,add,ART.5,G03-A18,2026-05-28T18:43:34.202Z
G03,233,add,ART.9,G03-A18,2026-05-28T18:43:34.202Z
G03,233,add,Backlog,G03-A18,2026-05-28T18:43:55.373Z
G03,233,add,Doing,G03-A18,2026-05-28T18:43:58.062Z
G03,233,remove,Backlog,G03-A18,2026-05-28T18:43:58.062Z
G03,233,add,Waiting Review,G03-A18,2026-05-28T19:04:34.120Z
G03,233,remove,Doing,G03-A18,2026-05-28T19:04:34.120Z
G03,233,add,Review,G03-A16,2026-05-29T19:51:03.066Z
G03,233,remove,Waiting Review,G03-A16,2026-05-29T19:51:03.066Z
G03,233,remove,Review,G03-A16,2026-05-29T19:53:41.158Z
G03,234,add,DESIGN,G03-A15,2026-05-28T23:44:27.501Z
G03,234,add,size_M,G03-A15,2026-05-28T23:44:27.501Z
G03,234,add,ART.6,G03-A15,2026-05-28T23:44:27.501Z
G03,234,add,ART.7,G03-A15,2026-05-28T23:44:27.501Z
G03,234,add,ART.8,G03-A15,2026-05-28T23:44:27.501Z
G03,234,add,ART.9,G03-A15,2026-05-28T23:44:27.501Z
G03,234,add,Backlog,G03-A15,2026-05-28T23:46:10.922Z
G03,234,add,Doing,G03-A15,2026-05-28T23:46:13.589Z
G03,234,remove,Backlog,G03-A15,2026-05-28T23:46:13.589Z
G03,234,add,Waiting Review,G03-A15,2026-05-29T00:27:07.547Z
G03,234,remove,Doing,G03-A15,2026-05-29T00:27:07.547Z
G03,234,add,Review,G03-A18,2026-05-29T02:27:00.296Z
G03,234,remove,Waiting Review,G03-A18,2026-05-29T02:27:00.296Z
G03,234,remove,Review,G03-A18,2026-05-29T11:15:53.903Z
G03,235,add,DOCUMENTATION,G03-A18,2026-05-28T23:56:17.556Z
G03,235,add,size_M,G03-A18,2026-05-28T23:56:17.556Z
G03,235,add,ART.5,G03-A18,2026-05-28T23:56:17.556Z
G03,235,add,ART.9,G03-A18,2026-05-28T23:56:17.556Z
G03,235,add,Backlog,G03-A18,2026-05-28T23:56:58.164Z
G03,235,add,Doing,G03-A18,2026-05-29T01:46:21.360Z
G03,235,remove,Backlog,G03-A18,2026-05-29T01:46:21.360Z
G03,235,add,Waiting Review,G03-A18,2026-05-29T02:22:33.604Z
G03,235,remove,Doing,G03-A18,2026-05-29T02:22:33.604Z
G03,235,add,Review,G03-A16,2026-05-30T02:05:54.265Z
G03,235,remove,Waiting Review,G03-A16,2026-05-30T02:05:54.265Z
G03,235,remove,Review,G03-A16,2026-05-30T02:10:30.527Z
G03,236,add,size_G,G03-A12,2026-05-29T04:06:58.772Z
G03,236,add,DOCUMENTATION,G03-A12,2026-05-29T04:07:05.739Z
G03,236,add,ART.6,G03-A12,2026-05-29T04:17:01.590Z
G03,236,add,Backlog,G03-A12,2026-05-29T05:49:41.523Z
G03,236,add,Doing,G03-A12,2026-05-29T05:49:42.861Z
G03,236,remove,Backlog,G03-A12,2026-05-29T05:49:42.861Z
G03,236,add,Waiting Review,G03-A12,2026-05-29T05:57:21.216Z
G03,236,remove,Doing,G03-A12,2026-05-29T05:57:21.216Z
G03,236,add,Review,G03-A18,2026-05-29T15:51:19.084Z
G03,236,remove,Waiting Review,G03-A18,2026-05-29T15:51:19.084Z
G03,236,remove,Review,G03-A18,2026-05-29T16:40:21.623Z
G03,237,add,ART.6,G03-A12,2026-05-29T05:55:42.631Z
G03,237,add,DOCUMENTATION,G03-A12,2026-05-29T05:55:42.631Z
G03,237,add,Doing,G03-A12,2026-05-29T05:55:42.631Z
G03,237,add,size_G,G03-A12,2026-05-29T05:55:42.631Z
G03,237,remove,DOCUMENTATION,G03-A12,2026-05-29T05:57:10.056Z
G03,237,add,CODE_REVIEW,G03-A12,2026-05-29T05:57:17.223Z
G03,237,add,Waiting Review,G03-A12,2026-05-29T06:06:53.297Z
G03,237,remove,Doing,G03-A12,2026-05-29T06:06:53.297Z
G03,237,add,Review,G03-A18,2026-05-29T15:51:10.958Z
G03,237,remove,Waiting Review,G03-A18,2026-05-29T15:51:10.958Z
G03,237,remove,Review,G03-A18,2026-05-29T18:58:11.116Z
G03,238,add,DOCUMENTATION,G03-A16,2026-05-29T20:09:58.752Z
G03,238,add,size_P,G03-A16,2026-05-29T20:09:58.752Z
G03,238,add,ART.7,G03-A16,2026-05-29T20:09:58.752Z
G03,238,add,Doing,G03-A16,2026-05-29T20:10:24.748Z
G03,238,add,Waiting Review,G03-A16,2026-05-29T21:13:27.464Z
G03,238,remove,Doing,G03-A16,2026-05-29T21:13:27.464Z
G03,238,add,Review,G03-A14,2026-05-29T22:54:54.043Z
G03,238,remove,Waiting Review,G03-A14,2026-05-29T22:54:54.043Z
G03,238,remove,Review,G03-A14,2026-05-29T22:58:57.960Z
G03,239,add,DOCUMENTATION,G03-A18,2026-05-29T20:35:47.756Z
G03,239,add,size_M,G03-A18,2026-05-29T20:35:47.756Z
G03,239,add,ART.9,G03-A18,2026-05-29T20:35:47.756Z
G03,239,add,Backlog,G03-A18,2026-05-29T20:36:06.362Z
G03,239,add,Doing,G03-A18,2026-05-29T20:36:08.109Z
G03,239,remove,Backlog,G03-A18,2026-05-29T20:36:08.109Z
G03,239,add,Waiting Review,G03-A18,2026-05-29T21:01:04.209Z
G03,239,remove,Doing,G03-A18,2026-05-29T21:01:04.209Z
G03,239,add,Review,G03-A16,2026-05-30T02:05:52.557Z
G03,239,remove,Waiting Review,G03-A16,2026-05-30T02:05:52.557Z
G03,239,remove,Review,G03-A16,2026-05-30T02:10:23.420Z
G03,240,add,DOCUMENTATION,G03-A16,2026-05-29T21:16:53.088Z
G03,240,add,size_P,G03-A16,2026-05-29T21:16:53.088Z
G03,240,add,Doing,G03-A16,2026-05-29T21:17:06.466Z
G03,240,add,Waiting Review,G03-A16,2026-05-29T21:40:54.285Z
G03,240,remove,Doing,G03-A16,2026-05-29T21:40:54.285Z
G03,240,add,Review,G03-A18,2026-05-30T02:11:01.948Z
G03,240,remove,Waiting Review,G03-A18,2026-05-30T02:11:01.948Z
G03,240,remove,Review,G03-A18,2026-05-30T02:32:01.449Z
G03,241,add,DOCUMENTATION,G03-A19,2026-05-29T21:47:18.248Z
G03,241,add,size_P,G03-A19,2026-05-29T21:47:18.248Z
G03,241,add,ART.9,G03-A19,2026-05-29T21:47:18.248Z
G03,241,add,Backlog,G03-A19,2026-05-29T21:47:23.789Z
G03,241,add,Doing,G03-A19,2026-05-29T21:47:25.445Z
G03,241,remove,Backlog,G03-A19,2026-05-29T21:47:25.445Z
G03,241,add,Waiting Review,G03-A19,2026-05-29T22:12:03.104Z
G03,241,remove,Doing,G03-A19,2026-05-29T22:12:03.104Z
G03,241,add,Review,G03-A16,2026-05-29T22:31:54.453Z
G03,241,remove,Waiting Review,G03-A16,2026-05-29T22:31:54.453Z
G03,241,remove,Review,G03-A16,2026-05-29T22:35:39.051Z
G03,242,add,DOCUMENTATION,G03-A14,2026-05-29T21:52:53.046Z
G03,242,add,ART.9,G03-A14,2026-05-29T21:52:53.046Z
G03,242,add,size_M,G03-A14,2026-05-29T21:52:58.123Z
G03,242,add,Backlog,G03-A14,2026-05-29T21:53:05.404Z
G03,242,add,Doing,G03-A14,2026-05-29T21:53:08.402Z
G03,242,remove,Backlog,G03-A14,2026-05-29T21:53:08.402Z
G03,242,add,Waiting Review,G03-A14,2026-05-29T22:34:56.173Z
G03,242,remove,Doing,G03-A14,2026-05-29T22:34:56.173Z
G03,242,add,Review,G03-A18,2026-05-29T23:44:40.853Z
G03,242,remove,Waiting Review,G03-A18,2026-05-29T23:44:40.853Z
G03,242,remove,Review,G03-A18,2026-05-30T00:22:33.473Z
G03,243,add,size_M,G03-A15,2026-05-29T21:59:20.482Z
G03,243,add,DOCUMENTATION,G03-A15,2026-05-29T21:59:32.694Z
G03,243,add,ART.7,G03-A15,2026-05-29T21:59:32.694Z
G03,243,add,Backlog,G03-A15,2026-05-29T22:00:06.273Z
G03,243,add,Doing,G03-A15,2026-05-29T22:05:29.082Z
G03,243,remove,Backlog,G03-A15,2026-05-29T22:05:29.082Z
G03,243,add,Waiting Review,G03-A15,2026-05-29T23:16:54.515Z
G03,243,remove,Doing,G03-A15,2026-05-29T23:16:54.515Z
G03,243,add,Review,G03-A16,2026-05-29T23:24:31.694Z
G03,243,remove,Waiting Review,G03-A16,2026-05-29T23:24:31.694Z
G03,243,remove,Review,G03-A16,2026-05-29T23:28:54.238Z
G03,244,add,DOCUMENTATION,G03-A19,2026-05-29T22:39:47.562Z
G03,244,add,CODE,G03-A19,2026-05-29T22:39:47.562Z
G03,244,add,size_M,G03-A19,2026-05-29T22:39:47.562Z
G03,244,add,Backlog,G03-A19,2026-05-29T22:39:55.711Z
G03,244,add,Doing,G03-A19,2026-05-29T22:39:56.976Z
G03,244,remove,Backlog,G03-A19,2026-05-29T22:39:56.976Z
G03,244,add,Waiting Review,G03-A19,2026-05-29T22:54:27.122Z
G03,244,remove,Doing,G03-A19,2026-05-29T22:54:27.122Z
G03,244,add,Review,G03-A18,2026-05-30T00:21:44.656Z
G03,244,remove,Waiting Review,G03-A18,2026-05-30T00:21:44.656Z
G03,244,remove,Review,G03-A18,2026-05-30T00:52:05.987Z
G03,245,add,DOCUMENTATION,G03-A16,2026-05-29T23:07:29.229Z
G03,245,add,size_PP,G03-A16,2026-05-29T23:07:29.229Z
G03,245,add,ART.7,G03-A16,2026-05-29T23:07:29.229Z
G03,245,add,Doing,G03-A16,2026-05-29T23:07:38.506Z
G03,245,add,Waiting Review,G03-A16,2026-05-29T23:17:11.023Z
G03,245,remove,Doing,G03-A16,2026-05-29T23:17:11.023Z
G03,245,add,Review,G03-A18,2026-05-30T02:10:56.581Z
G03,245,remove,Waiting Review,G03-A18,2026-05-30T02:10:56.581Z
G03,245,remove,Review,G03-A18,2026-05-30T02:26:55.359Z
G03,246,add,DOCUMENTATION,G03-A15,2026-05-30T00:18:50.967Z
G03,246,add,size_M,G03-A15,2026-05-30T00:18:50.967Z
G03,246,add,ART.9,G03-A15,2026-05-30T00:18:50.967Z
G03,246,add,Backlog,G03-A15,2026-05-30T00:24:10.354Z
G03,246,add,Doing,G03-A15,2026-05-30T00:24:17.099Z
G03,246,remove,Backlog,G03-A15,2026-05-30T00:24:17.099Z
G03,246,add,Waiting Review,G03-A15,2026-05-30T00:39:59.669Z
G03,246,remove,Doing,G03-A15,2026-05-30T00:39:59.669Z
G03,246,add,Review,G03-A18,2026-05-30T02:32:07.233Z
G03,246,remove,Waiting Review,G03-A18,2026-05-30T02:32:07.233Z
G03,246,remove,Review,G03-A18,2026-05-30T02:43:56.303Z
G03,247,add,DOCUMENTATION,G03-A15,2026-05-30T00:20:28.230Z
G03,247,add,size_M,G03-A15,2026-05-30T00:20:28.230Z
G03,247,add,ART.9,G03-A15,2026-05-30T00:20:28.230Z
G03,247,add,Backlog,G03-A15,2026-05-30T00:24:09.024Z
G03,247,add,Doing,G03-A15,2026-05-30T01:01:29.897Z
G03,247,remove,Backlog,G03-A15,2026-05-30T01:01:29.897Z
G03,247,add,Waiting Review,G03-A15,2026-05-30T01:22:43.256Z
G03,247,remove,Doing,G03-A15,2026-05-30T01:22:43.256Z
G03,247,add,Review,G03-A18,2026-05-30T02:32:04.159Z
G03,247,remove,Waiting Review,G03-A18,2026-05-30T02:32:04.159Z
G03,247,remove,Review,G03-A18,2026-05-30T02:43:54.936Z
G03,248,add,DOCUMENTATION,G03-A15,2026-05-30T00:21:13.192Z
G03,248,add,size_M,G03-A15,2026-05-30T00:21:13.192Z
G03,248,add,ART.9,G03-A15,2026-05-30T00:21:13.192Z
G03,248,add,Backlog,G03-A15,2026-05-30T00:24:07.987Z
G03,248,add,Doing,G03-A15,2026-05-30T01:39:01.456Z
G03,248,remove,Backlog,G03-A15,2026-05-30T01:39:01.456Z
G03,248,add,Waiting Review,G03-A15,2026-05-30T02:28:26.396Z
G03,248,remove,Doing,G03-A15,2026-05-30T02:28:26.396Z
G03,248,add,Review,G03-A18,2026-06-01T17:48:44.752Z
G03,248,remove,Waiting Review,G03-A18,2026-06-01T17:48:44.752Z
G03,248,remove,Review,G03-A18,2026-06-01T18:18:39.459Z
G03,249,add,DOCUMENTATION,G03-A15,2026-05-30T00:22:47.690Z
G03,249,add,size_M,G03-A15,2026-05-30T00:22:47.690Z
G03,249,add,ART.9,G03-A15,2026-05-30T00:22:47.690Z
G03,249,add,Backlog,G03-A15,2026-05-30T00:24:06.977Z
G03,249,add,Doing,G03-A15,2026-05-30T00:41:07.195Z
G03,249,remove,Backlog,G03-A15,2026-05-30T00:41:07.195Z
G03,249,add,Waiting Review,G03-A15,2026-05-30T01:00:09.434Z
G03,249,remove,Doing,G03-A15,2026-05-30T01:00:09.434Z
G03,249,add,Review,G03-A18,2026-05-30T02:32:06.202Z
G03,249,remove,Waiting Review,G03-A18,2026-05-30T02:32:06.202Z
G03,249,remove,Review,G03-A18,2026-05-30T02:37:26.525Z
G03,250,add,DOCUMENTATION,G03-A16,2026-05-30T01:27:18.613Z
G03,250,add,size_P,G03-A16,2026-05-30T01:27:18.613Z
G03,250,add,ART.9,G03-A16,2026-05-30T01:27:18.613Z
G03,250,add,Doing,G03-A16,2026-05-30T01:27:40.612Z
G03,250,add,Waiting Review,G03-A16,2026-05-30T01:41:14.916Z
G03,250,remove,Doing,G03-A16,2026-05-30T01:41:14.916Z
G03,250,add,Review,G03-A18,2026-05-30T02:04:11.016Z
G03,250,remove,Waiting Review,G03-A18,2026-05-30T02:04:11.016Z
G03,250,remove,Review,G03-A18,2026-05-30T02:37:32.360Z
G03,251,add,DOCUMENTATION,G03-A15,2026-06-01T16:06:54.948Z
G03,251,add,ART.13,G03-A15,2026-06-01T16:06:54.948Z
G03,251,add,size_M,G03-A15,2026-06-01T16:06:59.962Z
G03,251,add,Backlog,G03-A15,2026-06-01T16:11:17.800Z
G03,251,add,Doing,G03-A15,2026-06-01T16:11:21.003Z
G03,251,remove,Backlog,G03-A15,2026-06-01T16:11:21.003Z
G03,251,add,Waiting Review,G03-A15,2026-06-01T17:06:24.847Z
G03,251,remove,Doing,G03-A15,2026-06-01T17:06:24.847Z
G03,251,add,Review,G03-A14,2026-06-01T17:53:41.626Z
G03,251,remove,Waiting Review,G03-A14,2026-06-01T17:53:41.626Z
G03,251,remove,Review,G03-A14,2026-06-01T18:32:05.647Z
G03,252,add,DOCUMENTATION,G03-A15,2026-06-01T17:07:08.810Z
G03,252,add,size_PP,G03-A15,2026-06-01T17:07:08.810Z
G03,252,add,ART.13,G03-A15,2026-06-01T17:07:08.810Z
G03,252,add,Backlog,G03-A15,2026-06-01T17:08:21.624Z
G03,252,add,Doing,G03-A15,2026-06-01T17:29:56.467Z
G03,252,remove,Backlog,G03-A15,2026-06-01T17:29:56.467Z
G03,252,add,Waiting Review,G03-A15,2026-06-01T17:48:06.359Z
G03,252,remove,Doing,G03-A15,2026-06-01T17:48:06.359Z
G03,252,add,Review,G03-A14,2026-06-01T17:53:39.663Z
G03,252,remove,Waiting Review,G03-A14,2026-06-01T17:53:39.663Z
G03,252,remove,Review,G03-A14,2026-06-01T18:31:35.407Z
G03,253,add,DOCUMENTATION,G03-A14,2026-06-01T17:32:46.899Z
G03,253,add,size_M,G03-A14,2026-06-01T17:32:46.899Z
G03,253,add,ART.13,G03-A14,2026-06-01T17:32:46.899Z
G03,253,remove,ART.13,G03-A12,2026-06-01T18:18:04.517Z
G03,253,add,ART.11,G03-A12,2026-06-01T18:18:47.785Z
G03,253,add,Backlog,G03-A12,2026-06-01T18:19:08.934Z
G03,253,add,Doing,G03-A12,2026-06-01T18:19:10.938Z
G03,253,remove,Backlog,G03-A12,2026-06-01T18:19:10.938Z
G03,253,add,Waiting Review,G03-A12,2026-06-01T18:41:17.800Z
G03,253,remove,Doing,G03-A12,2026-06-01T18:41:17.800Z
G03,253,add,Review,G03-A18,2026-06-06T20:06:07.171Z
G03,253,remove,Waiting Review,G03-A18,2026-06-06T20:06:07.171Z
G03,253,remove,Review,G03-A18,2026-06-06T21:07:02.403Z
G03,254,add,DOCUMENTATION,G03-A19,2026-06-01T17:54:45.027Z
G03,254,add,size_P,G03-A19,2026-06-01T17:54:45.027Z
G03,254,add,ART.12,G03-A19,2026-06-01T17:54:45.027Z
G03,254,add,Backlog,G03-A19,2026-06-01T17:55:15.608Z
G03,254,add,Doing,G03-A19,2026-06-01T17:55:17.312Z
G03,254,remove,Backlog,G03-A19,2026-06-01T17:55:17.312Z
G03,254,add,Waiting Review,G03-A19,2026-06-01T18:32:00.135Z
G03,254,remove,Doing,G03-A19,2026-06-01T18:32:00.135Z
G03,254,add,Review,G03-A16,2026-06-09T17:14:53.390Z
G03,254,remove,Waiting Review,G03-A16,2026-06-09T17:14:53.390Z
G03,254,remove,Review,G03-A16,2026-06-09T17:18:37.018Z
G03,255,add,DOCUMENTATION,G03-A18,2026-06-01T18:14:58.521Z
G03,255,add,size_M,G03-A18,2026-06-01T18:14:58.521Z
G03,255,add,ART.10,G03-A18,2026-06-01T18:14:58.521Z
G03,255,add,Backlog,G03-A18,2026-06-01T18:15:44.134Z
G03,255,add,Doing,G03-A18,2026-06-01T18:18:34.921Z
G03,255,remove,Backlog,G03-A18,2026-06-01T18:18:34.921Z
G03,255,add,Waiting Review,G03-A18,2026-06-01T18:52:52.688Z
G03,255,remove,Doing,G03-A18,2026-06-01T18:52:52.688Z
G03,255,add,Review,G03-A15,2026-06-12T20:43:44.892Z
G03,255,remove,Waiting Review,G03-A15,2026-06-12T20:43:44.892Z
G03,255,remove,Review,G03-A15,2026-06-12T21:11:10.182Z
G03,256,add,ART.13,G03-A12,2026-06-01T18:16:57.000Z
G03,256,add,DOCUMENTATION,G03-A12,2026-06-01T18:16:57.000Z
G03,256,add,size_M,G03-A12,2026-06-01T18:16:57.000Z
G03,256,add,Backlog,G03-A14,2026-06-11T17:23:11.836Z
G03,256,add,Doing,G03-A14,2026-06-11T17:23:13.987Z
G03,256,remove,Backlog,G03-A14,2026-06-11T17:23:13.987Z
G03,256,add,size_P,G03-A14,2026-06-11T17:36:46.716Z
G03,256,remove,size_M,G03-A14,2026-06-11T17:36:46.716Z
G03,256,add,Waiting Review,G03-A14,2026-06-11T17:53:16.182Z
G03,256,remove,Doing,G03-A14,2026-06-11T17:53:16.182Z
G03,256,add,Review,G03-A18,2026-06-11T18:15:56.933Z
G03,256,remove,Waiting Review,G03-A18,2026-06-11T18:15:56.933Z
G03,256,remove,Review,G03-A18,2026-06-11T18:23:52.929Z
G03,257,add,DOCUMENTATION,G03-A19,2026-06-01T18:47:22.644Z
G03,257,add,size_M,G03-A19,2026-06-01T18:47:22.644Z
G03,257,add,ART.12,G03-A19,2026-06-01T18:47:22.644Z
G03,257,add,size_G,G03-A19,2026-06-01T18:55:50.773Z
G03,257,remove,size_M,G03-A19,2026-06-01T18:55:50.773Z
G03,257,add,Backlog,G03-A19,2026-06-01T18:56:03.342Z
G03,257,add,Doing,G03-A19,2026-06-02T14:54:35.209Z
G03,257,remove,Backlog,G03-A19,2026-06-02T14:54:35.209Z
G03,257,add,size_M,G03-A19,2026-06-02T17:23:26.518Z
G03,257,remove,size_G,G03-A19,2026-06-02T17:23:26.518Z
G03,257,add,Waiting Review,G03-A19,2026-06-02T18:18:00.231Z
G03,257,remove,Doing,G03-A19,2026-06-02T18:18:00.231Z
G03,257,add,Review,G03-A16,2026-06-08T17:34:48.031Z
G03,257,remove,Waiting Review,G03-A16,2026-06-08T17:34:48.031Z
G03,257,remove,Review,G03-A16,2026-06-08T17:36:02.452Z
G03,258,add,DOCUMENTATION,G03-A15,2026-06-02T16:08:42.183Z
G03,258,add,size_PP,G03-A15,2026-06-02T16:08:42.183Z
G03,258,add,ART.13,G03-A15,2026-06-02T16:08:42.183Z
G03,258,add,Backlog,G03-A15,2026-06-02T16:13:41.892Z
G03,258,add,Doing,G03-A15,2026-06-02T16:13:45.212Z
G03,258,remove,Backlog,G03-A15,2026-06-02T16:13:45.212Z
G03,258,add,Waiting Review,G03-A15,2026-06-02T16:21:49.562Z
G03,258,remove,Doing,G03-A15,2026-06-02T16:21:49.562Z
G03,258,add,Review,G03-A18,2026-06-13T01:05:42.193Z
G03,258,remove,Waiting Review,G03-A18,2026-06-13T01:05:42.193Z
G03,258,remove,Review,G03-A18,2026-06-13T01:18:09.176Z
G03,259,add,DOCUMENTATION,G03-A15,2026-06-02T16:24:44.481Z
G03,259,add,size_P,G03-A15,2026-06-02T16:24:44.481Z
G03,259,add,ART.13,G03-A15,2026-06-02T16:24:44.481Z
G03,259,add,Backlog,G03-A15,2026-06-02T16:25:17.154Z
G03,259,add,Doing,G03-A15,2026-06-02T16:25:19.800Z
G03,259,remove,Backlog,G03-A15,2026-06-02T16:25:19.800Z
G03,259,add,Waiting Review,G03-A15,2026-06-02T16:37:04.171Z
G03,259,remove,Doing,G03-A15,2026-06-02T16:37:04.171Z
G03,260,add,DOCUMENTATION,G03-A15,2026-06-02T16:43:00.040Z
G03,260,add,size_P,G03-A15,2026-06-02T16:43:00.040Z
G03,260,add,ART.13,G03-A15,2026-06-02T16:43:00.040Z
G03,260,add,Backlog,G03-A15,2026-06-02T16:43:31.973Z
G03,260,add,Doing,G03-A15,2026-06-02T16:43:34.683Z
G03,260,remove,Backlog,G03-A15,2026-06-02T16:43:34.683Z
G03,260,add,Waiting Review,G03-A15,2026-06-02T17:07:07.299Z
G03,260,remove,Doing,G03-A15,2026-06-02T17:07:07.299Z
G03,260,add,Review,G03-A18,2026-06-08T11:54:24.948Z
G03,260,remove,Waiting Review,G03-A18,2026-06-08T11:54:24.948Z
G03,260,remove,Review,G03-A18,2026-06-08T12:57:02.264Z
G03,261,add,DOCUMENTATION,G03-A15,2026-06-02T17:18:35.178Z
G03,261,add,size_P,G03-A15,2026-06-02T17:18:35.178Z
G03,261,add,ART.13,G03-A15,2026-06-02T17:18:35.178Z
G03,261,add,Backlog,G03-A15,2026-06-02T17:18:53.849Z
G03,261,add,Doing,G03-A15,2026-06-02T17:28:19.979Z
G03,261,remove,Backlog,G03-A15,2026-06-02T17:28:19.979Z
G03,261,add,Waiting Review,G03-A15,2026-06-02T18:04:37.453Z
G03,261,remove,Doing,G03-A15,2026-06-02T18:04:37.453Z
G03,261,add,Review,G03-A18,2026-06-06T21:07:10.464Z
G03,261,remove,Waiting Review,G03-A18,2026-06-06T21:07:10.464Z
G03,261,remove,Review,G03-A18,2026-06-06T21:48:38.823Z
G03,262,add,DOCUMENTATION,G03-A16,2026-06-02T18:05:08.678Z
G03,262,add,size_G,G03-A16,2026-06-02T18:05:08.678Z
G03,262,add,ART.12,G03-A16,2026-06-02T18:05:08.678Z
G03,262,remove,size_G,G03-A16,2026-06-02T18:05:23.164Z
G03,262,add,size_M,G03-A16,2026-06-02T18:05:32.599Z
G03,262,add,Doing,G03-A16,2026-06-02T18:07:35.125Z
G03,262,add,Waiting Review,G03-A16,2026-06-02T19:01:57.007Z
G03,262,remove,Doing,G03-A16,2026-06-02T19:01:57.007Z
G03,262,add,Review,G03-A15,2026-06-09T18:20:28.278Z
G03,262,remove,Waiting Review,G03-A15,2026-06-09T18:20:28.278Z
G03,262,remove,Review,G03-A15,2026-06-09T18:32:23.046Z
G03,263,add,DOCUMENTATION,G03-A13,2026-06-02T18:14:50.116Z
G03,263,add,size_P,G03-A13,2026-06-02T18:14:50.116Z
G03,263,add,ART.12,G03-A13,2026-06-02T18:14:50.116Z
G03,263,add,Backlog,G03-A13,2026-06-02T18:21:55.335Z
G03,263,add,Doing,G03-A13,2026-06-02T18:21:58.561Z
G03,263,remove,Backlog,G03-A13,2026-06-02T18:21:58.561Z
G03,263,add,Waiting Review,G03-A13,2026-06-03T13:09:02.583Z
G03,263,remove,Doing,G03-A13,2026-06-03T13:09:02.583Z
G03,263,add,Review,G03-A16,2026-06-11T13:08:27.703Z
G03,263,remove,Waiting Review,G03-A16,2026-06-11T13:08:27.703Z
G03,263,remove,Review,G03-A16,2026-06-11T13:08:44.417Z
G03,264,add,DOCUMENTATION,G03-A19,2026-06-02T18:20:16.490Z
G03,264,add,size_M,G03-A19,2026-06-02T18:20:16.490Z
G03,264,add,ART.12,G03-A19,2026-06-02T18:20:16.490Z
G03,264,add,Backlog,G03-A19,2026-06-02T18:22:52.673Z
G03,264,add,Doing,G03-A19,2026-06-02T18:22:57.528Z
G03,264,remove,Backlog,G03-A19,2026-06-02T18:22:57.528Z
G03,264,add,Waiting Review,G03-A19,2026-06-03T13:11:20.622Z
G03,264,remove,Doing,G03-A19,2026-06-03T13:11:20.622Z
G03,264,add,Review,G03-A13,2026-06-08T17:14:40.908Z
G03,264,remove,Waiting Review,G03-A13,2026-06-08T17:14:40.908Z
G03,264,remove,Review,G03-A13,2026-06-08T18:05:04.454Z
G03,264,add,Review,G03-A13,2026-06-08T18:05:13.160Z
G03,264,remove,Review,G03-A13,2026-06-08T18:31:31.178Z
G03,265,add,DOCUMENTATION,G03-A18,2026-06-02T19:23:10.592Z
G03,265,add,size_M,G03-A18,2026-06-02T19:23:10.592Z
G03,265,add,ART.10,G03-A18,2026-06-02T19:23:10.592Z
G03,265,add,ART.13,G03-A18,2026-06-02T19:23:10.592Z
G03,265,add,Backlog,G03-A18,2026-06-02T19:23:35.475Z
G03,265,add,Doing,G03-A18,2026-06-02T19:25:50.689Z
G03,265,remove,Backlog,G03-A18,2026-06-02T19:25:50.689Z
G03,265,add,Waiting Review,G03-A18,2026-06-02T23:24:55.519Z
G03,265,remove,Doing,G03-A18,2026-06-02T23:24:55.519Z
G03,265,add,Review,G03-A15,2026-06-04T02:50:08.229Z
G03,265,remove,Waiting Review,G03-A15,2026-06-04T02:50:08.229Z
G03,265,remove,Review,G03-A15,2026-06-04T03:19:59.024Z
G03,266,add,DOCUMENTATION,G03-A18,2026-06-02T19:25:03.589Z
G03,266,add,size_M,G03-A18,2026-06-02T19:25:03.589Z
G03,266,add,ART.10,G03-A18,2026-06-02T19:25:03.589Z
G03,266,add,ART.13,G03-A18,2026-06-02T19:25:03.589Z
G03,266,add,Backlog,G03-A18,2026-06-02T19:25:47.427Z
G03,266,add,Doing,G03-A18,2026-06-06T17:37:44.531Z
G03,266,remove,Backlog,G03-A18,2026-06-06T17:37:44.531Z
G03,266,add,Waiting Review,G03-A18,2026-06-06T19:30:42.149Z
G03,266,remove,Doing,G03-A18,2026-06-06T19:30:42.149Z
G03,266,add,Review,G03-A15,2026-06-08T16:44:24.861Z
G03,266,remove,Waiting Review,G03-A15,2026-06-08T16:44:24.861Z
G03,266,remove,Review,G03-A15,2026-06-08T17:53:34.129Z
G03,267,add,DOCUMENTATION,G03-A19,2026-06-03T13:16:49.979Z
G03,267,add,size_M,G03-A19,2026-06-03T13:16:49.979Z
G03,267,add,ART.12,G03-A19,2026-06-03T13:16:49.979Z
G03,267,add,Backlog,G03-A19,2026-06-03T13:20:13.260Z
G03,267,add,Doing,G03-A19,2026-06-03T13:23:42.601Z
G03,267,remove,Backlog,G03-A19,2026-06-03T13:23:42.601Z
G03,267,add,Waiting Review,G03-A19,2026-06-04T00:45:19.483Z
G03,267,remove,Doing,G03-A19,2026-06-04T00:45:19.483Z
G03,267,add,Review,G03-A16,2026-06-08T17:23:09.143Z
G03,267,remove,Waiting Review,G03-A16,2026-06-08T17:23:09.143Z
G03,267,remove,Review,G03-A16,2026-06-08T17:31:32.348Z
G03,268,add,CODE,G03-A15,2026-06-03T13:55:47.867Z
G03,268,add,size_M,G03-A15,2026-06-03T13:55:47.867Z
G03,268,add,ART.10,G03-A15,2026-06-03T13:55:47.867Z
G03,268,add,Backlog,G03-A15,2026-06-03T13:55:58.241Z
G03,268,add,Doing,G03-A15,2026-06-04T01:51:54.318Z
G03,268,remove,Backlog,G03-A15,2026-06-04T01:51:54.318Z
G03,268,add,Waiting Review,G03-A15,2026-06-04T02:25:47.530Z
G03,268,remove,Doing,G03-A15,2026-06-04T02:25:47.530Z
G03,268,add,Review,G03-A14,2026-06-08T17:14:19.015Z
G03,268,remove,Waiting Review,G03-A14,2026-06-08T17:14:19.015Z
G03,268,remove,Review,G03-A14,2026-06-08T18:43:50.165Z
G03,269,add,Backlog,G03-A15,2026-06-03T14:28:06.467Z
G03,269,add,CODE,G03-A15,2026-06-03T14:29:17.106Z
G03,269,add,size_M,G03-A15,2026-06-03T14:29:17.106Z
G03,269,add,ART.10,G03-A15,2026-06-03T14:29:17.106Z
G03,269,add,Doing,G03-A15,2026-06-04T02:31:42.221Z
G03,269,remove,Backlog,G03-A15,2026-06-04T02:31:42.221Z
G03,269,add,Waiting Review,G03-A15,2026-06-04T02:35:07.522Z
G03,269,remove,Doing,G03-A15,2026-06-04T02:35:07.522Z
G03,269,add,Review,G03-A14,2026-06-08T17:14:16.973Z
G03,269,remove,Waiting Review,G03-A14,2026-06-08T17:14:16.973Z
G03,269,remove,Review,G03-A14,2026-06-08T18:43:48.627Z
G03,270,add,CODE,G03-A15,2026-06-03T14:33:21.990Z
G03,270,add,size_M,G03-A15,2026-06-03T14:33:21.990Z
G03,270,add,ART.10,G03-A15,2026-06-03T14:33:21.990Z
G03,270,add,Backlog,G03-A15,2026-06-08T12:30:26.232Z
G03,270,add,Doing,G03-A15,2026-06-08T12:30:56.818Z
G03,270,remove,Backlog,G03-A15,2026-06-08T12:30:56.818Z
G03,270,add,Waiting Review,G03-A15,2026-06-08T12:38:38.067Z
G03,270,remove,Doing,G03-A15,2026-06-08T12:38:38.067Z
G03,270,add,Review,G03-A14,2026-06-08T17:14:14.062Z
G03,270,remove,Waiting Review,G03-A14,2026-06-08T17:14:14.062Z
G03,270,remove,Review,G03-A14,2026-06-08T18:43:46.189Z
G03,271,add,ART.10,G03-A15,2026-06-03T14:33:32.428Z
G03,271,add,CODE,G03-A15,2026-06-03T14:33:32.428Z
G03,271,add,size_M,G03-A15,2026-06-03T14:33:32.428Z
G03,271,add,Backlog,G03-A15,2026-06-08T12:38:42.747Z
G03,271,add,Doing,G03-A15,2026-06-08T12:38:45.474Z
G03,271,remove,Backlog,G03-A15,2026-06-08T12:38:45.474Z
G03,271,add,Waiting Review,G03-A15,2026-06-08T12:47:11.864Z
G03,271,remove,Doing,G03-A15,2026-06-08T12:47:11.864Z
G03,271,add,Review,G03-A14,2026-06-08T17:14:12.572Z
G03,271,remove,Waiting Review,G03-A14,2026-06-08T17:14:12.572Z
G03,271,remove,Review,G03-A14,2026-06-08T18:43:45.127Z
G03,272,add,DOCUMENTATION,G03-A16,2026-06-03T18:29:49.000Z
G03,272,add,size_M,G03-A16,2026-06-03T18:29:49.000Z
G03,272,add,ART.12,G03-A16,2026-06-03T18:29:49.000Z
G03,272,add,Doing,G03-A16,2026-06-03T18:30:07.645Z
G03,272,add,Waiting Review,G03-A16,2026-06-03T18:56:44.470Z
G03,272,remove,Doing,G03-A16,2026-06-03T18:56:44.470Z
G03,272,add,Review,G03-A18,2026-06-13T01:05:40.525Z
G03,272,remove,Waiting Review,G03-A18,2026-06-13T01:05:40.525Z
G03,272,remove,Review,G03-A18,2026-06-13T01:18:14.897Z
G03,273,add,DOCUMENTATION,G03-A16,2026-06-03T18:59:22.173Z
G03,273,add,size_M,G03-A16,2026-06-03T18:59:22.173Z
G03,273,add,ART.12,G03-A16,2026-06-03T18:59:22.173Z
G03,273,add,Backlog,G03-A16,2026-06-03T18:59:41.548Z
G03,273,add,Doing,G03-A16,2026-06-03T19:54:04.625Z
G03,273,remove,Backlog,G03-A16,2026-06-03T19:54:04.625Z
G03,273,add,Waiting Review,G03-A16,2026-06-03T20:15:03.226Z
G03,273,remove,Doing,G03-A16,2026-06-03T20:15:03.226Z
G03,273,add,Review,G03-A15,2026-06-04T03:55:00.915Z
G03,273,remove,Waiting Review,G03-A15,2026-06-04T03:55:00.915Z
G03,273,remove,Review,G03-A15,2026-06-04T04:14:43.439Z
G03,274,add,DOCUMENTATION,G03-A16,2026-06-03T19:01:48.497Z
G03,274,add,size_M,G03-A16,2026-06-03T19:01:48.497Z
G03,274,add,ART.12,G03-A16,2026-06-03T19:01:48.497Z
G03,274,add,Backlog,G03-A16,2026-06-03T19:02:10.704Z
G03,274,add,Doing,G03-A16,2026-06-03T20:33:04.417Z
G03,274,remove,Backlog,G03-A16,2026-06-03T20:33:04.417Z
G03,274,add,Waiting Review,G03-A16,2026-06-03T20:56:52.309Z
G03,274,remove,Doing,G03-A16,2026-06-03T20:56:52.309Z
G03,274,add,Review,G03-A15,2026-06-04T03:54:59.468Z
G03,274,remove,Waiting Review,G03-A15,2026-06-04T03:54:59.468Z
G03,274,remove,Review,G03-A15,2026-06-04T04:14:41.359Z
G03,275,add,DOCUMENTATION,G03-A16,2026-06-03T19:05:29.242Z
G03,275,add,size_M,G03-A16,2026-06-03T19:05:29.242Z
G03,275,add,ART.12,G03-A16,2026-06-03T19:05:29.242Z
G03,275,add,Backlog,G03-A16,2026-06-03T19:05:39.229Z
G03,275,add,Doing,G03-A16,2026-06-03T21:02:02.020Z
G03,275,remove,Backlog,G03-A16,2026-06-03T21:02:02.020Z
G03,275,add,Waiting Review,G03-A16,2026-06-03T21:10:47.968Z
G03,275,remove,Doing,G03-A16,2026-06-03T21:10:47.968Z
G03,275,add,Review,G03-A15,2026-06-04T03:54:58.120Z
G03,275,remove,Waiting Review,G03-A15,2026-06-04T03:54:58.120Z
G03,275,remove,Review,G03-A15,2026-06-04T04:14:40.460Z
G03,276,add,DOCUMENTATION,G03-A16,2026-06-03T19:06:50.336Z
G03,276,add,size_M,G03-A16,2026-06-03T19:06:50.336Z
G03,276,add,ART.12,G03-A16,2026-06-03T19:06:50.336Z
G03,276,add,Backlog,G03-A16,2026-06-03T19:06:58.095Z
G03,276,add,Doing,G03-A16,2026-06-03T21:12:26.986Z
G03,276,remove,Backlog,G03-A16,2026-06-03T21:12:26.986Z
G03,276,add,Waiting Review,G03-A16,2026-06-03T21:27:07.302Z
G03,276,remove,Doing,G03-A16,2026-06-03T21:27:07.302Z
G03,276,add,Review,G03-A15,2026-06-04T03:54:56.962Z
G03,276,remove,Waiting Review,G03-A15,2026-06-04T03:54:56.962Z
G03,276,remove,Review,G03-A15,2026-06-04T04:14:39.731Z
G03,277,add,CODE,G03-A12,2026-06-04T18:27:46.616Z
G03,277,add,size_M,G03-A12,2026-06-04T18:27:46.616Z
G03,277,add,ART.11,G03-A12,2026-06-04T18:27:46.616Z
G03,277,add,Backlog,G03-A12,2026-06-04T18:29:22.593Z
G03,277,add,Doing,G03-A12,2026-06-04T18:30:14.438Z
G03,277,remove,Backlog,G03-A12,2026-06-04T18:30:14.438Z
G03,277,add,Waiting Review,G03-A12,2026-06-07T16:17:21.648Z
G03,277,remove,Doing,G03-A12,2026-06-07T16:17:21.648Z
G03,277,add,Review,G03-A14,2026-06-09T17:31:41.632Z
G03,277,remove,Waiting Review,G03-A14,2026-06-09T17:31:41.632Z
G03,277,remove,Review,G03-A14,2026-06-09T18:00:59.155Z
G03,278,add,CODE,G03-A12,2026-06-04T18:27:47.883Z
G03,278,add,size_M,G03-A12,2026-06-04T18:27:47.883Z
G03,278,add,ART.11,G03-A12,2026-06-04T18:27:47.883Z
G03,278,add,Backlog,G03-A12,2026-06-04T18:29:23.929Z
G03,278,add,Doing,G03-A12,2026-06-08T15:57:45.136Z
G03,278,remove,Backlog,G03-A12,2026-06-08T15:57:45.136Z
G03,278,add,Waiting Review,G03-A12,2026-06-09T03:05:26.761Z
G03,278,remove,Doing,G03-A12,2026-06-09T03:05:26.761Z
G03,278,add,Review,G03-A14,2026-06-09T17:31:38.133Z
G03,278,remove,Waiting Review,G03-A14,2026-06-09T17:31:38.133Z
G03,278,remove,Review,G03-A14,2026-06-09T18:00:55.847Z
G03,279,add,CODE,G03-A12,2026-06-04T18:27:49.200Z
G03,279,add,size_M,G03-A12,2026-06-04T18:27:49.200Z
G03,279,add,ART.11,G03-A12,2026-06-04T18:27:49.200Z
G03,279,add,Backlog,G03-A12,2026-06-04T18:29:25.344Z
G03,279,add,Doing,G03-A12,2026-06-08T12:35:50.951Z
G03,279,remove,Backlog,G03-A12,2026-06-08T12:35:50.951Z
G03,279,add,Waiting Review,G03-A12,2026-06-08T15:56:09.056Z
G03,279,remove,Doing,G03-A12,2026-06-08T15:56:09.056Z
G03,279,add,Review,G03-A14,2026-06-09T17:31:39.473Z
G03,279,remove,Waiting Review,G03-A14,2026-06-09T17:31:39.473Z
G03,279,remove,Review,G03-A14,2026-06-09T18:00:57.094Z
G03,280,add,CODE,G03-A12,2026-06-04T18:27:50.451Z
G03,280,add,size_M,G03-A12,2026-06-04T18:27:50.451Z
G03,280,add,ART.11,G03-A12,2026-06-04T18:27:50.451Z
G03,280,add,Backlog,G03-A12,2026-06-04T18:29:26.942Z
G03,280,add,Doing,G03-A12,2026-06-07T16:17:41.797Z
G03,280,remove,Backlog,G03-A12,2026-06-07T16:17:41.797Z
G03,280,add,Waiting Review,G03-A12,2026-06-07T20:44:56.043Z
G03,280,remove,Doing,G03-A12,2026-06-07T20:44:56.043Z
G03,280,add,Review,G03-A14,2026-06-09T17:31:40.333Z
G03,280,remove,Waiting Review,G03-A14,2026-06-09T17:31:40.333Z
G03,280,remove,Review,G03-A14,2026-06-09T18:00:58.073Z
G03,281,add,CODE,G03-A12,2026-06-04T18:27:51.655Z
G03,281,add,size_M,G03-A12,2026-06-04T18:27:51.655Z
G03,281,add,ART.11,G03-A12,2026-06-04T18:27:51.655Z
G03,281,add,Backlog,G03-A12,2026-06-04T18:29:28.584Z
G03,281,add,Doing,G03-A12,2026-06-09T03:15:08.473Z
G03,281,remove,Backlog,G03-A12,2026-06-09T03:15:08.473Z
G03,281,add,Waiting Review,G03-A12,2026-06-09T03:47:47.758Z
G03,281,remove,Doing,G03-A12,2026-06-09T03:47:47.758Z
G03,281,add,Review,G03-A14,2026-06-09T17:31:33.413Z
G03,281,remove,Waiting Review,G03-A14,2026-06-09T17:31:33.413Z
G03,281,remove,Review,G03-A14,2026-06-09T18:00:54.768Z
G03,282,add,CODE,G03-A12,2026-06-04T18:27:52.806Z
G03,282,add,size_M,G03-A12,2026-06-04T18:27:52.806Z
G03,282,add,ART.11,G03-A12,2026-06-04T18:27:52.806Z
G03,282,add,Backlog,G03-A12,2026-06-04T18:29:31.501Z
G03,282,remove,Backlog,G03-A12,2026-06-12T19:10:54.490Z
G03,283,add,CODE,G03-A12,2026-06-04T18:27:54.028Z
G03,283,add,size_M,G03-A12,2026-06-04T18:27:54.028Z
G03,283,add,ART.11,G03-A12,2026-06-04T18:27:54.028Z
G03,283,add,Backlog,G03-A12,2026-06-04T18:29:33.217Z
G03,283,add,Doing,G03-A12,2026-06-09T03:47:55.127Z
G03,283,remove,Backlog,G03-A12,2026-06-09T03:47:55.127Z
G03,283,add,Waiting Review,G03-A12,2026-06-09T04:27:22.684Z
G03,283,remove,Doing,G03-A12,2026-06-09T04:27:22.684Z
G03,283,add,Review,G03-A14,2026-06-09T17:31:32.089Z
G03,283,remove,Waiting Review,G03-A14,2026-06-09T17:31:32.089Z
G03,283,remove,Review,G03-A14,2026-06-09T18:00:53.761Z
G03,284,add,DOCUMENTATION,G03-A16,2026-06-06T00:30:25.441Z
G03,284,add,size_M,G03-A16,2026-06-06T00:30:25.441Z
G03,284,add,ART.12,G03-A16,2026-06-06T00:30:25.441Z
G03,284,add,Backlog,G03-A16,2026-06-06T00:31:37.942Z
G03,284,add,Doing,G03-A16,2026-06-06T00:34:22.172Z
G03,284,remove,Backlog,G03-A16,2026-06-06T00:34:22.172Z
G03,284,add,Waiting Review,G03-A16,2026-06-06T00:54:07.984Z
G03,284,remove,Doing,G03-A16,2026-06-06T00:54:07.984Z
G03,284,add,Review,G03-A13,2026-06-09T17:49:07.556Z
G03,284,remove,Waiting Review,G03-A13,2026-06-09T17:49:07.556Z
G03,284,remove,Review,G03-A13,2026-06-09T20:21:32.276Z
G03,285,add,DOCUMENTATION,G03-A16,2026-06-06T00:33:53.470Z
G03,285,add,size_M,G03-A16,2026-06-06T00:33:53.470Z
G03,285,add,ART.12,G03-A16,2026-06-06T00:33:53.470Z
G03,285,add,Backlog,G03-A16,2026-06-06T00:34:02.584Z
G03,285,add,Doing,G03-A16,2026-06-06T00:54:15.870Z
G03,285,remove,Backlog,G03-A16,2026-06-06T00:54:15.870Z
G03,285,add,Waiting Review,G03-A16,2026-06-06T01:26:51.391Z
G03,285,remove,Doing,G03-A16,2026-06-06T01:26:51.391Z
G03,285,add,Review,G03-A18,2026-06-13T01:05:38.645Z
G03,285,remove,Waiting Review,G03-A18,2026-06-13T01:05:38.645Z
G03,285,remove,Review,G03-A18,2026-06-13T01:18:26.786Z
G03,286,add,DOCUMENTATION,G03-A18,2026-06-06T16:11:46.532Z
G03,286,add,size_M,G03-A18,2026-06-06T16:11:46.532Z
G03,286,add,ART.10,G03-A18,2026-06-06T16:11:46.532Z
G03,286,add,ART.13,G03-A18,2026-06-06T16:11:46.532Z
G03,286,add,Backlog,G03-A18,2026-06-06T16:12:17.970Z
G03,286,add,Doing,G03-A18,2026-06-06T16:12:21.161Z
G03,286,remove,Backlog,G03-A18,2026-06-06T16:12:21.161Z
G03,286,add,Waiting Review,G03-A18,2026-06-06T17:20:27.059Z
G03,286,remove,Doing,G03-A18,2026-06-06T17:20:27.059Z
G03,286,add,Review,G03-A15,2026-06-07T00:04:36.040Z
G03,286,remove,Waiting Review,G03-A15,2026-06-07T00:04:36.040Z
G03,286,remove,Review,G03-A15,2026-06-08T16:44:38.604Z
G03,288,add,CODE,G03-A15,2026-06-08T12:14:56.013Z
G03,288,add,size_P,G03-A15,2026-06-08T12:14:56.013Z
G03,288,add,ART.10,G03-A15,2026-06-08T12:14:56.013Z
G03,288,add,Backlog,G03-A15,2026-06-08T12:15:14.424Z
G03,288,add,Doing,G03-A15,2026-06-08T12:15:32.567Z
G03,288,remove,Backlog,G03-A15,2026-06-08T12:15:32.567Z
G03,288,add,Waiting Review,G03-A15,2026-06-08T12:29:22.577Z
G03,288,remove,Doing,G03-A15,2026-06-08T12:29:22.577Z
G03,288,add,Review,G03-A14,2026-06-08T17:14:14.994Z
G03,288,remove,Waiting Review,G03-A14,2026-06-08T17:14:14.994Z
G03,288,remove,Review,G03-A14,2026-06-08T18:43:47.357Z
G03,289,add,DOCUMENTATION,G03-A15,2026-06-08T16:40:01.359Z
G03,289,add,size_PP,G03-A15,2026-06-08T16:40:01.359Z
G03,289,add,ART.13,G03-A15,2026-06-08T16:40:01.359Z
G03,289,add,Backlog,G03-A15,2026-06-08T16:40:22.303Z
G03,289,add,Doing,G03-A15,2026-06-08T16:40:25.381Z
G03,289,remove,Backlog,G03-A15,2026-06-08T16:40:25.381Z
G03,289,add,Waiting Review,G03-A15,2026-06-08T16:44:07.053Z
G03,289,remove,Doing,G03-A15,2026-06-08T16:44:07.053Z
G03,289,add,Review,G03-A18,2026-06-08T17:39:26.791Z
G03,289,remove,Waiting Review,G03-A18,2026-06-08T17:39:26.791Z
G03,289,remove,Review,G03-A18,2026-06-08T18:39:12.435Z
G03,290,add,DOCUMENTATION,G03-A15,2026-06-08T17:03:04.033Z
G03,290,add,size_P,G03-A15,2026-06-08T17:03:04.033Z
G03,290,add,Backlog,G03-A15,2026-06-08T17:13:59.829Z
G03,290,add,Doing,G03-A15,2026-06-08T17:14:03.034Z
G03,290,remove,Backlog,G03-A15,2026-06-08T17:14:03.034Z
G03,290,add,Waiting Review,G03-A15,2026-06-08T17:46:53.659Z
G03,290,remove,Doing,G03-A15,2026-06-08T17:46:53.659Z
G03,290,add,Review,G03-A16,2026-06-09T18:14:23.277Z
G03,290,remove,Waiting Review,G03-A16,2026-06-09T18:14:23.277Z
G03,290,remove,Review,G03-A16,2026-06-09T18:16:17.324Z
G03,291,add,DESIGN,G03-A15,2026-06-08T17:53:02.686Z
G03,291,add,CODE,G03-A15,2026-06-08T17:53:02.686Z
G03,291,add,size_P,G03-A15,2026-06-08T17:53:02.686Z
G03,291,add,ART.10,G03-A15,2026-06-08T17:53:02.686Z
G03,291,add,Backlog,G03-A15,2026-06-08T17:53:23.639Z
G03,291,add,Doing,G03-A15,2026-06-08T17:53:26.361Z
G03,291,remove,Backlog,G03-A15,2026-06-08T17:53:26.361Z
G03,291,add,Waiting Review,G03-A15,2026-06-08T17:59:42.774Z
G03,291,remove,Doing,G03-A15,2026-06-08T17:59:42.774Z
G03,291,add,Review,G03-A14,2026-06-09T13:17:22.580Z
G03,291,remove,Waiting Review,G03-A14,2026-06-09T13:17:22.580Z
G03,291,remove,Review,G03-A14,2026-06-09T13:17:26.043Z
G03,292,add,DOCUMENTATION,G03-A15,2026-06-08T18:16:31.437Z
G03,292,add,size_M,G03-A15,2026-06-08T18:16:31.437Z
G03,292,add,ART.13,G03-A15,2026-06-08T18:16:31.437Z
G03,292,add,Backlog,G03-A15,2026-06-08T23:59:45.630Z
G03,292,add,Doing,G03-A15,2026-06-09T00:20:47.104Z
G03,292,remove,Backlog,G03-A15,2026-06-09T00:20:47.104Z
G03,292,add,Waiting Review,G03-A15,2026-06-09T00:30:06.053Z
G03,292,remove,Doing,G03-A15,2026-06-09T00:30:06.053Z
G03,292,add,Review,G03-A18,2026-06-11T13:22:19.933Z
G03,292,remove,Waiting Review,G03-A18,2026-06-11T13:22:19.933Z
G03,292,remove,Review,G03-A18,2026-06-11T14:12:52.420Z
G03,293,add,ART.13,G03-A15,2026-06-08T18:18:22.023Z
G03,293,add,DOCUMENTATION,G03-A15,2026-06-08T18:18:22.023Z
G03,293,add,size_M,G03-A15,2026-06-08T18:18:22.023Z
G03,293,add,Backlog,G03-A15,2026-06-09T18:40:35.474Z
G03,293,add,Doing,G03-A15,2026-06-09T18:40:40.461Z
G03,293,remove,Backlog,G03-A15,2026-06-09T18:40:40.461Z
G03,293,add,Waiting Review,G03-A15,2026-06-09T19:02:15.544Z
G03,293,remove,Doing,G03-A15,2026-06-09T19:02:15.544Z
G03,293,add,Review,G03-A18,2026-06-11T13:22:23.690Z
G03,293,remove,Waiting Review,G03-A18,2026-06-11T13:22:23.690Z
G03,293,remove,Review,G03-A18,2026-06-11T14:12:54.138Z
G03,295,add,ART.13,G03-A15,2026-06-08T18:19:44.891Z
G03,295,add,DOCUMENTATION,G03-A15,2026-06-08T18:19:44.891Z
G03,295,add,size_M,G03-A15,2026-06-08T18:19:44.891Z
G03,295,add,Backlog,G03-A15,2026-06-08T18:20:34.286Z
G03,295,add,Doing,G03-A15,2026-06-08T18:20:37.455Z
G03,295,remove,Backlog,G03-A15,2026-06-08T18:20:37.455Z
G03,295,add,Waiting Review,G03-A15,2026-06-08T18:51:21.349Z
G03,295,remove,Doing,G03-A15,2026-06-08T18:51:21.349Z
G03,295,add,Review,G03-A18,2026-06-11T13:22:15.384Z
G03,295,remove,Waiting Review,G03-A18,2026-06-11T13:22:15.384Z
G03,295,remove,Review,G03-A18,2026-06-11T14:12:45.492Z
G03,296,add,DOCUMENTATION,G03-A14,2026-06-08T18:42:42.274Z
G03,296,add,size_P,G03-A14,2026-06-08T18:42:42.274Z
G03,296,add,ART.10,G03-A14,2026-06-08T18:42:42.274Z
G03,296,add,Backlog,G03-A14,2026-06-08T18:43:29.956Z
G03,296,add,Doing,G03-A14,2026-06-08T18:43:31.249Z
G03,296,remove,Backlog,G03-A14,2026-06-08T18:43:31.249Z
G03,296,add,Waiting Review,G03-A14,2026-06-08T18:57:51.914Z
G03,296,remove,Doing,G03-A14,2026-06-08T18:57:51.914Z
G03,296,add,Review,G03-A15,2026-06-08T19:01:48.376Z
G03,296,remove,Waiting Review,G03-A15,2026-06-08T19:01:48.376Z
G03,296,remove,Review,G03-A15,2026-06-08T19:05:02.661Z
G03,297,add,CODE,G03-A15,2026-06-08T23:34:12.285Z
G03,297,add,size_M,G03-A15,2026-06-08T23:34:12.285Z
G03,297,add,ART.10,G03-A15,2026-06-08T23:34:12.285Z
G03,297,add,Backlog,G03-A15,2026-06-08T23:34:47.562Z
G03,297,add,Doing,G03-A15,2026-06-08T23:34:50.761Z
G03,297,remove,Backlog,G03-A15,2026-06-08T23:34:50.761Z
G03,297,add,Waiting Review,G03-A15,2026-06-08T23:54:32.021Z
G03,297,remove,Doing,G03-A15,2026-06-08T23:54:32.021Z
G03,297,add,Review,G03-A12,2026-06-09T12:47:39.882Z
G03,297,remove,Waiting Review,G03-A12,2026-06-09T12:47:39.882Z
G03,297,remove,Review,G03-A12,2026-06-09T13:16:31.457Z
G03,298,add,CODE,G03-A15,2026-06-09T11:39:49.117Z
G03,298,add,size_P,G03-A15,2026-06-09T11:39:49.117Z
G03,298,add,ART.10,G03-A15,2026-06-09T11:39:49.117Z
G03,298,add,Backlog,G03-A15,2026-06-09T11:39:58.780Z
G03,298,remove,size_P,G03-A15,2026-06-09T11:40:04.331Z
G03,298,add,size_M,G03-A15,2026-06-09T11:40:08.669Z
G03,298,add,Doing,G03-A15,2026-06-09T11:40:13.378Z
G03,298,remove,Backlog,G03-A15,2026-06-09T11:40:13.378Z
G03,298,add,Waiting Review,G03-A15,2026-06-09T11:53:51.613Z
G03,298,remove,Doing,G03-A15,2026-06-09T11:53:51.613Z
G03,298,add,Review,G03-A12,2026-06-09T12:03:09.039Z
G03,298,remove,Waiting Review,G03-A12,2026-06-09T12:03:09.039Z
G03,298,remove,Review,G03-A12,2026-06-09T12:38:07.347Z
G03,299,add,CODE,G03-A15,2026-06-09T12:43:05.045Z
G03,299,add,size_PP,G03-A15,2026-06-09T12:43:05.045Z
G03,299,add,ART.10,G03-A15,2026-06-09T12:43:05.045Z
G03,299,add,Backlog,G03-A15,2026-06-09T12:43:13.560Z
G03,299,add,Doing,G03-A15,2026-06-09T12:43:18.087Z
G03,299,remove,Backlog,G03-A15,2026-06-09T12:43:18.087Z
G03,299,add,Waiting Review,G03-A15,2026-06-09T12:44:23.276Z
G03,299,remove,Doing,G03-A15,2026-06-09T12:44:23.276Z
G03,299,add,Review,G03-A12,2026-06-09T13:16:35.875Z
G03,299,remove,Waiting Review,G03-A12,2026-06-09T13:16:35.875Z
G03,299,remove,Review,G03-A12,2026-06-09T17:40:27.304Z
G03,300,add,DOCUMENTATION,G03-A19,2026-06-09T14:59:27.643Z
G03,300,add,size_M,G03-A19,2026-06-09T14:59:27.643Z
G03,300,add,ART.12,G03-A19,2026-06-09T14:59:27.643Z
G03,300,add,Backlog,G03-A19,2026-06-09T15:00:44.654Z
G03,300,add,Doing,G03-A19,2026-06-09T15:00:45.939Z
G03,300,remove,Backlog,G03-A19,2026-06-09T15:00:45.939Z
G03,300,add,Waiting Review,G03-A19,2026-06-09T17:47:27.149Z
G03,300,remove,Doing,G03-A19,2026-06-09T17:47:27.149Z
G03,300,add,Review,G03-A16,2026-06-11T13:08:50.483Z
G03,300,remove,Waiting Review,G03-A16,2026-06-11T13:08:50.483Z
G03,300,remove,Review,G03-A16,2026-06-11T13:08:55.701Z
G03,301,add,DESIGN,G03-A15,2026-06-09T15:59:02.281Z
G03,301,add,CODE,G03-A15,2026-06-09T15:59:02.281Z
G03,301,add,size_M,G03-A15,2026-06-09T15:59:02.281Z
G03,301,add,ART.10,G03-A15,2026-06-09T15:59:02.281Z
G03,301,add,Backlog,G03-A15,2026-06-09T17:00:59.262Z
G03,301,add,Doing,G03-A15,2026-06-09T17:01:03.335Z
G03,301,remove,Backlog,G03-A15,2026-06-09T17:01:03.335Z
G03,301,add,Waiting Review,G03-A15,2026-06-09T17:39:17.435Z
G03,301,remove,Doing,G03-A15,2026-06-09T17:39:17.435Z
G03,301,add,Review,G03-A12,2026-06-10T18:03:01.607Z
G03,301,remove,Waiting Review,G03-A12,2026-06-10T18:03:01.607Z
G03,301,remove,Review,G03-A12,2026-06-10T18:07:57.273Z
G03,302,add,DOCUMENTATION,G03-A13,2026-06-09T17:13:58.254Z
G03,302,add,size_PP,G03-A13,2026-06-09T17:13:58.254Z
G03,302,add,ART.12,G03-A13,2026-06-09T17:13:58.254Z
G03,302,add,Backlog,G03-A13,2026-06-09T17:18:51.543Z
G03,302,add,Doing,G03-A16,2026-06-11T22:37:54.640Z
G03,302,remove,Backlog,G03-A16,2026-06-11T22:37:54.640Z
G03,302,add,Waiting Review,G03-A16,2026-06-11T23:52:51.861Z
G03,302,remove,Doing,G03-A16,2026-06-11T23:52:51.861Z
G03,302,add,Review,G03-A18,2026-06-12T21:27:51.082Z
G03,302,remove,Waiting Review,G03-A18,2026-06-12T21:27:51.082Z
G03,302,remove,Review,G03-A18,2026-06-12T21:32:07.270Z
G03,303,add,DOCUMENTATION,G03-A16,2026-06-09T17:26:14.496Z
G03,303,add,size_P,G03-A16,2026-06-09T17:26:14.496Z
G03,303,add,ART.12,G03-A16,2026-06-09T17:26:14.496Z
G03,303,add,Doing,G03-A16,2026-06-09T17:26:38.451Z
G03,303,add,Waiting Review,G03-A16,2026-06-09T17:31:26.818Z
G03,303,remove,Doing,G03-A16,2026-06-09T17:31:26.818Z
G03,303,add,Review,G03-A18,2026-06-13T01:05:35.130Z
G03,303,remove,Waiting Review,G03-A18,2026-06-13T01:05:35.130Z
G03,303,remove,Review,G03-A18,2026-06-13T01:18:07.350Z
G03,304,add,DOCUMENTATION,G03-A19,2026-06-09T17:55:19.612Z
G03,304,add,ART.12,G03-A19,2026-06-09T17:55:19.612Z
G03,304,add,size_P,G03-A19,2026-06-09T17:55:37.393Z
G03,304,add,Backlog,G03-A19,2026-06-09T17:55:44.675Z
G03,304,add,Doing,G03-A19,2026-06-09T17:55:46.306Z
G03,304,remove,Backlog,G03-A19,2026-06-09T17:55:46.306Z
G03,304,add,Waiting Review,G03-A19,2026-06-09T18:11:40.547Z
G03,304,remove,Doing,G03-A19,2026-06-09T18:11:40.547Z
G03,304,add,Review,G03-A16,2026-06-09T18:21:24.782Z
G03,304,remove,Waiting Review,G03-A16,2026-06-09T18:21:24.782Z
G03,304,remove,Review,G03-A16,2026-06-09T18:22:37.659Z
G03,305,add,DOCUMENTATION,G03-A18,2026-06-09T17:56:42.922Z
G03,305,add,size_P,G03-A18,2026-06-09T17:56:42.922Z
G03,305,add,ART.10,G03-A18,2026-06-09T17:56:42.922Z
G03,305,add,Backlog,G03-A18,2026-06-09T18:08:45.278Z
G03,305,add,Doing,G03-A18,2026-06-09T18:11:37.037Z
G03,305,remove,Backlog,G03-A18,2026-06-09T18:11:37.037Z
G03,305,add,Waiting Review,G03-A18,2026-06-09T18:26:30.235Z
G03,305,remove,Doing,G03-A18,2026-06-09T18:26:30.235Z
G03,305,add,Review,G03-A15,2026-06-13T03:00:19.249Z
G03,305,remove,Waiting Review,G03-A15,2026-06-13T03:00:19.249Z
G03,305,remove,Review,G03-A15,2026-06-13T03:00:21.044Z
G03,306,add,DOCUMENTATION,G03-A18,2026-06-09T18:03:05.403Z
G03,306,add,ART.10,G03-A18,2026-06-09T18:03:05.403Z
G03,306,add,size_PP,G03-A18,2026-06-09T18:04:32.483Z
G03,306,add,Backlog,G03-A18,2026-06-09T18:08:47.369Z
G03,306,add,Doing,G03-A18,2026-06-09T18:26:32.066Z
G03,306,remove,Backlog,G03-A18,2026-06-09T18:26:32.066Z
G03,306,add,Waiting Review,G03-A18,2026-06-09T18:50:15.619Z
G03,306,remove,Doing,G03-A18,2026-06-09T18:50:15.619Z
G03,306,add,Review,G03-A15,2026-06-13T03:00:15.314Z
G03,306,remove,Waiting Review,G03-A15,2026-06-13T03:00:15.314Z
G03,306,remove,Review,G03-A15,2026-06-13T03:00:17.817Z
G03,308,add,DOCUMENTATION,G03-A18,2026-06-09T18:10:46.200Z
G03,308,add,size_P,G03-A18,2026-06-09T18:10:46.200Z
G03,308,add,ART.10,G03-A18,2026-06-09T18:10:46.200Z
G03,308,add,Backlog,G03-A18,2026-06-09T18:11:18.023Z
G03,308,add,Doing,G03-A18,2026-06-09T18:50:42.923Z
G03,308,remove,Backlog,G03-A18,2026-06-09T18:50:42.923Z
G03,308,add,Waiting Review,G03-A18,2026-06-10T01:38:03.908Z
G03,308,remove,Doing,G03-A18,2026-06-10T01:38:03.908Z
G03,308,add,Review,G03-A14,2026-06-11T18:49:45.548Z
G03,308,remove,Waiting Review,G03-A14,2026-06-11T18:49:45.548Z
G03,308,remove,Review,G03-A14,2026-06-23T18:12:46.787Z
G03,309,add,DOCUMENTATION,G03-A16,2026-06-09T18:33:26.714Z
G03,309,add,size_PP,G03-A16,2026-06-09T18:33:26.714Z
G03,309,add,ART.12,G03-A16,2026-06-09T18:33:26.714Z
G03,309,add,Doing,G03-A16,2026-06-09T18:33:39.976Z
G03,309,add,Waiting Review,G03-A16,2026-06-09T18:46:02.188Z
G03,309,remove,Doing,G03-A16,2026-06-09T18:46:02.188Z
G03,309,add,Review,G03-A15,2026-06-09T23:34:03.292Z
G03,309,remove,Waiting Review,G03-A15,2026-06-09T23:34:03.292Z
G03,309,remove,Review,G03-A15,2026-06-09T23:50:37.807Z
G03,310,add,DOCUMENTATION,G03-A15,2026-06-10T00:01:17.071Z
G03,310,add,size_PP,G03-A15,2026-06-10T00:01:17.071Z
G03,310,add,Fix,G03-A15,2026-06-10T00:01:21.693Z
G03,310,add,Backlog,G03-A15,2026-06-10T00:01:30.068Z
G03,310,add,Doing,G03-A15,2026-06-10T00:01:32.908Z
G03,310,remove,Backlog,G03-A15,2026-06-10T00:01:32.908Z
G03,310,add,Waiting Review,G03-A15,2026-06-10T00:10:38.643Z
G03,310,remove,Doing,G03-A15,2026-06-10T00:10:38.643Z
G03,310,add,Review,G03-A18,2026-06-10T01:20:49.337Z
G03,310,remove,Waiting Review,G03-A18,2026-06-10T01:20:49.337Z
G03,310,remove,Review,G03-A18,2026-06-10T01:48:01.599Z
G03,311,add,CODE,G03-A15,2026-06-10T00:24:46.011Z
G03,311,add,size_PP,G03-A15,2026-06-10T00:24:46.011Z
G03,311,add,Fix,G03-A15,2026-06-10T00:24:46.011Z
G03,311,add,ART.10,G03-A15,2026-06-10T00:24:46.011Z
G03,311,add,Backlog,G03-A15,2026-06-10T00:24:55.381Z
G03,311,add,Doing,G03-A15,2026-06-10T00:24:59.178Z
G03,311,remove,Backlog,G03-A15,2026-06-10T00:24:59.178Z
G03,311,add,Waiting Review,G03-A15,2026-06-10T00:32:47.635Z
G03,311,remove,Doing,G03-A15,2026-06-10T00:32:47.635Z
G03,311,add,Review,G03-A12,2026-06-10T18:02:38.573Z
G03,311,remove,Waiting Review,G03-A12,2026-06-10T18:02:38.573Z
G03,311,remove,Review,G03-A12,2026-06-10T18:07:51.419Z
G03,312,add,CODE,G03-A15,2026-06-10T00:37:33.912Z
G03,312,add,size_M,G03-A15,2026-06-10T00:37:33.912Z
G03,312,add,size_G,G03-A15,2026-06-10T00:37:33.912Z
G03,312,add,ART.10,G03-A15,2026-06-10T00:37:33.912Z
G03,312,remove,size_G,G03-A15,2026-06-10T00:37:48.207Z
G03,312,add,Backlog,G03-A15,2026-06-10T00:38:20.718Z
G03,312,add,Doing,G03-A15,2026-06-10T00:41:55.343Z
G03,312,remove,Backlog,G03-A15,2026-06-10T00:41:55.343Z
G03,312,add,Waiting Review,G03-A15,2026-06-10T01:14:33.079Z
G03,312,remove,Doing,G03-A15,2026-06-10T01:14:33.079Z
G03,312,add,Review,G03-A18,2026-06-13T02:57:33.913Z
G03,312,remove,Waiting Review,G03-A18,2026-06-13T02:57:33.913Z
G03,312,remove,Review,G03-A18,2026-06-13T03:00:23.671Z
G03,313,add,CODE,G03-A15,2026-06-10T01:23:38.153Z
G03,313,add,size_M,G03-A15,2026-06-10T01:23:38.153Z
G03,313,add,ART.10,G03-A15,2026-06-10T01:23:38.153Z
G03,313,add,Backlog,G03-A15,2026-06-10T01:23:59.873Z
G03,313,add,Doing,G03-A15,2026-06-10T01:40:15.808Z
G03,313,remove,Backlog,G03-A15,2026-06-10T01:40:15.808Z
G03,313,add,Waiting Review,G03-A15,2026-06-10T02:04:29.272Z
G03,313,remove,Doing,G03-A15,2026-06-10T02:04:29.272Z
G03,313,add,Review,G03-A12,2026-06-10T17:10:09.098Z
G03,313,remove,Waiting Review,G03-A12,2026-06-10T17:10:09.098Z
G03,313,add,Waiting Review,G03-A12,2026-06-10T18:07:45.091Z
G03,313,remove,Review,G03-A12,2026-06-10T18:07:45.091Z
G03,313,add,Review,G03-A12,2026-06-12T01:43:41.125Z
G03,313,remove,Waiting Review,G03-A12,2026-06-12T01:43:41.125Z
G03,313,remove,Review,G03-A12,2026-06-12T02:02:48.386Z
G03,314,add,DOCUMENTATION,G03-A18,2026-06-10T01:46:07.380Z
G03,314,add,size_M,G03-A18,2026-06-10T01:46:07.380Z
G03,314,add,ART.10,G03-A18,2026-06-10T01:46:07.380Z
G03,314,add,Backlog,G03-A18,2026-06-10T01:47:26.771Z
G03,314,add,Doing,G03-A18,2026-06-10T11:11:48.247Z
G03,314,remove,Backlog,G03-A18,2026-06-10T11:11:48.247Z
G03,314,add,Waiting Review,G03-A18,2026-06-10T17:50:35.251Z
G03,314,remove,Doing,G03-A18,2026-06-10T17:50:35.251Z
G03,314,add,Review,G03-A14,2026-06-11T18:49:46.648Z
G03,314,remove,Waiting Review,G03-A14,2026-06-11T18:49:46.648Z
G03,314,remove,Review,G03-A14,2026-06-23T18:12:48.038Z
G03,315,add,CODE,G03-A15,2026-06-10T02:10:38.511Z
G03,315,add,size_M,G03-A15,2026-06-10T02:10:38.511Z
G03,315,add,ART.10,G03-A15,2026-06-10T02:10:38.511Z
G03,315,add,Backlog,G03-A15,2026-06-10T02:13:35.829Z
G03,315,add,Doing,G03-A15,2026-06-10T02:13:38.366Z
G03,315,remove,Backlog,G03-A15,2026-06-10T02:13:38.366Z
G03,315,add,Waiting Review,G03-A15,2026-06-10T02:45:20.076Z
G03,315,remove,Doing,G03-A15,2026-06-10T02:45:20.076Z
G03,315,add,Review,G03-A13,2026-06-10T11:48:58.700Z
G03,315,remove,Waiting Review,G03-A13,2026-06-10T11:48:58.700Z
G03,315,remove,Review,G03-A12,2026-06-12T17:18:54.548Z
G03,316,add,CODE,G03-A15,2026-06-10T03:03:13.146Z
G03,316,add,size_M,G03-A15,2026-06-10T03:03:13.146Z
G03,316,add,ART.10,G03-A15,2026-06-10T03:03:13.146Z
G03,316,add,Backlog,G03-A15,2026-06-10T03:03:22.580Z
G03,316,add,Doing,G03-A15,2026-06-10T03:03:24.791Z
G03,316,remove,Backlog,G03-A15,2026-06-10T03:03:24.791Z
G03,316,add,Waiting Review,G03-A15,2026-06-10T03:34:35.043Z
G03,316,remove,Doing,G03-A15,2026-06-10T03:34:35.043Z
G03,316,add,Review,G03-A13,2026-06-10T11:48:51.471Z
G03,316,remove,Waiting Review,G03-A13,2026-06-10T11:48:51.471Z
G03,316,remove,Review,G03-A13,2026-06-10T11:49:03.351Z
G03,317,add,CODE,G03-A15,2026-06-10T12:29:57.635Z
G03,317,add,size_M,G03-A15,2026-06-10T12:29:57.635Z
G03,317,add,ART.10,G03-A15,2026-06-10T12:29:57.635Z
G03,317,add,Backlog,G03-A15,2026-06-10T12:33:27.173Z
G03,317,add,Doing,G03-A15,2026-06-10T16:31:57.181Z
G03,317,remove,Backlog,G03-A15,2026-06-10T16:31:57.181Z
G03,317,add,Waiting Review,G03-A15,2026-06-10T16:56:07.642Z
G03,317,remove,Doing,G03-A15,2026-06-10T16:56:07.642Z
G03,317,add,Review,G03-A12,2026-06-10T17:49:33.377Z
G03,317,remove,Waiting Review,G03-A12,2026-06-10T17:49:33.377Z
G03,317,remove,Review,G03-A12,2026-06-10T18:03:08.181Z
G03,318,add,CODE,G03-A15,2026-06-10T17:31:33.801Z
G03,318,add,size_M,G03-A15,2026-06-10T17:31:33.801Z
G03,318,add,ART.10,G03-A15,2026-06-10T17:31:33.801Z
G03,318,add,Backlog,G03-A15,2026-06-10T17:31:47.081Z
G03,318,add,Doing,G03-A15,2026-06-10T17:31:49.937Z
G03,318,remove,Backlog,G03-A15,2026-06-10T17:31:49.937Z
G03,318,add,Waiting Review,G03-A15,2026-06-10T18:22:33.944Z
G03,318,remove,Doing,G03-A15,2026-06-10T18:22:33.944Z
G03,318,add,Review,G03-A12,2026-06-11T04:29:51.129Z
G03,318,remove,Waiting Review,G03-A12,2026-06-11T04:29:51.129Z
G03,318,remove,Review,G03-A12,2026-06-11T04:40:29.519Z
G03,319,add,CODE,G03-A15,2026-06-10T18:38:26.752Z
G03,319,add,size_M,G03-A15,2026-06-10T18:38:26.752Z
G03,319,add,ART.10,G03-A15,2026-06-10T18:38:26.752Z
G03,319,add,Backlog,G03-A15,2026-06-10T18:39:36.861Z
G03,319,add,Doing,G03-A15,2026-06-10T18:39:38.230Z
G03,319,remove,Backlog,G03-A15,2026-06-10T18:39:38.230Z
G03,319,add,Waiting Review,G03-A15,2026-06-10T20:30:33.056Z
G03,319,remove,Doing,G03-A15,2026-06-10T20:30:33.056Z
G03,319,add,Review,G03-A18,2026-06-13T02:57:36.744Z
G03,319,remove,Waiting Review,G03-A18,2026-06-13T02:57:36.744Z
G03,319,remove,Review,G03-A18,2026-06-13T03:00:19.273Z
G03,320,add,CODE,G03-A12,2026-06-10T22:14:39.345Z
G03,320,add,size_M,G03-A12,2026-06-10T22:14:39.345Z
G03,320,add,ART.11,G03-A12,2026-06-10T22:14:39.345Z
G03,320,add,Backlog,G03-A12,2026-06-11T04:09:50.603Z
G03,320,add,Doing,G03-A12,2026-06-11T04:09:59.719Z
G03,320,remove,Backlog,G03-A12,2026-06-11T04:09:59.719Z
G03,320,add,Waiting Review,G03-A12,2026-06-11T04:14:18.015Z
G03,320,remove,Doing,G03-A12,2026-06-11T04:14:18.015Z
G03,320,add,Review,G03-A15,2026-06-11T12:48:40.681Z
G03,320,remove,Waiting Review,G03-A15,2026-06-11T12:48:40.681Z
G03,320,remove,Review,G03-A15,2026-06-11T12:58:06.292Z
G03,321,add,CODE,G03-A12,2026-06-11T04:46:20.585Z
G03,321,add,size_M,G03-A12,2026-06-11T04:46:20.585Z
G03,321,add,ART.11,G03-A12,2026-06-11T04:46:20.585Z
G03,321,add,Backlog,G03-A12,2026-06-11T04:46:42.394Z
G03,321,add,Doing,G03-A12,2026-06-11T04:47:04.621Z
G03,321,remove,Backlog,G03-A12,2026-06-11T04:47:04.621Z
G03,321,add,Waiting Review,G03-A12,2026-06-12T00:48:47.652Z
G03,321,remove,Doing,G03-A12,2026-06-12T00:48:47.652Z
G03,321,add,Review,G03-A15,2026-06-12T02:35:06.181Z
G03,321,remove,Waiting Review,G03-A15,2026-06-12T02:35:06.181Z
G03,321,remove,Review,G03-A15,2026-06-12T03:00:37.883Z
G03,322,add,CODE,G03-A15,2026-06-11T12:29:35.450Z
G03,322,add,size_PP,G03-A15,2026-06-11T12:29:35.450Z
G03,322,add,ART.10,G03-A15,2026-06-11T12:29:35.450Z
G03,322,add,Backlog,G03-A15,2026-06-11T12:29:46.073Z
G03,322,add,Doing,G03-A15,2026-06-11T12:29:48.285Z
G03,322,remove,Backlog,G03-A15,2026-06-11T12:29:48.285Z
G03,322,add,Waiting Review,G03-A15,2026-06-11T12:39:48.013Z
G03,322,remove,Doing,G03-A15,2026-06-11T12:39:48.013Z
G03,322,add,Review,G03-A18,2026-06-13T02:57:38.737Z
G03,322,remove,Waiting Review,G03-A18,2026-06-13T02:57:38.737Z
G03,322,remove,Review,G03-A18,2026-06-13T02:59:15.034Z
G03,323,add,CODE,G03-A14,2026-06-11T12:56:20.074Z
G03,323,add,ART.11,G03-A14,2026-06-11T12:56:20.074Z
G03,323,add,Backlog,G03-A14,2026-06-11T12:56:58.771Z
G03,323,add,Doing,G03-A14,2026-06-11T12:57:02.784Z
G03,323,remove,Backlog,G03-A14,2026-06-11T12:57:02.784Z
G03,323,add,size_G,G03-A14,2026-06-11T12:57:13.034Z
G03,323,add,Waiting Review,G03-A14,2026-06-11T17:23:26.334Z
G03,323,remove,Doing,G03-A14,2026-06-11T17:23:26.334Z
G03,323,add,Review,G03-A15,2026-06-13T03:00:22.665Z
G03,323,remove,Waiting Review,G03-A15,2026-06-13T03:00:22.665Z
G03,323,remove,Review,G03-A15,2026-06-13T03:00:24.621Z
G03,324,add,DOCUMENTATION,G03-A16,2026-06-11T13:31:44.231Z
G03,324,add,size_P,G03-A16,2026-06-11T13:31:44.231Z
G03,324,add,Fix,G03-A16,2026-06-11T13:31:44.231Z
G03,324,add,ART.9,G03-A16,2026-06-11T13:31:44.231Z
G03,324,add,Backlog,G03-A16,2026-06-11T13:31:57.629Z
G03,324,add,Doing,G03-A16,2026-06-11T17:23:57.828Z
G03,324,remove,Backlog,G03-A16,2026-06-11T17:23:57.828Z
G03,324,add,Waiting Review,G03-A16,2026-06-11T17:42:16.639Z
G03,324,remove,Doing,G03-A16,2026-06-11T17:42:16.639Z
G03,324,add,Review,G03-A18,2026-06-12T18:00:27.594Z
G03,324,remove,Waiting Review,G03-A18,2026-06-12T18:00:27.594Z
G03,324,remove,Review,G03-A18,2026-06-12T18:35:46.616Z
G03,325,add,CODE,G03-A15,2026-06-11T13:33:31.123Z
G03,325,add,size_M,G03-A15,2026-06-11T13:33:31.123Z
G03,325,add,ART.10,G03-A15,2026-06-11T13:33:31.123Z
G03,325,add,Backlog,G03-A15,2026-06-11T13:35:11.943Z
G03,325,add,Doing,G03-A15,2026-06-11T13:39:03.204Z
G03,325,remove,Backlog,G03-A15,2026-06-11T13:39:03.204Z
G03,325,add,Waiting Review,G03-A15,2026-06-11T17:09:16.627Z
G03,325,remove,Doing,G03-A15,2026-06-11T17:09:16.627Z
G03,325,add,Review,G03-A18,2026-06-13T02:57:40.694Z
G03,325,remove,Waiting Review,G03-A18,2026-06-13T02:57:40.694Z
G03,325,remove,Review,G03-A18,2026-06-13T02:59:11.691Z
G03,326,add,DOCUMENTATION,G03-A16,2026-06-11T17:12:17.123Z
G03,326,add,size_M,G03-A16,2026-06-11T17:12:17.123Z
G03,326,add,ART.12,G03-A16,2026-06-11T17:12:17.123Z
G03,326,add,Backlog,G03-A16,2026-06-11T17:21:02.918Z
G03,326,add,Doing,G03-A16,2026-06-11T17:42:28.291Z
G03,326,remove,Backlog,G03-A16,2026-06-11T17:42:28.291Z
G03,326,add,Waiting Review,G03-A16,2026-06-11T18:25:07.102Z
G03,326,remove,Doing,G03-A16,2026-06-11T18:25:07.102Z
G03,326,add,Review,G03-A18,2026-06-13T00:42:03.197Z
G03,326,remove,Waiting Review,G03-A18,2026-06-13T00:42:03.197Z
G03,326,remove,Review,G03-A18,2026-06-13T01:05:10.620Z
G03,327,add,CODE,G03-A15,2026-06-11T17:12:12.246Z
G03,327,add,size_PP,G03-A15,2026-06-11T17:12:12.246Z
G03,327,add,ART.10,G03-A15,2026-06-11T17:12:12.246Z
G03,327,add,Backlog,G03-A15,2026-06-11T17:15:06.711Z
G03,327,add,Doing,G03-A15,2026-06-11T17:15:09.298Z
G03,327,remove,Backlog,G03-A15,2026-06-11T17:15:09.298Z
G03,327,add,Waiting Review,G03-A15,2026-06-11T17:25:56.520Z
G03,327,remove,Doing,G03-A15,2026-06-11T17:25:56.520Z
G03,327,add,Review,G03-A18,2026-06-11T17:54:28.162Z
G03,327,remove,Waiting Review,G03-A18,2026-06-11T17:54:28.162Z
G03,327,remove,Review,G03-A18,2026-06-11T18:15:55.447Z
G03,328,add,DOCUMENTATION,G03-A14,2026-06-11T18:15:43.273Z
G03,328,add,size_M,G03-A14,2026-06-11T18:15:43.273Z
G03,328,add,ART.10,G03-A14,2026-06-11T18:15:43.273Z
G03,328,add,Backlog,G03-A14,2026-06-11T18:51:36.469Z
G03,328,add,Doing,G03-A14,2026-06-11T18:51:38.062Z
G03,328,remove,Backlog,G03-A14,2026-06-11T18:51:38.062Z
G03,328,add,Waiting Review,G03-A14,2026-06-12T02:25:25.903Z
G03,328,remove,Doing,G03-A14,2026-06-12T02:25:25.903Z
G03,328,add,Review,G03-A15,2026-06-13T03:00:49.437Z
G03,328,remove,Waiting Review,G03-A15,2026-06-13T03:00:49.437Z
G03,328,remove,Review,G03-A15,2026-06-13T03:00:52.421Z
G03,329,add,CODE,G03-A15,2026-06-11T18:35:27.042Z
G03,329,add,size_M,G03-A15,2026-06-11T18:35:27.042Z
G03,329,add,Fix,G03-A15,2026-06-11T18:35:27.042Z
G03,329,add,ART.10,G03-A15,2026-06-11T18:35:27.042Z
G03,329,add,Backlog,G03-A15,2026-06-11T18:35:35.599Z
G03,329,add,Doing,G03-A15,2026-06-11T18:37:02.893Z
G03,329,remove,Backlog,G03-A15,2026-06-11T18:37:02.893Z
G03,329,add,Waiting Review,G03-A15,2026-06-11T20:18:32.490Z
G03,329,remove,Doing,G03-A15,2026-06-11T20:18:32.490Z
G03,329,add,Review,G03-A12,2026-06-12T10:03:58.440Z
G03,329,remove,Waiting Review,G03-A12,2026-06-12T10:03:58.440Z
G03,329,remove,Review,G03-A12,2026-06-12T17:18:15.934Z
G03,330,add,DOCUMENTATION,G03-A19,2026-06-11T18:41:55.260Z
G03,330,add,size_M,G03-A19,2026-06-11T18:41:55.260Z
G03,330,add,ART.13,G03-A19,2026-06-11T18:41:55.260Z
G03,330,add,Backlog,G03-A19,2026-06-11T18:42:46.570Z
G03,330,add,Doing,G03-A19,2026-06-11T18:42:49.784Z
G03,330,remove,Backlog,G03-A19,2026-06-11T18:42:49.784Z
G03,330,add,Waiting Review,G03-A18,2026-06-12T23:43:06.967Z
G03,330,remove,Doing,G03-A18,2026-06-12T23:43:06.967Z
G03,330,add,Review,G03-A18,2026-06-12T23:43:11.076Z
G03,330,remove,Waiting Review,G03-A18,2026-06-12T23:43:11.076Z
G03,330,remove,Review,G03-A18,2026-06-13T00:12:51.496Z
G03,331,add,CODE,G03-A15,2026-06-12T00:37:11.559Z
G03,331,add,size_G,G03-A15,2026-06-12T00:37:11.559Z
G03,331,add,ART.10,G03-A15,2026-06-12T00:37:11.559Z
G03,331,add,Backlog,G03-A15,2026-06-12T00:37:19.905Z
G03,331,add,Doing,G03-A15,2026-06-12T00:37:23.628Z
G03,331,remove,Backlog,G03-A15,2026-06-12T00:37:23.628Z
G03,331,add,Waiting Review,G03-A15,2026-06-12T01:53:15.555Z
G03,331,remove,Doing,G03-A15,2026-06-12T01:53:15.555Z
G03,331,add,Review,G03-A12,2026-06-12T04:31:25.857Z
G03,331,remove,Waiting Review,G03-A12,2026-06-12T04:31:25.857Z
G03,331,remove,Review,G03-A12,2026-06-12T10:03:27.091Z
G03,332,add,DOCUMENTATION,G03-A16,2026-06-12T00:56:33.062Z
G03,332,add,size_M,G03-A16,2026-06-12T00:56:33.062Z
G03,332,add,ART.12,G03-A16,2026-06-12T00:56:33.062Z
G03,332,add,Doing,G03-A16,2026-06-12T00:56:43.018Z
G03,332,add,Waiting Review,G03-A16,2026-06-12T01:41:43.444Z
G03,332,remove,Doing,G03-A16,2026-06-12T01:41:43.444Z
G03,332,add,Review,G03-A14,2026-06-12T02:54:30.646Z
G03,332,remove,Waiting Review,G03-A14,2026-06-12T02:54:30.646Z
G03,332,remove,Review,G03-A14,2026-06-12T19:13:57.146Z
G03,333,add,DOCUMENTATION,G03-A14,2026-06-12T02:27:10.744Z
G03,333,add,ART.13,G03-A14,2026-06-12T02:27:10.744Z
G03,333,add,size_P,G03-A14,2026-06-12T02:27:17.557Z
G03,333,add,Backlog,G03-A14,2026-06-12T02:27:22.555Z
G03,333,add,Doing,G03-A14,2026-06-12T02:27:23.766Z
G03,333,remove,Backlog,G03-A14,2026-06-12T02:27:23.766Z
G03,333,add,Waiting Review,G03-A14,2026-06-12T02:36:47.790Z
G03,333,remove,Doing,G03-A14,2026-06-12T02:36:47.790Z
G03,333,add,Review,G03-A18,2026-06-12T18:35:35.242Z
G03,333,remove,Waiting Review,G03-A18,2026-06-12T18:35:35.242Z
G03,333,remove,Review,G03-A18,2026-06-12T18:57:13.231Z
G03,334,add,CODE,G03-A15,2026-06-12T03:06:49.439Z
G03,334,add,size_P,G03-A15,2026-06-12T03:06:49.439Z
G03,334,add,Fix,G03-A15,2026-06-12T03:06:49.439Z
G03,334,add,ART.10,G03-A15,2026-06-12T03:06:49.439Z
G03,334,add,Backlog,G03-A15,2026-06-12T03:51:39.438Z
G03,334,add,Doing,G03-A15,2026-06-12T03:51:43.550Z
G03,334,remove,Backlog,G03-A15,2026-06-12T03:51:43.550Z
G03,334,add,Waiting Review,G03-A15,2026-06-12T04:07:03.637Z
G03,334,remove,Doing,G03-A15,2026-06-12T04:07:03.637Z
G03,334,add,Review,G03-A12,2026-06-12T04:26:22.826Z
G03,334,remove,Waiting Review,G03-A12,2026-06-12T04:26:22.826Z
G03,334,remove,Review,G03-A12,2026-06-12T04:31:34.484Z
G03,335,add,CODE,G03-A12,2026-06-12T03:24:18.608Z
G03,335,add,size_P,G03-A12,2026-06-12T03:24:18.608Z
G03,335,add,ART.11,G03-A12,2026-06-12T03:24:18.608Z
G03,335,add,Backlog,G03-A12,2026-06-12T03:26:19.657Z
G03,335,remove,size_P,G03-A12,2026-06-12T03:26:37.200Z
G03,335,add,size_M,G03-A12,2026-06-12T03:26:43.291Z
G03,335,add,Doing,G03-A12,2026-06-12T03:27:05.488Z
G03,335,remove,Backlog,G03-A12,2026-06-12T03:27:05.488Z
G03,335,add,Waiting Review,G03-A12,2026-06-12T03:27:13.250Z
G03,335,remove,Doing,G03-A12,2026-06-12T03:27:13.250Z
G03,335,add,Review,G03-A15,2026-06-13T03:00:26.716Z
G03,335,remove,Waiting Review,G03-A15,2026-06-13T03:00:26.716Z
G03,335,remove,Review,G03-A15,2026-06-13T03:00:28.769Z
G03,336,add,DOCUMENTATION,G03-A15,2026-06-12T05:51:52.112Z
G03,336,add,size_M,G03-A15,2026-06-12T05:51:52.112Z
G03,336,add,Fix,G03-A15,2026-06-12T05:51:52.112Z
G03,336,add,Backlog,G03-A15,2026-06-12T05:52:10.402Z
G03,336,add,Doing,G03-A15,2026-06-12T05:52:17.642Z
G03,336,remove,Backlog,G03-A15,2026-06-12T05:52:17.642Z
G03,336,add,Waiting Review,G03-A15,2026-06-12T06:19:34.023Z
G03,336,remove,Doing,G03-A15,2026-06-12T06:19:34.023Z
G03,336,add,Review,G03-A12,2026-06-12T10:03:51.216Z
G03,336,remove,Waiting Review,G03-A12,2026-06-12T10:03:51.216Z
G03,336,remove,Review,G03-A12,2026-06-12T17:18:22.712Z
G03,337,add,CODE,G03-A15,2026-06-12T06:24:50.568Z
G03,337,add,size_M,G03-A15,2026-06-12T06:24:50.568Z
G03,337,add,Fix,G03-A15,2026-06-12T06:24:50.568Z
G03,337,add,ART.10,G03-A15,2026-06-12T06:24:50.568Z
G03,337,add,Backlog,G03-A15,2026-06-12T06:25:27.731Z
G03,337,add,Doing,G03-A15,2026-06-12T06:25:29.718Z
G03,337,remove,Backlog,G03-A15,2026-06-12T06:25:29.718Z
G03,337,add,Waiting Review,G03-A15,2026-06-12T07:01:15.477Z
G03,337,remove,Doing,G03-A15,2026-06-12T07:01:15.477Z
G03,337,add,Review,G03-A12,2026-06-12T10:03:48.696Z
G03,337,remove,Waiting Review,G03-A12,2026-06-12T10:03:48.696Z
G03,337,remove,Review,G03-A12,2026-06-12T17:18:28.391Z
G03,338,add,CODE,G03-A15,2026-06-12T08:14:06.820Z
G03,338,add,size_M,G03-A15,2026-06-12T08:14:06.820Z
G03,338,add,Fix,G03-A15,2026-06-12T08:14:06.820Z
G03,338,add,ART.10,G03-A15,2026-06-12T08:14:06.820Z
G03,338,add,Backlog,G03-A15,2026-06-12T08:14:30.239Z
G03,338,add,Doing,G03-A15,2026-06-12T08:14:32.333Z
G03,338,remove,Backlog,G03-A15,2026-06-12T08:14:32.333Z
G03,338,add,Waiting Review,G03-A15,2026-06-12T09:05:58.900Z
G03,338,remove,Doing,G03-A15,2026-06-12T09:05:58.900Z
G03,338,add,Review,G03-A12,2026-06-12T10:03:45.823Z
G03,338,remove,Waiting Review,G03-A12,2026-06-12T10:03:45.823Z
G03,338,remove,Review,G03-A12,2026-06-12T17:18:37.969Z
G03,339,add,CODE,G03-A15,2026-06-12T09:11:30.465Z
G03,339,add,size_M,G03-A15,2026-06-12T09:11:30.465Z
G03,339,add,Fix,G03-A15,2026-06-12T09:11:30.465Z
G03,339,add,ART.10,G03-A15,2026-06-12T09:11:30.465Z
G03,339,add,Backlog,G03-A15,2026-06-12T09:11:41.535Z
G03,339,add,Doing,G03-A15,2026-06-12T09:11:43.987Z
G03,339,remove,Backlog,G03-A15,2026-06-12T09:11:43.987Z
G03,339,add,Waiting Review,G03-A15,2026-06-12T09:25:39.087Z
G03,339,remove,Doing,G03-A15,2026-06-12T09:25:39.087Z
G03,339,add,Review,G03-A15,2026-06-12T09:25:42.635Z
G03,339,remove,Waiting Review,G03-A15,2026-06-12T09:25:42.635Z
G03,339,add,Waiting Review,G03-A15,2026-06-12T09:25:49.324Z
G03,339,remove,Review,G03-A15,2026-06-12T09:25:49.324Z
G03,339,add,Review,G03-A12,2026-06-12T10:03:43.859Z
G03,339,remove,Waiting Review,G03-A12,2026-06-12T10:03:43.859Z
G03,339,remove,Review,G03-A12,2026-06-12T17:18:45.566Z
G03,340,add,CODE,G03-A15,2026-06-12T10:01:36.894Z
G03,340,add,size_G,G03-A15,2026-06-12T10:01:36.894Z
G03,340,add,ART.10,G03-A15,2026-06-12T10:01:36.894Z
G03,340,add,Backlog,G03-A15,2026-06-12T10:01:43.187Z
G03,340,add,Doing,G03-A15,2026-06-12T10:01:45.665Z
G03,340,remove,Backlog,G03-A15,2026-06-12T10:01:45.665Z
G03,340,add,Waiting Review,G03-A15,2026-06-12T11:32:33.431Z
G03,340,remove,Doing,G03-A15,2026-06-12T11:32:33.431Z
G03,340,add,Review,G03-A12,2026-06-12T20:32:36.221Z
G03,340,remove,Waiting Review,G03-A12,2026-06-12T20:32:36.221Z
G03,340,remove,Review,G03-A12,2026-06-12T20:44:10.684Z
G03,341,add,DOCUMENTATION,G03-A16,2026-06-12T11:04:39.615Z
G03,341,add,size_P,G03-A16,2026-06-12T11:04:39.615Z
G03,341,add,Fix,G03-A16,2026-06-12T11:04:39.615Z
G03,341,add,ART.12,G03-A16,2026-06-12T11:04:39.615Z
G03,341,add,Doing,G03-A16,2026-06-12T11:04:51.630Z
G03,341,add,Waiting Review,G03-A16,2026-06-12T13:28:09.629Z
G03,341,remove,Doing,G03-A16,2026-06-12T13:28:09.629Z
G03,341,add,Review,G03-A18,2026-06-13T00:41:55.200Z
G03,341,remove,Waiting Review,G03-A18,2026-06-13T00:41:55.200Z
G03,341,remove,Review,G03-A18,2026-06-13T01:05:07.178Z
G03,342,add,DOCUMENTATION,G03-A14,2026-06-12T17:58:14.677Z
G03,342,add,size_P,G03-A14,2026-06-12T17:58:14.677Z
G03,342,add,ART.13,G03-A14,2026-06-12T17:58:14.677Z
G03,342,add,Backlog,G03-A14,2026-06-12T18:00:03.601Z
G03,342,add,Doing,G03-A14,2026-06-12T18:00:15.857Z
G03,342,remove,Backlog,G03-A14,2026-06-12T18:00:15.857Z
G03,342,add,Waiting Review,G03-A14,2026-06-12T18:13:55.857Z
G03,342,remove,Doing,G03-A14,2026-06-12T18:13:55.857Z
G03,342,add,Review,G03-A18,2026-06-12T18:57:15.128Z
G03,342,remove,Waiting Review,G03-A18,2026-06-12T18:57:15.128Z
G03,342,remove,Review,G03-A18,2026-06-12T19:37:21.973Z
G03,343,add,DOCUMENTATION,G03-A14,2026-06-12T18:48:49.368Z
G03,343,add,size_P,G03-A14,2026-06-12T18:48:49.368Z
G03,343,add,ART.13,G03-A14,2026-06-12T18:48:49.368Z
G03,343,add,Backlog,G03-A14,2026-06-12T18:49:36.084Z
G03,343,add,Doing,G03-A14,2026-06-12T18:49:39.661Z
G03,343,remove,Backlog,G03-A14,2026-06-12T18:49:39.661Z
G03,343,add,Waiting Review,G03-A14,2026-06-12T19:13:40.856Z
G03,343,remove,Doing,G03-A14,2026-06-12T19:13:40.856Z
G03,343,add,Review,G03-A18,2026-06-12T19:58:53.739Z
G03,343,remove,Waiting Review,G03-A18,2026-06-12T19:58:53.739Z
G03,343,add,Waiting Review,G03-A12,2026-06-12T20:06:38.152Z
G03,343,remove,Review,G03-A12,2026-06-12T20:06:40.986Z
G03,343,add,Review,G03-A12,2026-06-12T20:07:58.789Z
G03,343,remove,Waiting Review,G03-A12,2026-06-12T20:07:58.789Z
G03,343,remove,Review,G03-A12,2026-06-12T20:08:01.495Z
G03,344,add,CODE,G03-A14,2026-06-12T18:50:43.101Z
G03,344,add,size_P,G03-A14,2026-06-12T18:50:43.101Z
G03,344,add,ART.10,G03-A14,2026-06-12T18:50:43.101Z
G03,344,add,Backlog,G03-A14,2026-06-12T18:51:21.515Z
G03,344,add,Doing,G03-A14,2026-06-12T18:51:22.512Z
G03,344,remove,Backlog,G03-A14,2026-06-12T18:51:22.512Z
G03,344,add,Waiting Review,G03-A14,2026-06-12T19:13:41.971Z
G03,344,remove,Doing,G03-A14,2026-06-12T19:13:41.971Z
G03,344,add,Review,G03-A12,2026-06-12T21:41:50.981Z
G03,344,remove,Waiting Review,G03-A12,2026-06-12T21:41:50.981Z
G03,344,remove,Review,G03-A12,2026-06-12T21:56:49.510Z
G03,345,add,CODE,G03-A12,2026-06-12T19:08:00.403Z
G03,345,add,size_M,G03-A12,2026-06-12T19:08:00.403Z
G03,345,add,ART.11,G03-A12,2026-06-12T19:08:00.403Z
G03,345,remove,ART.11,G03-A12,2026-06-23T00:09:30.434Z
G03,345,add,ART.14,G03-A12,2026-06-23T00:09:54.838Z
G03,345,add,Backlog,G03-A12,2026-06-25T18:09:44.297Z
G03,345,add,Doing,G03-A12,2026-06-25T18:09:46.397Z
G03,345,remove,Backlog,G03-A12,2026-06-25T18:09:46.397Z
G03,345,add,Backlog,G03-A12,2026-06-25T18:14:19.648Z
G03,345,remove,Doing,G03-A12,2026-06-25T18:14:19.648Z
G03,345,remove,Backlog,G03-A12,2026-06-25T18:14:21.101Z
G03,346,add,DOCUMENTATION,G03-A12,2026-06-12T19:08:02.171Z
G03,346,add,size_M,G03-A12,2026-06-12T19:08:02.171Z
G03,346,add,ART.11,G03-A12,2026-06-12T19:08:02.171Z
G03,346,add,Backlog,G03-A12,2026-06-12T19:10:34.401Z
G03,346,add,Doing,G03-A12,2026-06-12T19:10:46.475Z
G03,346,remove,Backlog,G03-A12,2026-06-12T19:10:46.475Z
G03,346,add,Waiting Review,G03-A12,2026-06-12T19:37:28.983Z
G03,346,remove,Doing,G03-A12,2026-06-12T19:37:28.983Z
G03,346,add,Review,G03-A18,2026-06-13T02:49:05.771Z
G03,346,remove,Waiting Review,G03-A18,2026-06-13T02:49:05.771Z
G03,346,remove,Review,G03-A18,2026-06-13T02:59:05.246Z
G03,347,add,CODE,G03-A12,2026-06-12T19:08:03.522Z
G03,347,add,size_G,G03-A12,2026-06-12T19:08:03.522Z
G03,347,add,ART.11,G03-A12,2026-06-12T19:08:03.522Z
G03,347,add,Backlog,G03-A12,2026-06-12T19:10:26.357Z
G03,347,add,Doing,G03-A12,2026-06-12T19:10:27.986Z
G03,347,remove,Backlog,G03-A12,2026-06-12T19:10:27.986Z
G03,347,add,Waiting Review,G03-A12,2026-06-13T02:46:17.291Z
G03,347,remove,Doing,G03-A12,2026-06-13T02:46:17.291Z
G03,347,add,Review,G03-A15,2026-06-13T03:00:54.456Z
G03,347,remove,Waiting Review,G03-A15,2026-06-13T03:00:54.456Z
G03,347,remove,Review,G03-A15,2026-06-13T03:01:01.529Z
G03,348,add,CODE,G03-A14,2026-06-12T19:22:42.183Z
G03,348,add,size_M,G03-A14,2026-06-12T19:22:42.183Z
G03,348,add,ART.10,G03-A14,2026-06-12T19:22:42.183Z
G03,348,add,Backlog,G03-A14,2026-06-12T19:22:48.417Z
G03,348,add,Doing,G03-A14,2026-06-12T19:22:51.206Z
G03,348,remove,Backlog,G03-A14,2026-06-12T19:22:51.206Z
G03,348,add,Waiting Review,G03-A14,2026-06-12T20:08:00.232Z
G03,348,remove,Doing,G03-A14,2026-06-12T20:08:00.232Z
G03,348,add,Review,G03-A12,2026-06-12T21:38:53.158Z
G03,348,remove,Waiting Review,G03-A12,2026-06-12T21:38:53.158Z
G03,348,remove,Review,G03-A12,2026-06-12T21:40:06.261Z
G03,349,add,DOCUMENTATION,G03-A18,2026-06-12T19:26:29.303Z
G03,349,add,size_PP,G03-A18,2026-06-12T19:26:29.303Z
G03,349,add,ART.10,G03-A18,2026-06-12T19:26:29.303Z
G03,349,add,Backlog,G03-A18,2026-06-12T19:27:00.110Z
G03,349,add,Doing,G03-A18,2026-06-12T19:27:04.011Z
G03,349,remove,Backlog,G03-A18,2026-06-12T19:27:04.011Z
G03,349,add,Waiting Review,G03-A18,2026-06-12T19:36:00.751Z
G03,349,remove,Doing,G03-A18,2026-06-12T19:36:00.751Z
G03,349,add,Review,G03-A15,2026-06-13T02:59:09.598Z
G03,349,remove,Waiting Review,G03-A15,2026-06-13T02:59:09.598Z
G03,349,remove,Review,G03-A15,2026-06-13T02:59:11.551Z
G03,350,add,size_M,G03-A18,2026-06-12T20:54:16.272Z
G03,350,add,ART.10,G03-A18,2026-06-12T20:54:16.272Z
G03,350,add,CODE,G03-A18,2026-06-12T20:54:57.367Z
G03,350,add,Backlog,G03-A18,2026-06-12T21:00:06.481Z
G03,350,add,Doing,G03-A18,2026-06-12T21:12:12.837Z
G03,350,remove,Backlog,G03-A18,2026-06-12T21:12:12.837Z
G03,350,add,Waiting Review,G03-A18,2026-06-12T22:25:03.526Z
G03,350,remove,Doing,G03-A18,2026-06-12T22:25:03.526Z
G03,350,add,Review,G03-A15,2026-06-12T23:03:01.368Z
G03,350,remove,Waiting Review,G03-A15,2026-06-12T23:03:01.368Z
G03,350,remove,Review,G03-A18,2026-06-13T01:26:30.835Z
G03,351,add,CODE,G03-A18,2026-06-12T20:56:16.145Z
G03,351,add,size_M,G03-A18,2026-06-12T20:56:16.145Z
G03,351,add,ART.10,G03-A18,2026-06-12T20:56:16.145Z
G03,351,add,Backlog,G03-A18,2026-06-12T21:00:09.667Z
G03,351,add,Doing,G03-A18,2026-06-12T22:27:41.670Z
G03,351,remove,Backlog,G03-A18,2026-06-12T22:27:41.670Z
G03,351,add,Waiting Review,G03-A18,2026-06-12T23:13:44.792Z
G03,351,remove,Doing,G03-A18,2026-06-12T23:13:44.792Z
G03,351,add,Review,G03-A15,2026-06-12T23:22:04.963Z
G03,351,remove,Waiting Review,G03-A15,2026-06-12T23:22:04.963Z
G03,351,remove,Review,G03-A15,2026-06-12T23:53:14.380Z
G03,352,add,CODE,G03-A18,2026-06-12T20:57:44.969Z
G03,352,add,size_M,G03-A18,2026-06-12T20:57:44.969Z
G03,352,add,ART.10,G03-A18,2026-06-12T20:57:44.969Z
G03,352,add,Backlog,G03-A18,2026-06-12T21:00:11.206Z
G03,352,add,Doing,G03-A18,2026-06-13T01:38:52.262Z
G03,352,remove,Backlog,G03-A18,2026-06-13T01:38:52.262Z
G03,352,add,Waiting Review,G03-A18,2026-06-13T02:44:11.733Z
G03,352,remove,Doing,G03-A18,2026-06-13T02:44:11.733Z
G03,352,add,Review,G03-A15,2026-06-13T02:59:04.818Z
G03,352,remove,Waiting Review,G03-A15,2026-06-13T02:59:04.818Z
G03,352,remove,Review,G03-A15,2026-06-13T02:59:08.417Z
G03,353,add,CODE,G03-A18,2026-06-12T20:58:40.817Z
G03,353,add,size_M,G03-A18,2026-06-12T20:58:40.817Z
G03,353,add,ART.10,G03-A18,2026-06-12T20:58:40.817Z
G03,353,add,Backlog,G03-A18,2026-06-12T21:00:14.195Z
G03,353,add,Doing,G03-A18,2026-06-12T23:43:33.732Z
G03,353,remove,Backlog,G03-A18,2026-06-12T23:43:33.732Z
G03,353,add,Waiting Review,G03-A18,2026-06-12T23:50:59.896Z
G03,353,remove,Doing,G03-A18,2026-06-12T23:50:59.896Z
G03,353,add,Review,G03-A15,2026-06-13T00:44:38.629Z
G03,353,remove,Waiting Review,G03-A15,2026-06-13T00:44:38.629Z
G03,353,remove,Review,G03-A15,2026-06-13T00:54:07.260Z
G03,354,add,CODE,G03-A18,2026-06-12T20:59:26.020Z
G03,354,add,size_M,G03-A18,2026-06-12T20:59:26.020Z
G03,354,add,ART.10,G03-A18,2026-06-12T20:59:26.020Z
G03,354,add,Backlog,G03-A18,2026-06-12T21:00:20.550Z
G03,354,add,Doing,G03-A18,2026-06-12T23:20:37.922Z
G03,354,remove,Backlog,G03-A18,2026-06-12T23:20:37.922Z
G03,354,add,Waiting Review,G03-A18,2026-06-12T23:43:25.820Z
G03,354,remove,Doing,G03-A18,2026-06-12T23:43:25.820Z
G03,354,add,Review,G03-A15,2026-06-13T00:44:42.190Z
G03,354,remove,Waiting Review,G03-A15,2026-06-13T00:44:42.190Z
G03,354,remove,Review,G03-A15,2026-06-13T00:54:05.243Z
G03,355,add,DOCUMENTATION,G03-A16,2026-06-12T22:07:38.018Z
G03,355,add,size_M,G03-A16,2026-06-12T22:07:38.018Z
G03,355,add,ART.9,G03-A16,2026-06-12T22:07:38.018Z
G03,355,remove,size_M,G03-A16,2026-06-12T22:07:40.522Z
G03,355,add,size_P,G03-A16,2026-06-12T22:07:47.321Z
G03,355,add,Doing,G03-A16,2026-06-12T22:08:05.712Z
G03,355,add,Waiting Review,G03-A16,2026-06-12T23:14:56.715Z
G03,355,remove,Doing,G03-A16,2026-06-12T23:14:56.715Z
G03,355,add,Review,G03-A18,2026-06-13T00:42:22.535Z
G03,355,remove,Waiting Review,G03-A18,2026-06-13T00:42:22.535Z
G03,355,remove,Review,G03-A18,2026-06-13T01:05:08.820Z
G03,357,add,DOCUMENTATION,G03-A16,2026-06-12T23:29:54.641Z
G03,357,add,size_P,G03-A16,2026-06-12T23:29:54.641Z
G03,357,add,Doing,G03-A16,2026-06-12T23:30:07.254Z
G03,357,add,Waiting Review,G03-A16,2026-06-12T23:33:31.977Z
G03,357,remove,Doing,G03-A16,2026-06-12T23:33:31.977Z
G03,357,add,Review,G03-A18,2026-06-13T00:41:37.924Z
G03,357,remove,Waiting Review,G03-A18,2026-06-13T00:41:37.924Z
G03,357,remove,Review,G03-A18,2026-06-13T01:05:04.902Z
G03,358,add,CODE,G03-A15,2026-06-13T01:36:56.395Z
G03,358,add,size_M,G03-A15,2026-06-13T01:36:56.395Z
G03,358,add,ART.10,G03-A15,2026-06-13T01:36:56.395Z
G03,358,remove,size_M,G03-A15,2026-06-13T01:36:59.127Z
G03,358,add,size_P,G03-A15,2026-06-13T01:37:03.753Z
G03,358,add,Backlog,G03-A15,2026-06-13T01:37:21.974Z
G03,358,add,Doing,G03-A15,2026-06-13T01:37:25.691Z
G03,358,remove,Backlog,G03-A15,2026-06-13T01:37:25.691Z
G03,358,add,Waiting Review,G03-A15,2026-06-13T01:55:37.981Z
G03,358,remove,Doing,G03-A15,2026-06-13T01:55:37.981Z
G03,358,add,Review,G03-A18,2026-06-13T02:57:48.049Z
G03,358,remove,Waiting Review,G03-A18,2026-06-13T02:57:48.049Z
G03,358,remove,Review,G03-A18,2026-06-13T02:59:09.063Z
G03,359,add,size_P,G03-A15,2026-06-13T02:26:19.486Z
G03,359,add,Fix,G03-A15,2026-06-13T02:26:19.486Z
G03,359,add,ART.10,G03-A15,2026-06-13T02:26:19.486Z
G03,359,add,Backlog,G03-A15,2026-06-13T02:26:37.292Z
G03,359,add,Doing,G03-A15,2026-06-13T02:26:39.272Z
G03,359,remove,Backlog,G03-A15,2026-06-13T02:26:39.272Z
G03,359,add,Waiting Review,G03-A15,2026-06-13T02:29:14.187Z
G03,359,remove,Doing,G03-A15,2026-06-13T02:29:14.187Z
G03,359,add,Review,G03-A18,2026-06-13T03:01:19.180Z
G03,359,remove,Waiting Review,G03-A18,2026-06-13T03:01:19.180Z
G03,359,remove,Review,G03-A18,2026-06-13T03:02:01.283Z
G03,360,add,DOCUMENTATION,G03-A15,2026-06-13T02:46:42.031Z
G03,360,add,size_M,G03-A15,2026-06-13T02:46:42.031Z
G03,360,add,Backlog,G03-A15,2026-06-13T02:46:47.390Z
G03,360,add,Doing,G03-A15,2026-06-13T02:46:48.661Z
G03,360,remove,Backlog,G03-A15,2026-06-13T02:46:48.661Z
G03,360,add,Waiting Review,G03-A15,2026-06-13T02:58:44.830Z
G03,360,remove,Doing,G03-A15,2026-06-13T02:58:44.830Z
G03,360,add,Review,G03-A18,2026-06-13T03:00:49.206Z
G03,360,remove,Waiting Review,G03-A18,2026-06-13T03:00:49.206Z
G03,360,remove,Review,G03-A18,2026-06-13T03:01:17.145Z
G03,361,add,CODE_REVIEW,G03-A14,2026-06-22T18:00:02.994Z
G03,361,add,size_M,G03-A14,2026-06-22T18:00:02.994Z
G03,361,add,Backlog,G03-A14,2026-06-22T18:01:09.190Z
G03,361,add,Doing,G03-A14,2026-06-22T18:01:11.866Z
G03,361,remove,Backlog,G03-A14,2026-06-22T18:01:11.866Z
G03,361,add,Waiting Review,G03-A14,2026-06-23T11:21:33.289Z
G03,361,remove,Doing,G03-A14,2026-06-23T11:21:33.289Z
G03,361,add,Review,G03-A12,2026-06-24T18:44:27.410Z
G03,361,remove,Waiting Review,G03-A12,2026-06-24T18:44:27.410Z
G03,361,remove,Review,G03-A12,2026-06-24T18:52:52.619Z
G03,362,add,ART.16,G03-A16,2026-06-22T18:00:40.125Z
G03,362,add,size_P,G03-A16,2026-06-22T18:01:00.606Z
G03,362,add,DOCUMENTATION,G03-A16,2026-06-22T18:01:23.614Z
G03,362,add,Backlog,G03-A16,2026-06-22T18:01:37.113Z
G03,362,add,Doing,G03-A16,2026-06-22T18:09:47.528Z
G03,362,remove,Backlog,G03-A16,2026-06-22T18:09:47.528Z
G03,362,add,Waiting Review,G03-A16,2026-06-22T18:34:49.694Z
G03,362,remove,Doing,G03-A16,2026-06-22T18:34:49.694Z
G03,362,add,Review,G03-A15,2026-06-23T18:16:18.223Z
G03,362,remove,Waiting Review,G03-A15,2026-06-23T18:16:18.223Z
G03,363,add,DOCUMENTATION,G03-A16,2026-06-22T18:38:15.119Z
G03,363,add,size_P,G03-A16,2026-06-22T18:38:15.119Z
G03,363,add,ART.1,G03-A16,2026-06-22T18:38:15.119Z
G03,363,add,Fix,G03-A16,2026-06-22T18:38:15.119Z
G03,363,add,Backlog,G03-A16,2026-06-22T18:38:33.020Z
G03,363,add,Doing,G03-A16,2026-06-22T18:41:36.495Z
G03,363,remove,Backlog,G03-A16,2026-06-22T18:41:36.495Z
G03,363,add,Waiting Review,G03-A16,2026-06-23T01:06:52.157Z
G03,363,remove,Doing,G03-A16,2026-06-23T01:06:52.157Z
G03,363,add,Review,G03-A15,2026-06-23T18:10:13.660Z
G03,363,remove,Waiting Review,G03-A15,2026-06-23T18:10:13.660Z
G03,363,remove,Review,G03-A15,2026-06-23T18:15:58.840Z
G03,364,add,size_M,G03-A18,2026-06-23T10:37:30.025Z
G03,364,add,ART. 17,G03-A18,2026-06-23T10:37:30.025Z
G03,364,add,Backlog,G03-A18,2026-06-23T10:37:37.415Z
G03,364,add,Doing,G03-A18,2026-06-23T10:37:40.430Z
G03,364,remove,Backlog,G03-A18,2026-06-23T10:37:40.430Z
G03,364,add,Waiting Review,G03-A18,2026-06-23T13:03:22.743Z
G03,364,remove,Doing,G03-A18,2026-06-23T13:03:22.743Z
G03,364,add,Review,G03-A15,2026-06-26T02:39:41.736Z
G03,364,remove,Waiting Review,G03-A15,2026-06-26T02:39:41.736Z
G03,364,remove,Review,G03-A15,2026-06-26T02:49:07.642Z
G03,365,add,CODE,G03-A12,2026-06-22T18:47:12.331Z
G03,365,add,size_P,G03-A12,2026-06-22T18:47:12.331Z
G03,365,add,ART.11,G03-A12,2026-06-22T18:47:12.331Z
G03,365,remove,ART.11,G03-A12,2026-06-23T00:10:06.648Z
G03,365,add,ART.14,G03-A12,2026-06-23T00:10:22.930Z
G03,365,add,Backlog,G03-A12,2026-06-23T00:11:08.470Z
G03,365,add,Doing,G03-A12,2026-06-23T00:11:19.883Z
G03,365,remove,Backlog,G03-A12,2026-06-23T00:11:19.883Z
G03,365,add,Waiting Review,G03-A12,2026-06-23T00:47:50.435Z
G03,365,remove,Doing,G03-A12,2026-06-23T00:47:50.435Z
G03,365,add,Review,G03-A18,2026-06-23T14:41:57.867Z
G03,365,remove,Waiting Review,G03-A18,2026-06-23T14:41:57.867Z
G03,365,remove,Review,G03-A18,2026-06-23T17:12:15.792Z
G03,366,add,CODE,G03-A12,2026-06-22T18:47:14.234Z
G03,366,add,size_P,G03-A12,2026-06-22T18:47:14.234Z
G03,366,add,ART.11,G03-A12,2026-06-22T18:47:14.234Z
G03,366,add,Backlog,G03-A12,2026-06-23T00:11:06.315Z
G03,366,remove,Backlog,G03-A12,2026-06-26T00:35:52.139Z
G03,367,add,CODE,G03-A12,2026-06-22T18:47:15.906Z
G03,367,add,size_M,G03-A12,2026-06-22T18:47:15.906Z
G03,367,add,ART.11,G03-A12,2026-06-22T18:47:15.906Z
G03,367,add,Backlog,G03-A12,2026-06-23T00:11:04.679Z
G03,367,remove,ART.11,G03-A12,2026-06-23T14:42:43.108Z
G03,367,add,ART.14,G03-A12,2026-06-23T14:42:58.983Z
G03,367,add,Doing,G03-A12,2026-06-23T14:43:07.689Z
G03,367,remove,Backlog,G03-A12,2026-06-23T14:43:07.689Z
G03,367,add,Waiting Review,G03-A12,2026-06-23T17:06:40.509Z
G03,367,remove,Doing,G03-A12,2026-06-23T17:06:40.509Z
G03,367,add,Review,G03-A14,2026-06-24T17:49:23.540Z
G03,367,remove,Waiting Review,G03-A14,2026-06-24T17:49:23.540Z
G03,367,remove,Review,G03-A14,2026-06-24T18:49:58.057Z
G03,368,add,CODE,G03-A12,2026-06-22T18:47:17.651Z
G03,368,add,size_M,G03-A12,2026-06-22T18:47:17.651Z
G03,368,add,ART.11,G03-A12,2026-06-22T18:47:17.651Z
G03,368,add,Backlog,G03-A12,2026-06-23T00:11:03.200Z
G03,368,add,Doing,G03-A12,2026-06-23T17:27:53.427Z
G03,368,remove,Backlog,G03-A12,2026-06-23T17:27:53.427Z
G03,368,add,Backlog,G03-A12,2026-06-23T17:40:58.738Z
G03,368,remove,Doing,G03-A12,2026-06-23T17:40:58.738Z
G03,368,remove,Backlog,G03-A12,2026-06-26T00:35:49.186Z
G03,369,add,DOCUMENTATION,G03-A12,2026-06-22T18:47:19.814Z
G03,369,add,size_P,G03-A12,2026-06-22T18:47:19.814Z
G03,369,add,ART.11,G03-A12,2026-06-22T18:47:19.814Z
G03,369,add,Backlog,G03-A12,2026-06-23T00:11:01.708Z
G03,369,remove,Backlog,G03-A12,2026-06-25T18:09:37.474Z
G03,370,add,DOCUMENTATION,G03-A12,2026-06-22T18:47:21.521Z
G03,370,add,size_P,G03-A12,2026-06-22T18:47:21.521Z
G03,370,add,ART.11,G03-A12,2026-06-22T18:47:21.521Z
G03,370,add,Backlog,G03-A12,2026-06-23T00:11:00.216Z
G03,370,remove,Backlog,G03-A12,2026-06-26T00:35:55.162Z
G03,370,remove,ART.11,G03-A12,2026-06-26T19:56:33.069Z
G03,370,remove,DOCUMENTATION,G03-A12,2026-06-26T19:56:35.061Z
G03,371,add,CODE,G03-A12,2026-06-22T18:47:23.985Z
G03,371,add,size_M,G03-A12,2026-06-22T18:47:23.985Z
G03,371,add,ART.11,G03-A12,2026-06-22T18:47:23.985Z
G03,371,add,Backlog,G03-A12,2026-06-23T00:10:58.536Z
G03,371,add,Doing,G03-A12,2026-06-23T17:40:54.305Z
G03,371,remove,Backlog,G03-A12,2026-06-23T17:40:54.305Z
G03,371,add,Waiting Review,G03-A12,2026-06-23T17:47:22.593Z
G03,371,remove,Doing,G03-A12,2026-06-23T17:47:22.593Z
G03,371,add,Review,G03-A14,2026-06-25T23:27:09.462Z
G03,371,remove,Waiting Review,G03-A14,2026-06-25T23:27:09.462Z
G03,371,remove,Review,G03-A14,2026-06-25T23:27:10.779Z
G03,372,add,DOCUMENTATION,G03-A12,2026-06-22T18:47:26.028Z
G03,372,add,size_M,G03-A12,2026-06-22T18:47:26.028Z
G03,372,add,ART.11,G03-A12,2026-06-22T18:47:26.028Z
G03,372,add,Backlog,G03-A12,2026-06-23T00:10:57.249Z
G03,372,remove,Backlog,G03-A12,2026-06-26T00:35:50.452Z
G03,373,add,Review,G03-A15,2026-06-23T01:53:43.145Z
G03,373,add,DOCUMENTATION,G03-A15,2026-06-23T01:53:43.145Z
G03,373,add,size_M,G03-A15,2026-06-23T01:53:43.145Z
G03,373,add,ART.18,G03-A15,2026-06-23T01:53:43.145Z
G03,373,remove,Review,G03-A15,2026-06-23T01:53:45.151Z
G03,373,add,Backlog,G03-A15,2026-06-23T01:53:57.689Z
G03,373,add,Doing,G03-A15,2026-06-23T01:57:14.203Z
G03,373,remove,Backlog,G03-A15,2026-06-23T01:57:14.203Z
G03,373,add,Waiting Review,G03-A15,2026-06-23T02:44:51.563Z
G03,373,remove,Doing,G03-A15,2026-06-23T02:44:51.563Z
G03,373,add,Review,G03-A13,2026-06-25T23:05:25.949Z
G03,373,remove,Waiting Review,G03-A13,2026-06-25T23:05:25.949Z
G03,373,remove,Review,G03-A13,2026-06-25T23:28:10.060Z
G03,374,add,DOCUMENTATION,G03-A15,2026-06-23T12:03:54.996Z
G03,374,add,CODE,G03-A15,2026-06-23T12:03:54.996Z
G03,374,add,size_PP,G03-A15,2026-06-23T12:03:54.996Z
G03,374,add,ART.18,G03-A15,2026-06-23T12:24:43.910Z
G03,374,add,Backlog,G03-A15,2026-06-23T12:36:18.267Z
G03,374,add,Doing,G03-A15,2026-06-23T12:39:15.594Z
G03,374,remove,Backlog,G03-A15,2026-06-23T12:39:15.594Z
G03,374,add,Waiting Review,G03-A15,2026-06-23T12:57:02.760Z
G03,374,remove,Doing,G03-A15,2026-06-23T12:57:02.760Z
G03,374,add,Review,G03-A13,2026-06-25T23:06:09.547Z
G03,374,remove,Waiting Review,G03-A13,2026-06-25T23:06:09.547Z
G03,374,remove,Review,G03-A13,2026-06-25T23:28:14.680Z
G03,375,add,DOCUMENTATION,G03-A15,2026-06-23T12:08:16.115Z
G03,375,add,CODE_REVIEW,G03-A15,2026-06-23T12:08:16.115Z
G03,375,add,size_P,G03-A15,2026-06-23T12:08:16.115Z
G03,375,add,ART.18,G03-A15,2026-06-23T12:24:32.463Z
G03,375,add,Backlog,G03-A15,2026-06-24T00:38:04.884Z
G03,375,add,Doing,G03-A15,2026-06-24T00:38:13.564Z
G03,375,remove,Backlog,G03-A15,2026-06-24T00:38:13.564Z
G03,375,remove,size_P,G03-A15,2026-06-24T00:44:02.805Z
G03,375,add,size_PP,G03-A15,2026-06-24T00:44:07.040Z
G03,375,add,Waiting Review,G03-A15,2026-06-24T00:44:11.240Z
G03,375,remove,Doing,G03-A15,2026-06-24T00:44:11.240Z
G03,375,add,Review,G03-A13,2026-06-25T18:46:24.756Z
G03,375,remove,Waiting Review,G03-A13,2026-06-25T18:46:24.756Z
G03,375,remove,Review,G03-A13,2026-06-25T23:28:07.766Z
G03,376,add,DOCUMENTATION,G03-A15,2026-06-23T12:13:35.161Z
G03,376,add,CODE_REVIEW,G03-A15,2026-06-23T12:13:35.161Z
G03,376,add,size_PP,G03-A15,2026-06-23T12:13:35.161Z
G03,376,add,ART.18,G03-A15,2026-06-23T12:24:15.051Z
G03,376,add,Backlog,G03-A15,2026-06-24T00:35:28.568Z
G03,376,add,Doing,G03-A15,2026-06-24T00:35:31.635Z
G03,376,remove,Backlog,G03-A15,2026-06-24T00:35:31.635Z
G03,376,add,Waiting Review,G03-A15,2026-06-24T00:37:54.836Z
G03,376,remove,Doing,G03-A15,2026-06-24T00:37:54.836Z
G03,376,add,Review,G03-A13,2026-06-25T18:37:44.046Z
G03,376,remove,Waiting Review,G03-A13,2026-06-25T18:37:44.046Z
G03,376,remove,Review,G03-A13,2026-06-25T23:28:16.659Z
G03,377,add,DOCUMENTATION,G03-A15,2026-06-23T12:16:44.357Z
G03,377,add,CODE_REVIEW,G03-A15,2026-06-23T12:16:44.357Z
G03,377,add,size_M,G03-A15,2026-06-23T12:16:44.357Z
G03,377,add,ART.18,G03-A15,2026-06-23T12:24:03.441Z
G03,377,remove,size_M,G03-A15,2026-06-23T12:30:20.390Z
G03,377,add,size_P,G03-A15,2026-06-23T12:30:24.413Z
G03,377,remove,size_P,G03-A15,2026-06-26T01:46:44.739Z
G03,377,add,size_PP,G03-A15,2026-06-26T01:46:49.843Z
G03,377,add,Backlog,G03-A15,2026-06-26T01:46:53.368Z
G03,377,add,Doing,G03-A15,2026-06-26T01:46:56.168Z
G03,377,remove,Backlog,G03-A15,2026-06-26T01:46:56.168Z
G03,377,add,Waiting Review,G03-A15,2026-06-26T01:52:17.640Z
G03,377,remove,Doing,G03-A15,2026-06-26T01:52:17.640Z
G03,377,add,Review,G03-A18,2026-06-26T02:37:37.746Z
G03,377,remove,Waiting Review,G03-A18,2026-06-26T02:37:37.746Z
G03,377,remove,Review,G03-A18,2026-06-26T03:06:51.228Z
G03,378,add,DOCUMENTATION,G03-A15,2026-06-23T12:20:37.203Z
G03,378,add,CODE_REVIEW,G03-A15,2026-06-23T12:20:37.203Z
G03,378,add,size_P,G03-A15,2026-06-23T12:20:37.203Z
G03,378,add,ART.18,G03-A15,2026-06-23T12:23:53.540Z
G03,378,add,Backlog,G03-A15,2026-06-24T00:20:32.894Z
G03,378,add,Doing,G03-A15,2026-06-24T00:21:41.503Z
G03,378,remove,Backlog,G03-A15,2026-06-24T00:21:41.503Z
G03,378,add,Waiting Review,G03-A15,2026-06-24T00:35:19.142Z
G03,378,remove,Doing,G03-A15,2026-06-24T00:35:19.142Z
G03,378,add,Review,G03-A13,2026-06-25T23:07:36.911Z
G03,378,remove,Waiting Review,G03-A13,2026-06-25T23:07:36.911Z
G03,378,remove,Review,G03-A13,2026-06-25T23:28:19.189Z
G03,379,add,DOCUMENTATION,G03-A15,2026-06-23T12:23:18.305Z
G03,379,add,size_M,G03-A15,2026-06-23T12:23:18.305Z
G03,379,add,ART.18,G03-A15,2026-06-23T12:23:45.584Z
G03,379,add,Backlog,G03-A12,2026-06-26T02:07:17.411Z
G03,379,add,Doing,G03-A12,2026-06-26T02:07:19.606Z
G03,379,remove,Backlog,G03-A12,2026-06-26T02:07:19.606Z
G03,379,add,Waiting Review,G03-A12,2026-06-26T12:07:17.643Z
G03,379,remove,Doing,G03-A12,2026-06-26T12:07:17.643Z
G03,379,add,Review,G03-A15,2026-06-26T12:10:38.575Z
G03,379,remove,Waiting Review,G03-A15,2026-06-26T12:10:38.575Z
G03,379,remove,Review,G03-A15,2026-06-26T21:15:58.286Z
G03,380,add,DOCUMENTATION,G03-A15,2026-06-23T12:27:18.673Z
G03,380,add,CODE_REVIEW,G03-A15,2026-06-23T12:27:18.673Z
G03,380,add,size_PP,G03-A15,2026-06-23T12:27:18.673Z
G03,380,add,ART.18,G03-A15,2026-06-23T12:27:18.673Z
G03,380,remove,CODE_REVIEW,G03-A15,2026-06-23T12:27:20.810Z
G03,380,add,Backlog,G03-A12,2026-06-26T02:07:20.989Z
G03,380,add,Doing,G03-A15,2026-06-26T02:28:31.670Z
G03,380,remove,Backlog,G03-A15,2026-06-26T02:28:31.670Z
G03,380,add,Waiting Review,G03-A15,2026-06-26T02:34:30.135Z
G03,380,remove,Doing,G03-A15,2026-06-26T02:34:30.135Z
G03,380,add,Review,G03-A18,2026-06-26T02:37:34.700Z
G03,380,remove,Waiting Review,G03-A18,2026-06-26T02:37:34.700Z
G03,380,remove,Review,G03-A18,2026-06-26T03:06:48.151Z
G03,381,add,CODE_REVIEW,G03-A15,2026-06-23T12:31:37.585Z
G03,381,add,size_M,G03-A15,2026-06-23T12:31:37.585Z
G03,381,add,ART.18,G03-A15,2026-06-23T12:31:37.585Z
G03,381,add,Backlog,G03-A15,2026-06-26T01:30:40.815Z
G03,381,add,Doing,G03-A15,2026-06-26T01:31:15.154Z
G03,381,remove,Backlog,G03-A15,2026-06-26T01:31:15.154Z
G03,381,remove,size_M,G03-A15,2026-06-26T01:40:23.541Z
G03,381,add,size_PP,G03-A15,2026-06-26T01:40:28.452Z
G03,381,add,Waiting Review,G03-A15,2026-06-26T01:46:37.538Z
G03,381,remove,Doing,G03-A15,2026-06-26T01:46:37.538Z
G03,381,add,Review,G03-A18,2026-06-26T02:37:36.383Z
G03,381,remove,Waiting Review,G03-A18,2026-06-26T02:37:36.383Z
G03,381,remove,Review,G03-A18,2026-06-26T03:06:53.020Z
G03,382,add,DOCUMENTATION,G03-A16,2026-06-23T13:38:53.965Z
G03,382,add,size_P,G03-A16,2026-06-23T13:38:53.965Z
G03,382,add,ART.1,G03-A16,2026-06-23T13:38:53.965Z
G03,382,add,Fix,G03-A16,2026-06-23T13:39:00.870Z
G03,382,add,Backlog,G03-A16,2026-06-23T13:39:10.022Z
G03,382,add,Doing,G03-A16,2026-06-23T17:01:00.557Z
G03,382,remove,Backlog,G03-A16,2026-06-23T17:01:00.557Z
G03,382,add,Waiting Review,G03-A16,2026-06-23T17:18:06.117Z
G03,382,remove,Doing,G03-A16,2026-06-23T17:18:06.117Z
G03,382,add,Review,G03-A15,2026-06-23T18:03:22.050Z
G03,382,remove,Waiting Review,G03-A15,2026-06-23T18:03:22.050Z
G03,383,add,DOCUMENTATION,G03-A14,2026-06-23T17:16:00.279Z
G03,383,add,size_M,G03-A14,2026-06-23T17:16:00.279Z
G03,383,add,ART.16,G03-A14,2026-06-23T17:16:00.279Z
G03,383,add,Backlog,G03-A14,2026-06-23T17:17:03.179Z
G03,383,add,Doing,G03-A14,2026-06-23T17:17:07.384Z
G03,383,remove,Backlog,G03-A14,2026-06-23T17:17:07.384Z
G03,383,add,Waiting Review,G03-A14,2026-06-23T18:51:08.865Z
G03,383,remove,Doing,G03-A14,2026-06-23T18:51:08.865Z
G03,383,add,Review,G03-A15,2026-06-26T02:49:03.920Z
G03,383,remove,Waiting Review,G03-A15,2026-06-26T02:49:03.920Z
G03,383,remove,Review,G03-A15,2026-06-26T03:03:14.392Z
G03,384,add,DOCUMENTATION,G03-A16,2026-06-23T17:19:37.689Z
G03,384,add,size_P,G03-A16,2026-06-23T17:19:37.689Z
G03,384,add,ART.1,G03-A16,2026-06-23T17:19:37.689Z
G03,384,add,Fix,G03-A16,2026-06-23T17:19:46.003Z
G03,384,add,Backlog,G03-A16,2026-06-23T17:19:58.686Z
G03,384,add,Doing,G03-A16,2026-06-23T17:23:20.468Z
G03,384,remove,Backlog,G03-A16,2026-06-23T17:23:20.468Z
G03,384,add,Waiting Review,G03-A16,2026-06-23T17:59:22.622Z
G03,384,remove,Doing,G03-A16,2026-06-23T17:59:22.622Z
G03,384,add,Review,G03-A15,2026-06-23T18:20:30.078Z
G03,384,remove,Waiting Review,G03-A15,2026-06-23T18:20:30.078Z
G03,384,remove,Review,G03-A15,2026-06-23T18:39:58.897Z
G03,385,add,DOCUMENTATION,G03-A15,2026-06-23T17:30:43.626Z
G03,385,add,size_P,G03-A15,2026-06-23T17:30:43.626Z
G03,385,add,ART. 17,G03-A15,2026-06-23T17:30:43.626Z
G03,385,add,Backlog,G03-A15,2026-06-23T17:31:05.753Z
G03,385,add,Doing,G03-A15,2026-06-23T17:38:37.110Z
G03,385,remove,Backlog,G03-A15,2026-06-23T17:38:37.110Z
G03,385,add,Waiting Review,G03-A15,2026-06-23T17:57:31.153Z
G03,385,remove,Doing,G03-A15,2026-06-23T17:57:31.153Z
G03,385,add,Review,G03-A13,2026-06-25T23:04:29.313Z
G03,385,remove,Waiting Review,G03-A13,2026-06-25T23:04:29.313Z
G03,385,remove,Review,G03-A13,2026-06-25T23:28:42.183Z
G03,386,add,size_M,G03-A18,2026-06-23T17:32:12.585Z
G03,386,add,ART. 17,G03-A18,2026-06-23T17:32:12.585Z
G03,386,add,Backlog,G03-A18,2026-06-23T17:34:01.292Z
G03,386,add,Doing,G03-A18,2026-06-23T17:34:07.401Z
G03,386,remove,Backlog,G03-A18,2026-06-23T17:34:07.401Z
G03,386,add,Waiting Review,G03-A18,2026-06-23T18:29:37.608Z
G03,386,remove,Doing,G03-A18,2026-06-23T18:29:37.608Z
G03,386,add,Review,G03-A15,2026-06-26T02:39:39.272Z
G03,386,remove,Waiting Review,G03-A15,2026-06-26T02:39:39.272Z
G03,386,remove,Review,G03-A15,2026-06-26T02:49:14.285Z
G03,387,add,DOCUMENTATION,G03-A16,2026-06-23T17:37:49.743Z
G03,387,add,size_P,G03-A16,2026-06-23T17:37:49.743Z
G03,387,add,ART.16,G03-A16,2026-06-23T17:37:49.743Z
G03,387,add,Backlog,G03-A16,2026-06-23T17:37:57.271Z
G03,387,add,Doing,G03-A16,2026-06-23T17:39:14.511Z
G03,387,remove,Backlog,G03-A16,2026-06-23T17:39:14.511Z
G03,387,add,Waiting Review,G03-A16,2026-06-23T18:04:12.595Z
G03,387,remove,Doing,G03-A16,2026-06-23T18:04:12.595Z
G03,387,add,Review,G03-A15,2026-06-24T01:11:19.720Z
G03,387,remove,Waiting Review,G03-A15,2026-06-24T01:11:19.720Z
G03,387,remove,Review,G03-A15,2026-06-24T01:14:21.902Z
G03,388,add,DOCUMENTATION,G03-A13,2026-06-23T17:51:05.590Z
G03,388,add,size_P,G03-A13,2026-06-23T17:51:05.590Z
G03,388,add,ART.16,G03-A13,2026-06-23T17:51:05.590Z
G03,388,add,Backlog,G03-A13,2026-06-23T17:51:35.255Z
G03,388,add,Doing,G03-A13,2026-06-23T17:51:40.269Z
G03,388,remove,Backlog,G03-A13,2026-06-23T17:51:40.269Z
G03,388,add,Waiting Review,G03-A13,2026-06-23T18:33:17.814Z
G03,388,remove,Doing,G03-A13,2026-06-23T18:33:17.814Z
G03,388,add,Review,G03-A16,2026-06-24T17:44:55.593Z
G03,388,remove,Waiting Review,G03-A16,2026-06-24T17:44:55.593Z
G03,388,remove,Review,G03-A16,2026-06-24T17:57:54.399Z
G03,389,add,DOCUMENTATION,G03-A19,2026-06-23T17:53:48.192Z
G03,389,add,size_P,G03-A19,2026-06-23T17:53:48.192Z
G03,389,add,Fix,G03-A19,2026-06-23T17:53:48.192Z
G03,389,add,ART.16,G03-A19,2026-06-23T17:53:48.192Z
G03,389,add,Backlog,G03-A19,2026-06-23T17:53:52.929Z
G03,389,add,Doing,G03-A19,2026-06-23T17:53:58.334Z
G03,389,remove,Backlog,G03-A19,2026-06-23T17:53:58.334Z
G03,389,add,Waiting Review,G03-A19,2026-06-24T17:52:56.776Z
G03,389,remove,Doing,G03-A19,2026-06-24T17:52:56.776Z
G03,389,add,Review,G03-A16,2026-06-25T13:42:35.338Z
G03,389,remove,Waiting Review,G03-A16,2026-06-25T13:42:35.338Z
G03,389,remove,Review,G03-A16,2026-06-25T14:02:16.571Z
G03,390,add,CODE,G03-A12,2026-06-23T18:06:41.235Z
G03,390,add,size_M,G03-A12,2026-06-23T18:06:41.235Z
G03,390,add,ART.14,G03-A12,2026-06-23T18:06:41.235Z
G03,390,add,Backlog,G03-A12,2026-06-23T18:07:09.045Z
G03,390,add,Doing,G03-A12,2026-06-23T18:07:10.145Z
G03,390,remove,Backlog,G03-A12,2026-06-23T18:07:10.145Z
G03,390,add,Waiting Review,G03-A12,2026-06-23T18:36:48.902Z
G03,390,remove,Doing,G03-A12,2026-06-23T18:36:48.902Z
G03,390,add,Review,G03-A14,2026-06-24T17:23:13.229Z
G03,390,remove,Waiting Review,G03-A14,2026-06-24T17:23:13.229Z
G03,390,remove,Review,G03-A14,2026-06-24T17:49:15.779Z
G03,391,add,ART.10,G03-A16,2026-06-23T18:13:00.803Z
G03,391,add,DOCUMENTATION,G03-A16,2026-06-23T18:13:17.199Z
G03,391,add,size_M,G03-A16,2026-06-23T18:13:17.199Z
G03,391,add,Fix,G03-A16,2026-06-23T18:13:17.199Z
G03,391,add,Backlog,G03-A16,2026-06-23T18:13:27.189Z
G03,391,add,Doing,G03-A16,2026-06-23T18:24:34.445Z
G03,391,remove,Backlog,G03-A16,2026-06-23T18:24:34.445Z
G03,391,add,Waiting Review,G03-A16,2026-06-23T18:29:36.438Z
G03,391,remove,Doing,G03-A16,2026-06-23T18:29:36.438Z
G03,391,add,Review,G03-A15,2026-06-23T18:51:37.073Z
G03,391,remove,Waiting Review,G03-A15,2026-06-23T18:51:37.073Z
G03,391,remove,Review,G03-A15,2026-06-23T18:54:20.973Z
G03,392,add,size_M,G03-A18,2026-06-23T18:32:09.277Z
G03,392,add,ART. 17,G03-A18,2026-06-23T18:32:09.277Z
G03,392,add,Backlog,G03-A18,2026-06-24T10:44:17.635Z
G03,392,add,Doing,G03-A18,2026-06-24T11:11:36.878Z
G03,392,remove,Backlog,G03-A18,2026-06-24T11:11:36.878Z
G03,392,add,Waiting Review,G03-A18,2026-06-24T15:44:07.242Z
G03,392,remove,Doing,G03-A18,2026-06-24T15:44:07.242Z
G03,392,add,Review,G03-A15,2026-06-26T02:39:28.057Z
G03,392,remove,Waiting Review,G03-A15,2026-06-26T02:39:28.057Z
G03,392,remove,Review,G03-A15,2026-06-26T02:49:16.001Z
G03,393,add,CODE,G03-A12,2026-06-23T21:37:21.075Z
G03,393,add,size_P,G03-A12,2026-06-23T21:37:21.075Z
G03,393,add,ART.14,G03-A12,2026-06-23T21:37:21.075Z
G03,393,add,Backlog,G03-A12,2026-06-23T21:40:39.443Z
G03,393,add,Doing,G03-A12,2026-06-23T21:40:42.034Z
G03,393,remove,Backlog,G03-A12,2026-06-23T21:40:42.034Z
G03,393,add,Waiting Review,G03-A12,2026-06-24T01:01:28.876Z
G03,393,remove,Doing,G03-A12,2026-06-24T01:01:28.876Z
G03,393,add,Review,G03-A14,2026-06-24T17:50:49.400Z
G03,393,remove,Waiting Review,G03-A14,2026-06-24T17:50:49.400Z
G03,393,remove,Review,G03-A14,2026-06-24T17:50:56.423Z
G03,394,add,DOCUMENTATION,G03-A15,2026-06-23T23:04:30.700Z
G03,394,add,DESIGN,G03-A15,2026-06-23T23:04:30.700Z
G03,394,add,size_G,G03-A15,2026-06-23T23:04:30.700Z
G03,394,add,ART.16,G03-A15,2026-06-23T23:04:30.700Z
G03,394,add,ART. 17,G03-A15,2026-06-23T23:04:30.700Z
G03,394,remove,ART.16,G03-A15,2026-06-23T23:04:33.129Z
G03,394,add,Backlog,G03-A15,2026-06-23T23:04:54.995Z
G03,394,add,Doing,G03-A15,2026-06-23T23:05:24.577Z
G03,394,remove,Backlog,G03-A15,2026-06-23T23:05:24.577Z
G03,394,add,Waiting Review,G03-A15,2026-06-24T00:20:19.501Z
G03,394,remove,Doing,G03-A15,2026-06-24T00:20:19.501Z
G03,394,add,Review,G03-A13,2026-06-25T23:09:26.778Z
G03,394,remove,Waiting Review,G03-A13,2026-06-25T23:09:26.778Z
G03,394,remove,Review,G03-A13,2026-06-25T23:28:37.124Z
G03,395,add,CODE_REVIEW,G03-A15,2026-06-24T00:48:42.585Z
G03,395,add,size_P,G03-A15,2026-06-24T00:48:42.585Z
G03,395,add,Fix,G03-A15,2026-06-24T00:48:42.585Z
G03,395,add,ART.14,G03-A15,2026-06-24T00:48:42.585Z
G03,395,add,Backlog,G03-A15,2026-06-24T00:48:56.881Z
G03,395,add,Doing,G03-A15,2026-06-24T00:51:54.432Z
G03,395,remove,Backlog,G03-A15,2026-06-24T00:51:54.432Z
G03,395,add,Waiting Review,G03-A15,2026-06-24T01:03:57.669Z
G03,395,remove,Doing,G03-A15,2026-06-24T01:03:57.669Z
G03,395,add,Review,G03-A12,2026-06-24T18:53:03.186Z
G03,395,remove,Waiting Review,G03-A12,2026-06-24T18:53:03.186Z
G03,395,remove,Review,G03-A12,2026-06-24T20:31:44.201Z
G03,396,add,DESIGN,G03-A15,2026-06-24T01:23:29.941Z
G03,396,add,size_P,G03-A15,2026-06-24T01:23:29.941Z
G03,396,add,Fix,G03-A15,2026-06-24T01:23:29.941Z
G03,396,add,ART.14,G03-A15,2026-06-24T01:23:29.941Z
G03,396,add,Backlog,G03-A15,2026-06-24T01:23:36.580Z
G03,396,add,Doing,G03-A15,2026-06-24T01:37:00.078Z
G03,396,remove,Backlog,G03-A15,2026-06-24T01:37:00.078Z
G03,396,add,Waiting Review,G03-A15,2026-06-24T01:45:14.996Z
G03,396,remove,Doing,G03-A15,2026-06-24T01:45:14.996Z
G03,396,add,Review,G03-A12,2026-06-24T21:25:11.022Z
G03,396,remove,Waiting Review,G03-A12,2026-06-24T21:25:11.022Z
G03,396,remove,Review,G03-A12,2026-06-25T13:25:08.517Z
G03,397,add,CODE,G03-A15,2026-06-24T01:25:17.959Z
G03,397,add,size_P,G03-A15,2026-06-24T01:25:17.959Z
G03,397,add,ART.14,G03-A15,2026-06-24T01:25:17.959Z
G03,397,add,Backlog,G03-A15,2026-06-24T01:58:24.551Z
G03,397,add,Doing,G03-A15,2026-06-24T01:58:34.793Z
G03,397,remove,Backlog,G03-A15,2026-06-24T01:58:34.793Z
G03,397,add,Waiting Review,G03-A15,2026-06-24T02:13:38.605Z
G03,397,remove,Doing,G03-A15,2026-06-24T02:13:38.605Z
G03,397,add,Review,G03-A12,2026-06-24T18:40:07.758Z
G03,397,remove,Waiting Review,G03-A12,2026-06-24T18:40:07.758Z
G03,397,remove,Review,G03-A12,2026-06-24T18:40:38.040Z
G03,398,add,DOCUMENTATION,G03-A15,2026-06-24T02:19:30.994Z
G03,398,add,size_M,G03-A15,2026-06-24T02:19:30.994Z
G03,398,add,ART.16,G03-A15,2026-06-24T02:19:30.994Z
G03,398,add,Backlog,G03-A15,2026-06-24T17:09:28.855Z
G03,398,add,Doing,G03-A15,2026-06-24T17:09:54.931Z
G03,398,remove,Backlog,G03-A15,2026-06-24T17:09:54.931Z
G03,398,remove,size_M,G03-A15,2026-06-24T17:10:21.219Z
G03,398,add,size_P,G03-A15,2026-06-24T17:10:25.841Z
G03,398,add,Waiting Review,G03-A15,2026-06-24T18:00:28.469Z
G03,398,remove,Doing,G03-A15,2026-06-24T18:00:28.469Z
G03,398,add,Review,G03-A13,2026-06-25T18:35:02.382Z
G03,398,remove,Waiting Review,G03-A13,2026-06-25T18:35:02.382Z
G03,398,remove,Review,G03-A13,2026-06-25T23:28:23.462Z
G03,399,add,DOCUMENTATION,G03-A15,2026-06-24T02:22:29.242Z
G03,399,add,size_M,G03-A15,2026-06-24T02:22:29.242Z
G03,399,add,ART.16,G03-A15,2026-06-24T02:22:29.242Z
G03,399,remove,size_M,G03-A15,2026-06-24T02:22:30.809Z
G03,399,add,size_PP,G03-A15,2026-06-24T02:22:35.786Z
G03,399,add,Backlog,G03-A15,2026-06-24T15:53:31.741Z
G03,399,add,Doing,G03-A15,2026-06-24T15:53:34.738Z
G03,399,remove,Backlog,G03-A15,2026-06-24T15:53:34.738Z
G03,399,remove,size_PP,G03-A15,2026-06-24T16:11:09.595Z
G03,399,add,size_P,G03-A15,2026-06-24T16:11:17.714Z
G03,399,add,Waiting Review,G03-A15,2026-06-24T16:18:42.699Z
G03,399,remove,Doing,G03-A15,2026-06-24T16:18:42.699Z
G03,399,add,Review,G03-A19,2026-06-25T18:29:29.258Z
G03,399,remove,Waiting Review,G03-A19,2026-06-25T18:29:29.258Z
G03,399,remove,Review,G03-A13,2026-06-25T23:28:12.269Z
G03,400,add,DOCUMENTATION,G03-A15,2026-06-24T13:00:23.695Z
G03,400,add,size_P,G03-A15,2026-06-24T13:00:23.695Z
G03,400,add,ART.16,G03-A15,2026-06-24T13:00:23.695Z
G03,400,remove,size_P,G03-A15,2026-06-24T13:00:26.681Z
G03,400,add,size_PP,G03-A15,2026-06-24T13:00:32.376Z
G03,400,remove,size_PP,G03-A15,2026-06-24T13:00:34.687Z
G03,400,add,size_P,G03-A15,2026-06-24T13:00:39.917Z
G03,400,add,Backlog,G03-A15,2026-06-24T16:32:06.336Z
G03,400,add,Doing,G03-A15,2026-06-24T16:32:08.804Z
G03,400,remove,Backlog,G03-A15,2026-06-24T16:32:08.804Z
G03,400,add,Waiting Review,G03-A15,2026-06-24T16:51:35.891Z
G03,400,remove,Doing,G03-A15,2026-06-24T16:51:35.891Z
G03,400,add,Review,G03-A19,2026-06-25T18:29:32.923Z
G03,400,remove,Waiting Review,G03-A19,2026-06-25T18:29:32.923Z
G03,400,remove,Review,G03-A13,2026-06-25T23:28:06.340Z
G03,401,add,DOCUMENTATION,G03-A16,2026-06-24T17:04:24.652Z
G03,401,add,size_P,G03-A16,2026-06-24T17:04:24.652Z
G03,401,add,Fix,G03-A16,2026-06-24T17:04:41.549Z
G03,401,add,ART.10,G03-A16,2026-06-24T17:05:16.195Z
G03,401,add,Backlog,G03-A16,2026-06-24T17:05:41.833Z
G03,401,add,Doing,G03-A16,2026-06-24T17:06:34.182Z
G03,401,remove,Backlog,G03-A16,2026-06-24T17:06:34.182Z
G03,401,add,Waiting Review,G03-A16,2026-06-24T17:22:09.605Z
G03,401,remove,Doing,G03-A16,2026-06-24T17:22:09.605Z
G03,401,add,Review,G03-A15,2026-06-24T18:03:15.835Z
G03,401,remove,Waiting Review,G03-A15,2026-06-24T18:03:15.835Z
G03,401,remove,Review,G03-A15,2026-06-24T18:12:03.964Z
G03,403,add,DOCUMENTATION,G03-A16,2026-06-24T17:24:06.711Z
G03,403,add,size_P,G03-A16,2026-06-24T17:24:06.711Z
G03,403,add,ART.16,G03-A16,2026-06-24T17:24:06.711Z
G03,403,add,Backlog,G03-A16,2026-06-24T17:24:23.432Z
G03,403,add,Doing,G03-A16,2026-06-24T17:28:31.409Z
G03,403,remove,Backlog,G03-A16,2026-06-24T17:28:31.409Z
G03,403,add,Waiting Review,G03-A16,2026-06-24T17:43:48.974Z
G03,403,remove,Doing,G03-A16,2026-06-24T17:43:48.974Z
G03,403,add,Review,G03-A15,2026-06-24T18:12:07.215Z
G03,403,remove,Waiting Review,G03-A15,2026-06-24T18:12:07.215Z
G03,403,remove,Review,G03-A15,2026-06-24T18:15:52.184Z
G03,404,add,CODE,G03-A12,2026-06-24T17:36:56.085Z
G03,404,add,size_P,G03-A12,2026-06-24T17:36:56.085Z
G03,404,add,ART.14,G03-A12,2026-06-24T17:36:56.085Z
G03,404,add,Backlog,G03-A12,2026-06-24T17:37:36.499Z
G03,404,add,Doing,G03-A12,2026-06-24T17:37:37.870Z
G03,404,remove,Backlog,G03-A12,2026-06-24T17:37:37.870Z
G03,404,remove,size_P,G03-A12,2026-06-24T17:46:34.355Z
G03,404,add,size_M,G03-A12,2026-06-24T17:46:41.269Z
G03,404,add,Waiting Review,G03-A12,2026-06-24T17:51:47.327Z
G03,404,remove,Doing,G03-A12,2026-06-24T17:51:47.327Z
G03,404,add,Review,G03-A14,2026-06-24T18:27:16.040Z
G03,404,remove,Waiting Review,G03-A14,2026-06-24T18:27:16.040Z
G03,404,remove,Review,G03-A14,2026-06-24T19:01:30.964Z
G03,405,add,size_M,G03-A18,2026-06-24T17:50:47.274Z
G03,405,add,ART. 17,G03-A18,2026-06-24T17:50:47.274Z
G03,405,add,Backlog,G03-A18,2026-06-24T17:51:18.671Z
G03,405,add,Doing,G03-A18,2026-06-24T17:52:02.921Z
G03,405,remove,Backlog,G03-A18,2026-06-24T17:52:02.921Z
G03,405,add,Waiting Review,G03-A18,2026-06-25T10:30:17.678Z
G03,405,remove,Doing,G03-A18,2026-06-25T10:30:17.678Z
G03,405,add,Review,G03-A15,2026-06-26T02:39:44.317Z
G03,405,remove,Waiting Review,G03-A15,2026-06-26T02:39:44.317Z
G03,405,remove,Review,G03-A15,2026-06-26T02:49:06.093Z
G03,406,add,DOCUMENTATION,G03-A13,2026-06-24T17:51:25.659Z
G03,406,add,size_P,G03-A13,2026-06-24T17:51:25.659Z
G03,406,add,ART.16,G03-A13,2026-06-24T17:51:25.659Z
G03,406,add,Backlog,G03-A13,2026-06-24T17:51:40.434Z
G03,406,add,Doing,G03-A13,2026-06-24T17:51:57.516Z
G03,406,remove,Backlog,G03-A13,2026-06-24T17:51:57.516Z
G03,406,add,Waiting Review,G03-A13,2026-06-24T18:07:19.277Z
G03,406,remove,Doing,G03-A13,2026-06-24T18:07:19.277Z
G03,406,add,Review,G03-A18,2026-06-25T18:26:22.973Z
G03,406,remove,Waiting Review,G03-A18,2026-06-25T18:26:22.973Z
G03,406,remove,Review,G03-A18,2026-06-25T18:38:00.354Z
G03,407,add,DOCUMENTATION,G03-A16,2026-06-24T17:59:04.128Z
G03,407,add,size_P,G03-A16,2026-06-24T17:59:04.128Z
G03,407,add,Fix,G03-A16,2026-06-24T17:59:04.128Z
G03,407,add,Backlog,G03-A16,2026-06-24T17:59:15.227Z
G03,407,add,ART.1,G03-A16,2026-06-24T17:59:35.944Z
G03,407,add,Doing,G03-A16,2026-06-24T18:04:36.745Z
G03,407,remove,Backlog,G03-A16,2026-06-24T18:04:36.745Z
G03,407,add,Waiting Review,G03-A16,2026-06-24T18:22:11.357Z
G03,407,remove,Doing,G03-A16,2026-06-24T18:22:11.357Z
G03,407,add,Review,G03-A15,2026-06-24T18:30:33.631Z
G03,407,remove,Waiting Review,G03-A15,2026-06-24T18:30:33.631Z
G03,407,remove,Review,G03-A15,2026-06-24T18:37:51.137Z
G03,408,add,CODE,G03-A14,2026-06-24T18:09:28.565Z
G03,408,add,size_M,G03-A14,2026-06-24T18:09:28.565Z
G03,408,add,ART.14,G03-A14,2026-06-24T18:09:28.565Z
G03,408,add,Backlog,G03-A14,2026-06-24T18:09:34.349Z
G03,408,add,Doing,G03-A14,2026-06-24T18:09:35.894Z
G03,408,remove,Backlog,G03-A14,2026-06-24T18:09:35.894Z
G03,408,add,Waiting Review,G03-A14,2026-06-24T18:26:52.253Z
G03,408,remove,Doing,G03-A14,2026-06-24T18:26:52.253Z
G03,408,add,Review,G03-A12,2026-06-24T18:44:17.262Z
G03,408,remove,Waiting Review,G03-A12,2026-06-24T18:44:17.262Z
G03,408,remove,Review,G03-A12,2026-06-24T18:52:51.334Z
G03,409,add,DOCUMENTATION,G03-A16,2026-06-24T18:23:25.972Z
G03,409,add,size_P,G03-A16,2026-06-24T18:23:25.972Z
G03,409,add,ART.1,G03-A16,2026-06-24T18:23:25.972Z
G03,409,add,Fix,G03-A16,2026-06-24T18:23:35.011Z
G03,409,add,Backlog,G03-A16,2026-06-24T18:23:44.863Z
G03,409,add,Doing,G03-A16,2026-06-24T18:27:04.999Z
G03,409,remove,Backlog,G03-A16,2026-06-24T18:27:04.999Z
G03,409,add,Waiting Review,G03-A16,2026-06-24T18:56:45.863Z
G03,409,remove,Doing,G03-A16,2026-06-24T18:56:45.863Z
G03,409,add,Review,G03-A15,2026-06-25T00:49:27.200Z
G03,409,remove,Waiting Review,G03-A15,2026-06-25T00:49:27.200Z
G03,409,remove,Review,G03-A15,2026-06-25T00:55:32.521Z
G03,410,add,DOCUMENTATION,G03-A15,2026-06-24T18:53:58.507Z
G03,410,add,size_P,G03-A15,2026-06-24T18:53:58.507Z
G03,410,add,ART.15,G03-A15,2026-06-24T18:53:58.507Z
G03,410,add,Backlog,G03-A15,2026-06-25T12:26:56.010Z
G03,410,add,Doing,G03-A15,2026-06-25T12:26:59.873Z
G03,410,remove,Backlog,G03-A15,2026-06-25T12:26:59.873Z
G03,410,add,Waiting Review,G03-A15,2026-06-25T12:52:40.572Z
G03,410,remove,Doing,G03-A15,2026-06-25T12:52:40.572Z
G03,410,add,Review,G03-A12,2026-06-25T16:27:39.126Z
G03,410,remove,Waiting Review,G03-A12,2026-06-25T16:27:39.126Z
G03,410,remove,Review,G03-A12,2026-06-25T17:38:23.804Z
G03,411,add,ART.15,G03-A15,2026-06-24T18:54:10.524Z
G03,411,add,DOCUMENTATION,G03-A15,2026-06-24T18:54:10.524Z
G03,411,add,size_P,G03-A15,2026-06-24T18:54:10.524Z
G03,411,add,Backlog,G03-A15,2026-06-25T11:46:12.627Z
G03,411,add,Doing,G03-A15,2026-06-25T11:46:49.284Z
G03,411,remove,Backlog,G03-A15,2026-06-25T11:46:49.284Z
G03,411,add,Waiting Review,G03-A15,2026-06-25T12:05:47.681Z
G03,411,remove,Doing,G03-A15,2026-06-25T12:05:47.681Z
G03,411,add,Review,G03-A12,2026-06-25T16:28:52.693Z
G03,411,remove,Waiting Review,G03-A12,2026-06-25T16:28:52.693Z
G03,411,remove,Review,G03-A12,2026-06-25T17:38:25.229Z
G03,412,add,ART.15,G03-A15,2026-06-24T18:55:13.453Z
G03,412,add,DOCUMENTATION,G03-A15,2026-06-24T18:55:13.453Z
G03,412,add,size_P,G03-A15,2026-06-24T18:55:13.453Z
G03,412,add,Backlog,G03-A15,2026-06-25T12:07:35.740Z
G03,412,add,Doing,G03-A15,2026-06-25T12:07:56.314Z
G03,412,remove,Backlog,G03-A15,2026-06-25T12:07:56.314Z
G03,412,add,Waiting Review,G03-A15,2026-06-25T12:26:43.086Z
G03,412,remove,Doing,G03-A15,2026-06-25T12:26:43.086Z
G03,412,add,Review,G03-A12,2026-06-25T16:28:58.787Z
G03,412,remove,Waiting Review,G03-A12,2026-06-25T16:28:58.787Z
G03,412,remove,Review,G03-A12,2026-06-25T17:38:22.359Z
G03,413,add,CODE,G03-A12,2026-06-24T20:34:17.294Z
G03,413,add,size_P,G03-A12,2026-06-24T20:34:17.294Z
G03,413,add,ART.11,G03-A12,2026-06-24T20:34:17.294Z
G03,413,add,Backlog,G03-A12,2026-06-24T20:35:55.586Z
G03,413,remove,ART.11,G03-A12,2026-06-24T20:36:01.821Z
G03,413,add,ART.14,G03-A12,2026-06-24T20:36:14.698Z
G03,413,add,Doing,G03-A12,2026-06-24T20:36:18.165Z
G03,413,remove,Backlog,G03-A12,2026-06-24T20:36:18.165Z
G03,413,add,Waiting Review,G03-A12,2026-06-24T21:03:44.298Z
G03,413,remove,Doing,G03-A12,2026-06-24T21:03:44.298Z
G03,413,add,Review,G03-A14,2026-06-25T20:29:43.677Z
G03,413,remove,Waiting Review,G03-A14,2026-06-25T20:29:43.677Z
G03,413,remove,Review,G03-A14,2026-06-25T20:41:37.530Z
G03,414,add,CODE,G03-A12,2026-06-24T23:05:11.530Z
G03,414,add,size_M,G03-A12,2026-06-24T23:05:11.530Z
G03,414,add,ART.11,G03-A12,2026-06-24T23:05:11.530Z
G03,414,add,Backlog,G03-A12,2026-06-24T23:05:41.176Z
G03,414,add,Doing,G03-A12,2026-06-24T23:05:42.713Z
G03,414,remove,Backlog,G03-A12,2026-06-24T23:05:42.713Z
G03,414,remove,ART.11,G03-A12,2026-06-24T23:05:54.067Z
G03,414,add,ART.14,G03-A12,2026-06-24T23:06:05.478Z
G03,414,add,Waiting Review,G03-A12,2026-06-25T13:02:57.050Z
G03,414,remove,Doing,G03-A12,2026-06-25T13:02:57.050Z
G03,414,add,Review,G03-A15,2026-06-25T13:29:17.001Z
G03,414,remove,Waiting Review,G03-A15,2026-06-25T13:29:17.001Z
G03,414,remove,Review,G03-A15,2026-06-25T13:42:58.973Z
G03,415,add,Doing,G03-A15,2026-06-25T12:43:12.601Z
G03,415,add,DOCUMENTATION,G03-A15,2026-06-25T12:43:12.601Z
G03,415,add,ART.15,G03-A15,2026-06-25T12:43:12.601Z
G03,415,remove,Doing,G03-A15,2026-06-25T12:43:14.423Z
G03,415,add,size_PP,G03-A15,2026-06-25T12:43:19.894Z
G03,415,add,Backlog,G03-A15,2026-06-25T12:52:59.801Z
G03,415,add,Doing,G03-A15,2026-06-25T12:53:02.847Z
G03,415,remove,Backlog,G03-A15,2026-06-25T12:53:02.847Z
G03,415,add,Waiting Review,G03-A15,2026-06-25T12:59:55.945Z
G03,415,remove,Doing,G03-A15,2026-06-25T12:59:55.945Z
G03,415,add,Review,G03-A12,2026-06-25T16:29:09.374Z
G03,415,remove,Waiting Review,G03-A12,2026-06-25T16:29:09.374Z
G03,415,remove,Review,G03-A12,2026-06-25T17:38:16.312Z
G03,416,add,DOCUMENTATION,G03-A15,2026-06-25T13:02:43.761Z
G03,416,add,size_PP,G03-A15,2026-06-25T13:02:43.761Z
G03,416,add,ART.15,G03-A15,2026-06-25T13:02:43.761Z
G03,416,add,Backlog,G03-A15,2026-06-25T13:03:04.159Z
G03,416,add,Doing,G03-A15,2026-06-25T13:03:09.431Z
G03,416,remove,Backlog,G03-A15,2026-06-25T13:03:09.431Z
G03,416,add,Waiting Review,G03-A15,2026-06-25T13:12:25.261Z
G03,416,remove,Doing,G03-A15,2026-06-25T13:12:25.261Z
G03,416,add,Review,G03-A12,2026-06-25T16:29:18.077Z
G03,416,remove,Waiting Review,G03-A12,2026-06-25T16:29:18.077Z
G03,416,remove,Review,G03-A12,2026-06-25T17:38:20.781Z
G03,417,add,DOCUMENTATION,G03-A15,2026-06-25T13:15:24.286Z
G03,417,add,size_P,G03-A15,2026-06-25T13:15:24.286Z
G03,417,add,ART.15,G03-A15,2026-06-25T13:15:24.286Z
G03,417,add,Backlog,G03-A15,2026-06-25T13:15:30.095Z
G03,417,add,Doing,G03-A15,2026-06-25T14:27:31.236Z
G03,417,remove,Backlog,G03-A15,2026-06-25T14:27:31.236Z
G03,417,add,Waiting Review,G03-A15,2026-06-25T14:47:07.130Z
G03,417,remove,Doing,G03-A15,2026-06-25T14:47:07.130Z
G03,417,add,Review,G03-A12,2026-06-25T16:29:25.642Z
G03,417,remove,Waiting Review,G03-A12,2026-06-25T16:29:25.642Z
G03,417,remove,Review,G03-A12,2026-06-25T17:38:17.631Z
G03,418,add,CODE,G03-A12,2026-06-25T14:05:39.422Z
G03,418,add,size_M,G03-A12,2026-06-25T14:05:39.422Z
G03,418,add,ART.11,G03-A12,2026-06-25T14:05:39.422Z
G03,418,add,Backlog,G03-A12,2026-06-25T14:06:09.539Z
G03,418,add,Doing,G03-A12,2026-06-25T14:06:10.896Z
G03,418,remove,Backlog,G03-A12,2026-06-25T14:06:10.896Z
G03,418,add,Waiting Review,G03-A12,2026-06-25T14:34:15.956Z
G03,418,remove,Doing,G03-A12,2026-06-25T14:34:15.956Z
G03,418,add,Review,G03-A14,2026-06-25T20:29:46.575Z
G03,418,remove,Waiting Review,G03-A14,2026-06-25T20:29:46.575Z
G03,418,remove,Review,G03-A14,2026-06-25T20:41:38.663Z
G03,419,add,DOCUMENTATION,G03-A16,2026-06-25T14:08:26.786Z
G03,419,add,size_P,G03-A16,2026-06-25T14:08:26.786Z
G03,419,add,Fix,G03-A16,2026-06-25T14:08:26.786Z
G03,419,add,ART.10,G03-A16,2026-06-25T14:08:26.786Z
G03,419,add,Backlog,G03-A16,2026-06-25T14:08:36.448Z
G03,419,add,Doing,G03-A16,2026-06-25T14:12:37.906Z
G03,419,remove,Backlog,G03-A16,2026-06-25T14:12:37.906Z
G03,419,add,Waiting Review,G03-A16,2026-06-25T14:51:50.465Z
G03,419,remove,Doing,G03-A16,2026-06-25T14:51:50.465Z
G03,419,add,Review,G03-A15,2026-06-25T17:57:14.289Z
G03,419,remove,Waiting Review,G03-A15,2026-06-25T17:57:14.289Z
G03,419,remove,Review,G03-A15,2026-06-25T18:07:26.758Z
G03,420,add,CODE,G03-A12,2026-06-25T14:37:57.774Z
G03,420,add,size_P,G03-A12,2026-06-25T14:37:57.774Z
G03,420,add,ART.14,G03-A12,2026-06-25T14:37:57.774Z
G03,420,add,Doing,G03-A12,2026-06-25T14:39:34.372Z
G03,420,add,Waiting Review,G03-A12,2026-06-25T14:44:10.218Z
G03,420,remove,Doing,G03-A12,2026-06-25T14:44:10.218Z
G03,420,add,Review,G03-A14,2026-06-25T20:29:36.353Z
G03,420,remove,Waiting Review,G03-A14,2026-06-25T20:29:36.353Z
G03,420,remove,Review,G03-A14,2026-06-25T20:29:37.460Z
G03,421,add,DOCUMENTATION,G03-A18,2026-06-25T14:42:11.604Z
G03,421,add,size_P,G03-A18,2026-06-25T14:42:11.604Z
G03,421,add,ART.16,G03-A18,2026-06-25T14:42:11.604Z
G03,421,add,Backlog,G03-A18,2026-06-25T14:42:32.970Z
G03,421,add,Doing,G03-A18,2026-06-25T14:42:38.499Z
G03,421,remove,Backlog,G03-A18,2026-06-25T14:42:38.499Z
G03,421,add,size_PP,G03-A18,2026-06-25T14:57:52.415Z
G03,421,remove,size_P,G03-A18,2026-06-25T14:57:52.415Z
G03,421,add,Waiting Review,G03-A18,2026-06-25T14:57:59.220Z
G03,421,remove,Doing,G03-A18,2026-06-25T14:57:59.220Z
G03,421,add,Review,G03-A16,2026-06-25T17:47:53.809Z
G03,421,remove,Waiting Review,G03-A16,2026-06-25T17:47:53.809Z
G03,421,remove,Review,G03-A16,2026-06-25T17:55:17.733Z
G03,422,add,DOCUMENTATION,G03-A18,2026-06-25T15:02:23.163Z
G03,422,add,size_P,G03-A18,2026-06-25T15:02:23.163Z
G03,422,add,ART.16,G03-A18,2026-06-25T15:02:23.163Z
G03,422,add,Backlog,G03-A18,2026-06-25T15:02:45.649Z
G03,422,add,Doing,G03-A18,2026-06-25T15:02:47.823Z
G03,422,remove,Backlog,G03-A18,2026-06-25T15:02:47.823Z
G03,422,add,Waiting Review,G03-A18,2026-06-25T15:30:34.247Z
G03,422,remove,Doing,G03-A18,2026-06-25T15:30:34.247Z
G03,422,add,Review,G03-A16,2026-06-25T17:47:48.140Z
G03,422,remove,Waiting Review,G03-A16,2026-06-25T17:47:48.140Z
G03,422,remove,Review,G03-A16,2026-06-25T17:55:08.698Z
G03,423,add,DOCUMENTATION,G03-A18,2026-06-25T15:31:25.558Z
G03,423,add,size_P,G03-A18,2026-06-25T15:31:25.558Z
G03,423,add,ART.16,G03-A18,2026-06-25T15:31:25.558Z
G03,423,add,Backlog,G03-A18,2026-06-25T15:31:47.166Z
G03,423,add,Doing,G03-A18,2026-06-25T15:31:49.230Z
G03,423,remove,Backlog,G03-A18,2026-06-25T15:31:49.230Z
G03,423,add,Waiting Review,G03-A18,2026-06-25T15:55:05.784Z
G03,423,remove,Doing,G03-A18,2026-06-25T15:55:05.784Z
G03,423,add,Review,G03-A16,2026-06-25T17:47:44.392Z
G03,423,remove,Waiting Review,G03-A16,2026-06-25T17:47:44.392Z
G03,423,remove,Review,G03-A16,2026-06-25T17:55:12.256Z
G03,424,add,DOCUMENTATION,G03-A15,2026-06-25T15:39:27.200Z
G03,424,add,size_P,G03-A15,2026-06-25T15:39:27.200Z
G03,424,add,ART.15,G03-A15,2026-06-25T15:39:27.200Z
G03,424,add,Backlog,G03-A15,2026-06-25T15:39:39.756Z
G03,424,add,Doing,G03-A15,2026-06-25T15:45:20.779Z
G03,424,remove,Backlog,G03-A15,2026-06-25T15:45:20.779Z
G03,424,add,Waiting Review,G03-A15,2026-06-25T16:08:38.559Z
G03,424,remove,Doing,G03-A15,2026-06-25T16:08:38.559Z
G03,424,add,Review,G03-A18,2026-06-25T16:16:53.622Z
G03,424,remove,Waiting Review,G03-A18,2026-06-25T16:16:53.622Z
G03,424,remove,Review,G03-A12,2026-06-25T17:38:10.346Z
G03,424,add,Review,G03-A12,2026-06-25T17:38:14.679Z
G03,424,remove,Review,G03-A18,2026-06-25T18:03:59.121Z
G03,425,add,Backlog,G03-A12,2026-06-25T15:53:43.874Z
G03,425,add,CODE,G03-A12,2026-06-25T15:53:43.874Z
G03,425,add,size_P,G03-A12,2026-06-25T15:53:43.874Z
G03,425,add,ART.14,G03-A12,2026-06-25T15:53:43.874Z
G03,425,add,Doing,G03-A12,2026-06-25T15:56:05.762Z
G03,425,remove,Backlog,G03-A12,2026-06-25T15:56:05.762Z
G03,425,add,Waiting Review,G03-A12,2026-06-25T16:03:47.445Z
G03,425,remove,Doing,G03-A12,2026-06-25T16:03:47.445Z
G03,425,add,Review,G03-A14,2026-06-25T20:29:32.692Z
G03,425,remove,Waiting Review,G03-A14,2026-06-25T20:29:32.692Z
G03,425,remove,Review,G03-A14,2026-06-25T20:29:34.828Z
G03,426,add,Backlog,G03-A12,2026-06-25T16:07:13.088Z
G03,426,add,CODE,G03-A12,2026-06-25T16:07:13.088Z
G03,426,add,size_P,G03-A12,2026-06-25T16:07:13.088Z
G03,426,add,ART.14,G03-A12,2026-06-25T16:07:13.088Z
G03,426,add,Doing,G03-A12,2026-06-25T16:07:48.569Z
G03,426,remove,Backlog,G03-A12,2026-06-25T16:07:48.569Z
G03,426,add,Waiting Review,G03-A12,2026-06-25T16:19:00.031Z
G03,426,remove,Doing,G03-A12,2026-06-25T16:19:00.031Z
G03,426,add,Review,G03-A14,2026-06-25T20:29:31.462Z
G03,426,remove,Waiting Review,G03-A14,2026-06-25T20:29:31.462Z
G03,426,remove,Review,G03-A14,2026-06-25T20:29:33.850Z
G03,427,add,DOCUMENTATION,G03-A15,2026-06-25T17:39:25.015Z
G03,427,add,size_PP,G03-A15,2026-06-25T17:39:25.015Z
G03,427,add,ART.15,G03-A15,2026-06-25T17:39:25.015Z
G03,427,add,Backlog,G03-A15,2026-06-25T17:41:51.862Z
G03,427,add,Doing,G03-A15,2026-06-25T17:41:54.720Z
G03,427,remove,Backlog,G03-A15,2026-06-25T17:41:54.720Z
G03,427,add,Waiting Review,G03-A15,2026-06-25T17:48:43.913Z
G03,427,remove,Doing,G03-A15,2026-06-25T17:48:43.913Z
G03,427,add,Review,G03-A12,2026-06-25T17:53:34.315Z
G03,427,remove,Waiting Review,G03-A12,2026-06-25T17:53:34.315Z
G03,427,remove,Review,G03-A12,2026-06-25T17:55:00.641Z
G03,428,add,size_P,G03-A16,2026-06-25T17:58:53.873Z
G03,428,add,ART.16,G03-A16,2026-06-25T17:58:53.873Z
G03,428,add,DOCUMENTATION,G03-A16,2026-06-25T17:59:01.028Z
G03,428,add,Backlog,G03-A16,2026-06-25T17:59:08.448Z
G03,428,add,Doing,G03-A16,2026-06-25T18:05:47.055Z
G03,428,remove,Backlog,G03-A16,2026-06-25T18:05:47.055Z
G03,428,add,Waiting Review,G03-A16,2026-06-25T18:41:31.660Z
G03,428,remove,Doing,G03-A16,2026-06-25T18:41:31.660Z
G03,428,add,Review,G03-A15,2026-06-25T23:48:21.543Z
G03,428,remove,Waiting Review,G03-A15,2026-06-25T23:48:21.543Z
G03,428,remove,Review,G03-A15,2026-06-26T00:04:17.698Z
G03,429,add,DOCUMENTATION,G03-A16,2026-06-25T18:08:12.357Z
G03,429,add,ART.16,G03-A16,2026-06-25T18:08:12.357Z
G03,429,add,size_P,G03-A16,2026-06-25T18:08:18.764Z
G03,429,add,Backlog,G03-A16,2026-06-25T18:08:25.603Z
G03,429,add,Doing,G03-A16,2026-06-25T18:43:52.239Z
G03,429,remove,Backlog,G03-A16,2026-06-25T18:43:52.239Z
G03,429,add,Waiting Review,G03-A16,2026-06-25T19:27:17.459Z
G03,429,remove,Doing,G03-A16,2026-06-25T19:27:17.459Z
G03,429,add,Review,G03-A15,2026-06-25T23:48:19.564Z
G03,429,remove,Waiting Review,G03-A15,2026-06-25T23:48:19.564Z
G03,429,remove,Review,G03-A15,2026-06-26T00:04:15.341Z
G03,430,add,DOCUMENTATION,G03-A12,2026-06-25T18:09:08.080Z
G03,430,add,size_P,G03-A12,2026-06-25T18:09:08.080Z
G03,430,add,ART.11,G03-A12,2026-06-25T18:09:08.080Z
G03,430,add,Doing,G03-A12,2026-06-25T18:14:14.174Z
G03,430,add,Backlog,G03-A12,2026-06-25T18:14:15.909Z
G03,430,remove,Doing,G03-A12,2026-06-25T18:14:15.909Z
G03,430,add,Doing,G03-A12,2026-06-25T18:14:18.355Z
G03,430,remove,Backlog,G03-A12,2026-06-25T18:14:18.355Z
G03,430,remove,ART.11,G03-A12,2026-06-25T18:14:37.922Z
G03,430,add,ART.10,G03-A12,2026-06-25T18:15:12.404Z
G03,430,add,Waiting Review,G03-A12,2026-06-25T22:06:46.640Z
G03,430,remove,Doing,G03-A12,2026-06-25T22:06:46.640Z
G03,430,add,Review,G03-A15,2026-06-25T23:16:55.992Z
G03,430,remove,Waiting Review,G03-A15,2026-06-25T23:16:55.992Z
G03,430,remove,Review,G03-A15,2026-06-25T23:24:06.552Z
G03,431,add,DOCUMENTATION,G03-A16,2026-06-25T18:13:56.328Z
G03,431,add,size_P,G03-A16,2026-06-25T18:13:56.328Z
G03,431,add,ART.16,G03-A16,2026-06-25T18:13:56.328Z
G03,431,add,Backlog,G03-A16,2026-06-25T18:14:04.252Z
G03,431,add,Doing,G03-A16,2026-06-25T19:28:37.200Z
G03,431,remove,Backlog,G03-A16,2026-06-25T19:28:37.200Z
G03,431,add,Waiting Review,G03-A16,2026-06-25T20:02:46.148Z
G03,431,remove,Doing,G03-A16,2026-06-25T20:02:46.148Z
G03,431,add,Review,G03-A15,2026-06-25T23:48:17.927Z
G03,431,remove,Waiting Review,G03-A15,2026-06-25T23:48:17.927Z
G03,431,remove,Review,G03-A15,2026-06-26T00:04:12.965Z
G03,432,add,DOCUMENTATION,G03-A15,2026-06-25T18:15:46.615Z
G03,432,add,size_PP,G03-A15,2026-06-25T18:15:46.615Z
G03,432,add,Backlog,G03-A15,2026-06-25T18:19:24.809Z
G03,432,add,Doing,G03-A15,2026-06-25T18:19:27.602Z
G03,432,remove,Backlog,G03-A15,2026-06-25T18:19:27.602Z
G03,432,add,Waiting Review,G03-A15,2026-06-25T18:26:49.184Z
G03,432,remove,Doing,G03-A15,2026-06-25T18:26:49.184Z
G03,432,add,Review,G03-A18,2026-06-25T18:42:09.057Z
G03,432,remove,Waiting Review,G03-A18,2026-06-25T18:42:09.057Z
G03,432,remove,Review,G03-A18,2026-06-25T18:49:18.940Z
G03,433,add,DOCUMENTATION,G03-A14,2026-06-25T18:16:46.250Z
G03,433,add,ART.16,G03-A14,2026-06-25T18:16:46.250Z
G03,433,add,size_M,G03-A14,2026-06-25T18:16:53.370Z
G03,433,add,Backlog,G03-A14,2026-06-25T18:17:10.756Z
G03,433,add,Doing,G03-A14,2026-06-25T18:17:12.457Z
G03,433,remove,Backlog,G03-A14,2026-06-25T18:17:12.457Z
G03,433,add,Waiting Review,G03-A14,2026-06-25T19:47:58.261Z
G03,433,remove,Doing,G03-A14,2026-06-25T19:47:58.261Z
G03,433,add,Review,G03-A15,2026-06-25T21:04:57.096Z
G03,433,remove,Waiting Review,G03-A15,2026-06-25T21:04:57.096Z
G03,433,remove,Review,G03-A15,2026-06-25T21:22:01.474Z
G03,434,add,DOCUMENTATION,G03-A15,2026-06-25T18:41:47.051Z
G03,434,add,size_P,G03-A15,2026-06-25T18:41:47.051Z
G03,434,add,ART.15,G03-A15,2026-06-25T18:41:47.051Z
G03,434,add,Backlog,G03-A15,2026-06-25T18:42:00.173Z
G03,434,add,Doing,G03-A15,2026-06-25T18:45:53.937Z
G03,434,remove,Backlog,G03-A15,2026-06-25T18:45:53.937Z
G03,434,add,Waiting Review,G03-A15,2026-06-25T19:04:18.934Z
G03,434,remove,Doing,G03-A15,2026-06-25T19:04:18.934Z
G03,434,add,Review,G03-A13,2026-06-25T23:06:29.526Z
G03,434,remove,Waiting Review,G03-A13,2026-06-25T23:06:29.526Z
G03,434,remove,Review,G03-A13,2026-06-25T23:28:39.899Z
G03,435,add,DOCUMENTATION,G03-A19,2026-06-25T18:40:03.229Z
G03,435,add,size_P,G03-A19,2026-06-25T18:40:03.229Z
G03,435,add,ART.16,G03-A19,2026-06-25T18:40:03.229Z
G03,435,add,Backlog,G03-A19,2026-06-25T18:40:13.975Z
G03,435,add,Doing,G03-A19,2026-06-25T18:40:16.147Z
G03,435,remove,Backlog,G03-A19,2026-06-25T18:40:16.147Z
G03,435,add,Waiting Review,G03-A19,2026-06-25T21:13:40.767Z
G03,435,remove,Doing,G03-A19,2026-06-25T21:13:40.767Z
G03,435,add,Review,G03-A18,2026-06-25T21:14:20.772Z
G03,435,remove,Waiting Review,G03-A18,2026-06-25T21:14:20.772Z
G03,435,remove,Review,G03-A18,2026-06-25T21:28:22.711Z
G03,436,add,DOCUMENTATION,G03-A16,2026-06-25T20:11:23.388Z
G03,436,add,size_P,G03-A16,2026-06-25T20:11:23.388Z
G03,436,add,ART.3,G03-A16,2026-06-25T20:11:23.388Z
G03,436,add,Backlog,G03-A16,2026-06-25T20:12:09.880Z
G03,436,add,Doing,G03-A16,2026-06-25T20:20:14.290Z
G03,436,remove,Backlog,G03-A16,2026-06-25T20:20:14.290Z
G03,436,add,Waiting Review,G03-A16,2026-06-25T20:47:21.045Z
G03,436,remove,Doing,G03-A16,2026-06-25T20:47:21.045Z
G03,436,add,Review,G03-A18,2026-06-25T21:28:26.206Z
G03,436,remove,Waiting Review,G03-A18,2026-06-25T21:28:26.206Z
G03,436,remove,Review,G03-A18,2026-06-25T23:20:26.087Z
G03,437,add,CODE,G03-A14,2026-06-25T20:17:08.342Z
G03,437,add,size_P,G03-A14,2026-06-25T20:17:08.342Z
G03,437,add,Fix,G03-A14,2026-06-25T20:17:08.342Z
G03,437,add,ART.14,G03-A14,2026-06-25T20:17:08.342Z
G03,437,add,Backlog,G03-A14,2026-06-25T20:18:04.831Z
G03,437,add,Doing,G03-A14,2026-06-25T20:18:09.843Z
G03,437,remove,Backlog,G03-A14,2026-06-25T20:18:09.843Z
G03,437,add,Waiting Review,G03-A14,2026-06-25T20:29:05.280Z
G03,437,remove,Doing,G03-A14,2026-06-25T20:29:05.280Z
G03,437,add,Review,G03-A15,2026-06-25T20:53:15.898Z
G03,437,remove,Waiting Review,G03-A15,2026-06-25T20:53:15.898Z
G03,437,remove,Review,G03-A15,2026-06-25T21:03:15.810Z
G03,438,add,ART.16,G03-A18,2026-06-25T20:52:41.082Z
G03,438,add,size_M,G03-A18,2026-06-25T20:52:58.068Z
G03,438,add,DOCUMENTATION,G03-A18,2026-06-25T20:53:03.877Z
G03,438,add,Backlog,G03-A18,2026-06-25T20:54:43.353Z
G03,438,add,Doing,G03-A18,2026-06-25T20:54:47.728Z
G03,438,remove,Backlog,G03-A18,2026-06-25T20:54:47.728Z
G03,438,add,Waiting Review,G03-A18,2026-06-25T21:19:40.362Z
G03,438,remove,Doing,G03-A18,2026-06-25T21:19:40.362Z
G03,438,add,Review,G03-A16,2026-06-26T02:08:54.583Z
G03,438,remove,Waiting Review,G03-A16,2026-06-26T02:08:54.583Z
G03,438,remove,Review,G03-A16,2026-06-26T02:21:06.364Z
G03,439,add,DOCUMENTATION,G03-A19,2026-06-25T21:29:05.209Z
G03,439,add,size_P,G03-A19,2026-06-25T21:29:05.209Z
G03,439,add,ART.16,G03-A19,2026-06-25T21:29:05.209Z
G03,439,add,Backlog,G03-A19,2026-06-25T21:29:41.381Z
G03,439,add,Doing,G03-A19,2026-06-25T21:29:43.808Z
G03,439,remove,Backlog,G03-A19,2026-06-25T21:29:43.808Z
G03,439,add,Waiting Review,G03-A19,2026-06-25T23:39:24.130Z
G03,439,remove,Doing,G03-A19,2026-06-25T23:39:24.130Z
G03,439,add,Review,G03-A18,2026-06-26T00:07:02.370Z
G03,439,remove,Waiting Review,G03-A18,2026-06-26T00:07:02.370Z
G03,439,remove,Review,G03-A18,2026-06-26T00:17:38.302Z
G03,440,add,CODE,G03-A15,2026-06-25T21:32:57.101Z
G03,440,add,size_P,G03-A15,2026-06-25T21:32:57.101Z
G03,440,add,ART.14,G03-A15,2026-06-25T21:32:57.101Z
G03,440,add,Backlog,G03-A15,2026-06-25T21:33:07.140Z
G03,440,add,Doing,G03-A15,2026-06-25T21:44:03.851Z
G03,440,remove,Backlog,G03-A15,2026-06-25T21:44:03.851Z
G03,440,add,Waiting Review,G03-A15,2026-06-25T22:00:18.309Z
G03,440,remove,Doing,G03-A15,2026-06-25T22:00:18.309Z
G03,440,add,Review,G03-A13,2026-06-25T23:10:28.369Z
G03,440,remove,Waiting Review,G03-A13,2026-06-25T23:10:28.369Z
G03,440,remove,Review,G03-A13,2026-06-25T23:28:21.577Z
G03,440,add,Review,G03-A12,2026-06-26T00:52:10.041Z
G03,440,remove,Review,G03-A12,2026-06-26T02:06:43.364Z
G03,441,add,CODE,G03-A12,2026-06-25T22:15:34.782Z
G03,441,add,size_P,G03-A12,2026-06-25T22:15:34.782Z
G03,441,add,ART.14,G03-A12,2026-06-25T22:15:34.782Z
G03,441,add,Doing,G03-A12,2026-06-25T22:15:43.172Z
G03,441,add,Waiting Review,G03-A12,2026-06-25T22:33:49.215Z
G03,441,remove,Doing,G03-A12,2026-06-25T22:33:49.215Z
G03,441,add,Review,G03-A14,2026-06-25T23:30:20.056Z
G03,441,remove,Waiting Review,G03-A14,2026-06-25T23:30:20.056Z
G03,441,remove,Review,G03-A14,2026-06-25T23:30:21.723Z
G03,442,add,Backlog,G03-A12,2026-06-25T22:39:50.060Z
G03,442,add,CODE,G03-A12,2026-06-25T22:39:50.060Z
G03,442,add,size_PP,G03-A12,2026-06-25T22:39:50.060Z
G03,442,add,ART.14,G03-A12,2026-06-25T22:39:50.060Z
G03,442,remove,Backlog,G03-A12,2026-06-25T22:40:19.990Z
G03,442,add,Doing,G03-A12,2026-06-25T22:40:59.719Z
G03,442,add,Waiting Review,G03-A12,2026-06-25T23:22:28.228Z
G03,442,remove,Doing,G03-A12,2026-06-25T23:22:28.228Z
G03,442,add,Review,G03-A14,2026-06-25T23:26:58.406Z
G03,442,remove,Waiting Review,G03-A14,2026-06-25T23:26:58.406Z
G03,442,remove,Review,G03-A14,2026-06-25T23:27:01.593Z
G03,443,add,CODE,G03-A12,2026-06-25T23:19:53.310Z
G03,443,add,size_M,G03-A12,2026-06-25T23:19:53.310Z
G03,443,add,ART.11,G03-A12,2026-06-25T23:19:53.310Z
G03,443,add,Backlog,G03-A12,2026-06-25T23:23:02.476Z
G03,443,add,Doing,G03-A12,2026-06-25T23:23:04.242Z
G03,443,remove,Backlog,G03-A12,2026-06-25T23:23:04.242Z
G03,443,remove,ART.11,G03-A12,2026-06-25T23:23:09.752Z
G03,443,add,ART.14,G03-A12,2026-06-25T23:23:15.688Z
G03,443,add,Waiting Review,G03-A12,2026-06-25T23:31:18.055Z
G03,443,remove,Doing,G03-A12,2026-06-25T23:31:18.055Z
G03,443,add,Doing,G03-A12,2026-06-25T23:31:26.177Z
G03,443,remove,Waiting Review,G03-A12,2026-06-25T23:31:26.177Z
G03,443,add,Waiting Review,G03-A12,2026-06-26T00:33:07.954Z
G03,443,remove,Doing,G03-A12,2026-06-26T00:33:07.954Z
G03,443,add,Review,G03-A15,2026-06-26T00:50:40.261Z
G03,443,remove,Waiting Review,G03-A15,2026-06-26T00:50:40.261Z
G03,443,remove,Review,G03-A15,2026-06-26T00:58:21.848Z
G03,444,add,DOCUMENTATION,G03-A12,2026-06-25T23:28:42.189Z
G03,444,add,size_PP,G03-A12,2026-06-25T23:28:42.189Z
G03,444,add,Doing,G03-A12,2026-06-25T23:31:40.178Z
G03,444,add,Waiting Review,G03-A12,2026-06-25T23:33:23.580Z
G03,444,remove,Doing,G03-A12,2026-06-25T23:33:23.580Z
G03,444,add,Review,G03-A15,2026-06-25T23:39:34.139Z
G03,444,remove,Waiting Review,G03-A15,2026-06-25T23:39:34.139Z
G03,444,remove,Review,G03-A15,2026-06-25T23:45:14.021Z
G03,445,add,DOCUMENTATION,G03-A18,2026-06-25T23:39:50.424Z
G03,445,add,size_M,G03-A18,2026-06-25T23:39:50.424Z
G03,445,add,ART.16,G03-A18,2026-06-25T23:39:50.424Z
G03,445,add,Backlog,G03-A18,2026-06-25T23:40:38.128Z
G03,445,add,Doing,G03-A18,2026-06-25T23:44:50.003Z
G03,445,remove,Backlog,G03-A18,2026-06-25T23:44:50.003Z
G03,445,add,Waiting Review,G03-A18,2026-06-26T00:06:49.223Z
G03,445,remove,Doing,G03-A18,2026-06-26T00:06:49.223Z
G03,445,add,Review,G03-A19,2026-06-26T00:08:24.674Z
G03,445,remove,Waiting Review,G03-A19,2026-06-26T00:08:24.674Z
G03,445,remove,Review,G03-A19,2026-06-26T00:55:11.071Z
G03,446,add,DOCUMENTATION,G03-A19,2026-06-26T00:07:13.330Z
G03,446,add,size_P,G03-A19,2026-06-26T00:07:13.330Z
G03,446,add,ART.16,G03-A19,2026-06-26T00:07:13.330Z
G03,446,add,Backlog,G03-A19,2026-06-26T00:07:20.075Z
G03,446,add,Doing,G03-A19,2026-06-26T00:07:21.779Z
G03,446,remove,Backlog,G03-A19,2026-06-26T00:07:21.779Z
G03,446,add,Waiting Review,G03-A19,2026-06-26T00:54:49.789Z
G03,446,remove,Doing,G03-A19,2026-06-26T00:54:49.789Z
G03,446,add,ART.12,G03-A19,2026-06-26T00:54:57.550Z
G03,446,add,Review,G03-A16,2026-06-26T01:23:21.298Z
G03,446,remove,Waiting Review,G03-A16,2026-06-26T01:23:21.298Z
G03,446,remove,Review,G03-A16,2026-06-26T01:34:16.187Z
G03,447,add,DOCUMENTATION,G03-A18,2026-06-26T00:15:26.839Z
G03,447,add,size_M,G03-A18,2026-06-26T00:15:26.839Z
G03,447,add,ART.16,G03-A18,2026-06-26T00:15:26.839Z
G03,447,add,Backlog,G03-A18,2026-06-26T00:17:22.102Z
G03,447,add,Doing,G03-A18,2026-06-26T00:35:22.685Z
G03,447,remove,Backlog,G03-A18,2026-06-26T00:35:22.685Z
G03,447,add,Waiting Review,G03-A18,2026-06-26T01:37:51.426Z
G03,447,remove,Doing,G03-A18,2026-06-26T01:37:51.426Z
G03,447,add,Review,G03-A16,2026-06-26T02:08:20.706Z
G03,447,remove,Waiting Review,G03-A16,2026-06-26T02:08:20.706Z
G03,447,remove,Review,G03-A16,2026-06-26T02:21:04.403Z
G03,448,add,Review,G03-A14,2026-06-26T00:21:11.216Z
G03,448,add,DOCUMENTATION,G03-A14,2026-06-26T00:21:11.216Z
G03,448,add,size_M,G03-A14,2026-06-26T00:21:11.216Z
G03,448,add,Waiting Review,G03-A12,2026-06-26T02:07:56.884Z
G03,448,remove,Review,G03-A12,2026-06-26T02:07:56.884Z
G03,448,add,Review,G03-A12,2026-06-26T02:07:58.469Z
G03,448,remove,Waiting Review,G03-A12,2026-06-26T02:07:58.469Z
G03,448,remove,Review,G03-A12,2026-06-26T12:07:23.878Z
G03,449,add,DOCUMENTATION,G03-A15,2026-06-26T00:24:46.374Z
G03,449,add,size_P,G03-A15,2026-06-26T00:24:46.374Z
G03,449,add,ART.16,G03-A15,2026-06-26T00:24:46.374Z
G03,449,add,Backlog,G03-A15,2026-06-26T00:24:56.786Z
G03,449,add,Doing,G03-A15,2026-06-26T00:40:55.479Z
G03,449,remove,Backlog,G03-A15,2026-06-26T00:40:55.479Z
G03,449,remove,size_P,G03-A15,2026-06-26T00:41:01.535Z
G03,449,add,size_PP,G03-A15,2026-06-26T00:41:06.325Z
G03,449,add,Waiting Review,G03-A15,2026-06-26T00:44:39.697Z
G03,449,remove,Doing,G03-A15,2026-06-26T00:44:39.697Z
G03,449,add,Review,G03-A18,2026-06-26T02:38:04.437Z
G03,449,remove,Waiting Review,G03-A18,2026-06-26T02:38:04.437Z
G03,449,remove,Review,G03-A18,2026-06-26T03:06:46.726Z
G03,450,add,Review,G03-A14,2026-06-26T00:28:29.733Z
G03,450,add,DOCUMENTATION,G03-A14,2026-06-26T00:28:29.733Z
G03,450,add,size_M,G03-A14,2026-06-26T00:28:29.733Z
G03,450,add,Backlog,G03-A14,2026-06-26T00:28:35.534Z
G03,450,add,Doing,G03-A14,2026-06-26T00:28:37.278Z
G03,450,remove,Backlog,G03-A14,2026-06-26T00:28:37.278Z
G03,450,add,Waiting Review,G03-A14,2026-06-26T01:02:23.611Z
G03,450,remove,Doing,G03-A14,2026-06-26T01:02:23.611Z
G03,450,remove,Review,G03-A14,2026-06-26T02:00:01.404Z
G03,450,add,Review,G03-A15,2026-06-26T02:49:02.534Z
G03,450,remove,Waiting Review,G03-A15,2026-06-26T02:49:02.534Z
G03,450,remove,Review,G03-A15,2026-06-26T03:03:12.869Z
G03,451,add,size_PP,G03-A15,2026-06-26T00:59:24.824Z
G03,451,add,Fix,G03-A15,2026-06-26T00:59:24.824Z
G03,451,add,ART.14,G03-A15,2026-06-26T00:59:24.824Z
G03,451,add,Backlog,G03-A15,2026-06-26T00:59:59.573Z
G03,451,add,Doing,G03-A15,2026-06-26T01:09:47.891Z
G03,451,remove,Backlog,G03-A15,2026-06-26T01:09:47.891Z
G03,451,add,Waiting Review,G03-A15,2026-06-26T01:13:49.937Z
G03,451,remove,Doing,G03-A15,2026-06-26T01:13:49.937Z
G03,451,add,Review,G03-A18,2026-06-26T02:40:28.610Z
G03,451,remove,Waiting Review,G03-A18,2026-06-26T02:40:28.610Z
G03,451,remove,Review,G03-A18,2026-06-26T03:06:45.156Z
G03,452,add,DOCUMENTATION,G03-A16,2026-06-26T01:09:15.897Z
G03,452,add,size_P,G03-A16,2026-06-26T01:09:15.897Z
G03,452,add,Fix,G03-A16,2026-06-26T01:09:15.897Z
G03,452,add,ART.16,G03-A16,2026-06-26T01:09:15.897Z
G03,452,add,Backlog,G03-A16,2026-06-26T01:09:24.479Z
G03,452,add,Doing,G03-A16,2026-06-26T01:09:26.588Z
G03,452,remove,Backlog,G03-A16,2026-06-26T01:09:26.588Z
G03,452,add,Waiting Review,G03-A16,2026-06-26T01:15:23.969Z
G03,452,remove,Doing,G03-A16,2026-06-26T01:15:23.969Z
G03,452,add,Review,G03-A15,2026-06-26T01:18:55.639Z
G03,452,remove,Waiting Review,G03-A15,2026-06-26T01:18:55.639Z
G03,452,remove,Review,G03-A15,2026-06-26T01:27:43.696Z
G03,453,add,DOCUMENTATION,G03-A16,2026-06-26T01:36:38.779Z
G03,453,add,size_P,G03-A16,2026-06-26T01:36:38.779Z
G03,453,add,ART.16,G03-A16,2026-06-26T01:36:38.779Z
G03,453,add,Backlog,G03-A16,2026-06-26T01:36:44.648Z
G03,453,add,Doing,G03-A16,2026-06-26T01:38:21.335Z
G03,453,remove,Backlog,G03-A16,2026-06-26T01:38:21.335Z
G03,453,add,Waiting Review,G03-A16,2026-06-26T02:24:33.060Z
G03,453,remove,Doing,G03-A16,2026-06-26T02:24:33.060Z
G03,453,add,Review,G03-A12,2026-06-26T12:07:21.321Z
G03,453,remove,Waiting Review,G03-A12,2026-06-26T12:07:21.321Z
G03,453,remove,Review,G03-A12,2026-06-26T12:10:43.955Z
G03,454,add,DOCUMENTATION,G03-A15,2026-06-26T01:57:26.401Z
G03,454,add,size_P,G03-A15,2026-06-26T01:57:26.401Z
G03,454,add,ART.16,G03-A15,2026-06-26T01:57:26.401Z
G03,454,add,Backlog,G03-A15,2026-06-26T01:57:33.107Z
G03,454,add,Doing,G03-A15,2026-06-26T01:58:03.480Z
G03,454,remove,Backlog,G03-A15,2026-06-26T01:58:03.480Z
G03,454,add,Waiting Review,G03-A15,2026-06-26T02:28:30.890Z
G03,454,remove,Doing,G03-A15,2026-06-26T02:28:30.890Z
G03,454,add,Review,G03-A18,2026-06-26T02:38:12.300Z
G03,454,remove,Waiting Review,G03-A18,2026-06-26T02:38:12.300Z
G03,454,remove,Review,G03-A18,2026-06-26T03:06:43.510Z
G03,455,add,CODE,G03-A12,2026-06-26T19:55:58.565Z
G03,455,add,size_G,G03-A12,2026-06-26T19:55:58.565Z
G03,455,add,ART.11,G03-A12,2026-06-26T19:55:58.565Z
G03,455,add,Backlog,G03-A12,2026-06-26T19:56:17.939Z
G03,455,remove,ART.11,G03-A12,2026-06-26T19:56:42.328Z
G03,455,add,ART.14,G03-A12,2026-06-26T19:56:50.314Z
G03,455,add,Doing,G03-A12,2026-06-26T19:57:00.458Z
G03,455,remove,Backlog,G03-A12,2026-06-26T19:57:00.458Z
G03,455,add,Waiting Review,G03-A12,2026-06-26T20:23:54.781Z
G03,455,remove,Doing,G03-A12,2026-06-26T20:23:54.781Z
G03,455,add,Review,G03-A12,2026-06-26T20:27:42.797Z
G03,455,remove,Waiting Review,G03-A12,2026-06-26T20:27:42.797Z
G03,455,add,Waiting Review,G03-A12,2026-06-26T20:27:44.116Z
G03,455,remove,Review,G03-A12,2026-06-26T20:27:44.116Z
G03,455,add,Review,G03-A18,2026-06-26T20:43:50.260Z
G03,455,remove,Waiting Review,G03-A18,2026-06-26T20:43:50.260Z
G03,455,remove,Review,G03-A18,2026-06-26T21:47:39.074Z
